バージョン,タイトル,ジャンル,アーティスト,プレー回数,BEGINNER 難易度,BEGINNER スコア,BEGINNER PGreat,BEGINNER Great,BEGINNER ミスカウント,BEGINNER クリアタイプ,BEGINNER DJ LEVEL,NORMAL 難易度,NORMAL スコア,NORMAL PGreat,NORMAL Great,NORMAL ミスカウント,NORMAL クリアタイプ,NORMAL DJ LEVEL,HYPER 難易度,HYPER スコア,HYPER PGreat,HYPER Great,HYPER ミスカウント,HYPER クリアタイプ,HYPER DJ LEVEL,ANOTHER 難易度,ANOTHER スコア,ANOTHER PGreat,ANOTHER Great,ANOTHER ミスカウント,ANOTHER クリアタイプ,ANOTHER DJ LEVEL,LEGGENDARIA 難易度,LEGGENDARIA スコア,LEGGENDARIA PGreat,LEGGENDARIA Great,LEGGENDARIA ミスカウント,LEGGENDARIA クリアタイプ,LEGGENDARIA DJ LEVEL,最終プレー日時
1st&substream,22DUNK,TECHNO,SLAKE,0,0,0,0,0,---,NO PLAY,---,3,0,0,0,---,NO PLAY,---,4,0,0,0,---,NO PLAY,---,5,0,0,0,---,FULLCOMBO CLEAR,---,0,0,0,0,---,NO PLAY,---,2025-09-17 20:38
1st&substream,5.1.1.,PIANO AMBIENT,dj nagureo,3,0,0,0,0,---,NO PLAY,---,2,0,0,0,---,FULLCOMBO CLEAR,---,6,0,0,0,---,NO PLAY,---,10,1498,712,74,1,FULLCOMBO CLEAR,AAA,0,0,0,0,---,NO PLAY,---,2026-03-23 12:39
1st&substream,deep in you,DANCE POP,dj nagureo,0,0,0,0,0,---,NO PLAY,---,4,0,0,0,---,NO PLAY,---,4,0,0,0,---,NO PLAY,---,5,0,0,0,---,FULLCOMBO CLEAR,---,0,0,0,0,---,NO PLAY,---,2025-09-17 20:38
1st&substream,Dr.LOVE,DANCE POP,baby weapon  feat.Asuka.M,1,0,0,0,0,---,NO PLAY,---,2,0,0,0,---,NO PLAY,---,3,0,0,0,---,NO PLAY,---,4,525,238,49,1,FULLCOMBO CLEAR,AAA,0,0,0,0,---,NO PLAY,---,2026-02-26 12:14
1st&substream,GAMBOL,BIG BEAT,SLAKE,1,0,0,0,0,---,NO PLAY,---,2,0,0,0,---,NO PLAY,---,2,248,123,2,0,FULLCOMBO CLEAR,AAA,0,0,0,0,---,NO PLAY,---,0,0,0,0,---,NO PLAY,---,2026-02-26 12:16
1st&substream,GENOM SCREAMS,TRANCE,L.E.D. LIGHT,0,0,0,0,0,---,NO PLAY,---,3,0,0,0,---,NO PLAY,---,6,0,0,0,---,NO PLAY,---,9,0,0,0,---,FULLCOMBO CLEAR,---,0,0,0,0,---,NO PLAY,---,2025-09-17 20:38
1st&substream,gentle stress,DRUM'N'BASS,DJ Swan,0,0,0,0,0,---,NO PLAY,---,2,0,0,0,---,NO PLAY,---,4,0,0,0,---,NO PLAY,---,9,0,0,0,---,FULLCOMBO CLEAR,---,0,0,0,0,---,NO PLAY,---,2025-09-17 20:38
1st&substream,GRADIUSIC CYBER,DIGI-ROCK,TAKA,0,0,0,0,0,---,NO PLAY,---,5,0,0,0,---,NO PLAY,---,6,0,0,0,---,FULLCOMBO CLEAR,---,7,0,0,0,---,FULLCOMBO CLEAR,---,0,0,0,0,---,NO PLAY,---,2025-09-17 20:38
1st&substream,KEEP ON MOVIN',DANCE POP,N.M.R.,0,0,0,0,0,---,NO PLAY,---,2,0,0,0,---,NO PLAY,---,3,0,0,0,---,FULLCOMBO CLEAR,---,0,0,0,0,---,NO PLAY,---,0,0,0,0,---,NO PLAY,---,2025-09-17 20:38
1st&substream,Macho Gang,TRIBAL HOUSE,ANAL SPYDER,11,0,0,0,0,---,NO PLAY,---,2,0,0,0,---,NO PLAY,---,7,0,0,0,---,NO PLAY,---,10,1466,659,148,0,FULLCOMBO CLEAR,AA,0,0,0,0,---,NO PLAY,---,2026-07-03 20:01
1st&substream,PARANOIA MAX～DIRTY MIX～,JUNGLE,190,0,0,0,0,0,---,NO PLAY,---,5,0,0,0,---,NO PLAY,---,6,0,0,0,---,FULLCOMBO CLEAR,---,8,0,0,0,---,FULLCOMBO CLEAR,---,0,0,0,0,---,NO PLAY,---,2025-09-17 20:38
1st&substream,R3,RAVE,tiger YAMATO,2,0,0,0,0,---,NO PLAY,---,4,0,0,0,---,NO PLAY,---,5,0,0,0,---,NO PLAY,---,6,843,393,57,1,FULLCOMBO CLEAR,AAA,0,0,0,0,---,NO PLAY,---,2026-02-19 13:18
1st&substream,RUGGED ASH,FUTURE JAZZ,SYMPHONIC DEFOGGERS,4,0,0,0,0,---,NO PLAY,---,3,0,0,0,---,NO PLAY,---,3,0,0,0,---,NO PLAY,---,9,0,0,0,---,FULLCOMBO CLEAR,---,11,1881,853,175,1,FULLCOMBO CLEAR,AAA,2026-06-10 15:15
1st&substream,THE EARTH LIGHT,TRANCE,L.E.D. LIGHT,1,0,0,0,0,---,NO PLAY,---,4,0,0,0,---,NO PLAY,---,7,0,0,0,---,NO PLAY,---,8,1085,505,75,0,FULLCOMBO CLEAR,AAA,0,0,0,0,---,NO PLAY,---,2025-10-25 13:22
2nd style,.59,CHILL OUT,dj TAKA,0,0,0,0,0,---,NO PLAY,---,4,0,0,0,---,NO PLAY,---,6,0,0,0,---,NO PLAY,---,7,0,0,0,---,FULLCOMBO CLEAR,---,0,0,0,0,---,NO PLAY,---,2025-09-17 20:38
2nd style,Digital MinD(A/T Libra mix),MINIMAL,TaQ,0,0,0,0,0,---,NO PLAY,---,4,0,0,0,---,NO PLAY,---,5,0,0,0,---,NO PLAY,---,6,0,0,0,---,FULLCOMBO CLEAR,---,0,0,0,0,---,NO PLAY,---,2025-09-17 20:38
2nd style,Electro Tuned(the SubS mix),BIG BEAT,TaQ,0,0,0,0,0,---,NO PLAY,---,4,0,0,0,---,NO PLAY,---,5,0,0,0,---,NO PLAY,---,6,0,0,0,---,FULLCOMBO CLEAR,---,0,0,0,0,---,NO PLAY,---,2025-09-17 20:38
2nd style,I Was The One,ITALO HOUSE,good-cool,0,0,0,0,0,---,NO PLAY,---,3,0,0,0,---,NO PLAY,---,3,0,0,0,---,NO PLAY,---,4,0,0,0,---,FULLCOMBO CLEAR,---,0,0,0,0,---,NO PLAY,---,2025-09-17 20:38
2nd style,Indigo Vision(full flavour hide around mix),GOA TRANCE,TaQ,1,0,0,0,0,---,NO PLAY,---,3,0,0,0,---,NO PLAY,---,5,0,0,0,---,NO PLAY,---,8,1119,507,105,3,FULLCOMBO CLEAR,AAA,0,0,0,0,---,NO PLAY,---,2025-11-22 12:59
2nd style,PUT YOUR FAITH IN ME(for beatmania II),JAZZ FUNK,dj TAKA feat. UZI-LAY,0,0,0,0,0,---,NO PLAY,---,3,0,0,0,---,NO PLAY,---,6,0,0,0,---,FULLCOMBO CLEAR,---,0,0,0,0,---,NO PLAY,---,0,0,0,0,---,NO PLAY,---,2025-09-17 20:38
2nd style,SP-TRIP MACHINE(for beatmania II),JUNGLE,dj TAKA feat. DE-SIRE,0,0,0,0,0,---,NO PLAY,---,3,0,0,0,---,NO PLAY,---,4,0,0,0,---,NO PLAY,---,4,0,0,0,---,FULLCOMBO CLEAR,---,0,0,0,0,---,NO PLAY,---,2025-09-17 20:38
3rd style,CAN'T STOP FALLIN'IN LOVE,HYPER EUROBEAT,NAOKI,0,0,0,0,0,---,NO PLAY,---,4,0,0,0,---,NO PLAY,---,8,0,0,0,---,FULLCOMBO CLEAR,---,0,0,0,0,---,NO PLAY,---,0,0,0,0,---,NO PLAY,---,2025-09-17 20:38
3rd style,Don't Stop!,HAPPY HANDBAG,dj TAKA feat. JP Miles,0,0,0,0,0,---,NO PLAY,---,4,0,0,0,---,NO PLAY,---,4,0,0,0,---,NO PLAY,---,4,0,0,0,---,FULLCOMBO CLEAR,---,0,0,0,0,---,NO PLAY,---,2025-09-17 20:38
3rd style,era (nostalmix),DRUM'N'BASS,TaQ,2,0,0,0,0,---,NO PLAY,---,5,0,0,0,---,NO PLAY,---,8,0,0,0,---,FULLCOMBO CLEAR,---,9,1409,631,147,4,FULLCOMBO CLEAR,AAA,0,0,0,0,---,NO PLAY,---,2025-09-27 12:35
3rd style,Holic,HARD TECHNO,TaQ,2,0,0,0,0,---,NO PLAY,---,5,0,0,0,---,NO PLAY,---,7,0,0,0,---,NO PLAY,---,11,1575,698,179,1,FULLCOMBO CLEAR,AAA,0,0,0,0,---,NO PLAY,---,2026-03-04 17:27
3rd style,LEADING CYBER,DIGI-ROCK,dj TAKA,0,0,0,0,0,---,NO PLAY,---,4,0,0,0,---,NO PLAY,---,6,0,0,0,---,NO PLAY,---,7,0,0,0,---,FULLCOMBO CLEAR,---,0,0,0,0,---,NO PLAY,---,2025-09-17 20:38
3rd style,Presto,PIANO AMBIENT,Osamu Kubota,0,0,0,0,0,---,NO PLAY,---,3,0,0,0,---,NO PLAY,---,8,0,0,0,---,NO PLAY,---,8,0,0,0,---,FULLCOMBO CLEAR,---,0,0,0,0,---,NO PLAY,---,2025-09-17 20:38
3rd style,R5,RAVE,tigerYAMATO with ultrabeatbox,4,0,0,0,0,---,NO PLAY,---,5,0,0,0,---,NO PLAY,---,8,0,0,0,---,FULLCOMBO CLEAR,---,11,1707,831,45,6,FULLCOMBO CLEAR,AAA,0,0,0,0,---,NO PLAY,---,2026-02-13 14:48
3rd style,REINCARNATION,TRANCE,dj TAKA,0,0,0,0,0,---,NO PLAY,---,4,0,0,0,---,NO PLAY,---,5,0,0,0,---,NO PLAY,---,7,0,0,0,---,FULLCOMBO CLEAR,---,0,0,0,0,---,NO PLAY,---,2025-09-17 20:38
3rd style,Schlagwerk,BIG BEAT,TaQ,0,0,0,0,0,---,NO PLAY,---,4,0,0,0,---,NO PLAY,---,6,0,0,0,---,FULLCOMBO CLEAR,---,8,0,0,0,---,FULLCOMBO CLEAR,---,0,0,0,0,---,NO PLAY,---,2025-09-17 20:38
3rd style,Skyscraper,EPIC HOUSE,good-cool,0,0,0,0,0,---,NO PLAY,---,4,0,0,0,---,NO PLAY,---,6,0,0,0,---,NO PLAY,---,7,0,0,0,---,FULLCOMBO CLEAR,---,0,0,0,0,---,NO PLAY,---,2025-09-17 20:38
3rd style,Tangerine Stream,AMBIENT,dj TAKA,0,0,0,0,0,---,NO PLAY,---,2,0,0,0,---,NO PLAY,---,3,0,0,0,---,FULLCOMBO CLEAR,---,0,0,0,0,---,NO PLAY,---,0,0,0,0,---,NO PLAY,---,2025-09-17 20:38
3rd style,THE SAFARI,WORLD HOUSE,Lion Musashi,0,2,0,0,0,---,NO PLAY,---,7,0,0,0,---,NO PLAY,---,10,0,0,0,---,FULLCOMBO CLEAR,---,0,0,0,0,---,NO PLAY,---,0,0,0,0,---,NO PLAY,---,2025-09-17 20:38
4th style,250bpm,GABBA,AKIRA YAMAOKA,0,0,0,0,0,---,NO PLAY,---,5,0,0,0,---,NO PLAY,---,8,0,0,0,---,NO PLAY,---,10,0,0,0,---,FULLCOMBO CLEAR,---,0,0,0,0,---,NO PLAY,---,2025-09-17 20:38
4th style,ABSOLUTE,EPIC TRANCE,dj TAKA,2,0,0,0,0,---,NO PLAY,---,6,0,0,0,---,NO PLAY,---,8,0,0,0,---,NO PLAY,---,10,2152,967,218,2,FULLCOMBO CLEAR,AA,11,2541,1168,205,3,EX HARD CLEAR,AAA,2026-07-16 19:04
4th style,B4U,SPEED RAVE,NAOKI,2,0,0,0,0,---,NO PLAY,---,5,0,0,0,---,NO PLAY,---,9,0,0,0,---,NO PLAY,---,10,1862,856,150,0,FULLCOMBO CLEAR,AAA,0,0,0,0,---,NO PLAY,---,2025-12-25 13:40
4th style,Broken My Heart,HYPER EUROBEAT,NAOKI feat.PAULA TERRY,0,0,0,0,0,---,NO PLAY,---,5,0,0,0,---,NO PLAY,---,7,0,0,0,---,NO PLAY,---,9,0,0,0,---,FULLCOMBO CLEAR,---,0,0,0,0,---,NO PLAY,---,2025-09-17 20:38
4th style,Burnin' The Floor,EURO GROOVE,NAOKI,0,0,0,0,0,---,NO PLAY,---,4,0,0,0,---,NO PLAY,---,4,0,0,0,---,NO PLAY,---,7,0,0,0,---,FULLCOMBO CLEAR,---,0,0,0,0,---,NO PLAY,---,2025-09-17 20:38
4th style,CHECKING YOU OUT,HIP HOP,good-cool feat. JP Miles,6,0,0,0,0,---,NO PLAY,---,7,0,0,0,---,NO PLAY,---,9,0,0,0,---,NO PLAY,---,11,1248,557,134,3,EX HARD CLEAR,AAA,0,0,0,0,---,NO PLAY,---,2026-06-10 15:59
4th style,Clione,DUTCH TRANCE,kors k,3,0,0,0,0,---,NO PLAY,---,4,0,0,0,---,NO PLAY,---,5,0,0,0,---,NO PLAY,---,9,1530,721,88,0,FULLCOMBO CLEAR,AAA,11,2027,937,153,1,FULLCOMBO CLEAR,AAA,2026-06-04 13:47
4th style,DXY!,TECHNO,TaQ,3,0,0,0,0,---,NO PLAY,---,6,0,0,0,---,NO PLAY,---,9,0,0,0,---,NO PLAY,---,10,2040,893,254,5,EX HARD CLEAR,AA,0,0,0,0,---,NO PLAY,---,2025-12-18 14:48
4th style,empathy,DRUM'N'BASS,TaQ,0,0,0,0,0,---,NO PLAY,---,5,0,0,0,---,FULLCOMBO CLEAR,---,7,0,0,0,---,NO PLAY,---,8,0,0,0,---,FULLCOMBO CLEAR,---,0,0,0,0,---,NO PLAY,---,2025-09-17 20:38
4th style,era (step mix),DRUM'N'BASS,TaQ,1,0,0,0,0,---,NO PLAY,---,5,0,0,0,---,NO PLAY,---,8,0,0,0,---,NO PLAY,---,9,1605,747,111,16,FULLCOMBO CLEAR,AAA,0,0,0,0,---,NO PLAY,---,2025-11-15 14:18
4th style,FLOWERS for ALBION,AMBIENT,dj TAKA,0,0,0,0,0,---,NO PLAY,---,2,0,0,0,---,NO PLAY,---,5,0,0,0,---,FULLCOMBO CLEAR,---,0,0,0,0,---,NO PLAY,---,0,0,0,0,---,NO PLAY,---,2025-09-17 20:38
4th style,HIGHER,DANCE POP,NM feat. Sunny,0,0,0,0,0,---,NO PLAY,---,3,0,0,0,---,NO PLAY,---,4,0,0,0,---,NO PLAY,---,6,0,0,0,---,FULLCOMBO CLEAR,---,0,0,0,0,---,NO PLAY,---,2025-09-17 20:38
4th style,Hitch Hiker2,WARP HOUSE,good-cool,0,0,0,0,0,---,NO PLAY,---,4,0,0,0,---,NO PLAY,---,6,0,0,0,---,NO PLAY,---,7,0,0,0,---,FULLCOMBO CLEAR,---,9,0,0,0,---,FULLCOMBO CLEAR,---,2025-09-17 20:38
4th style,Jam&Marmalade,WARP HOUSE,FinalOffset,0,0,0,0,0,---,NO PLAY,---,6,0,0,0,---,NO PLAY,---,7,0,0,0,---,NO PLAY,---,8,0,0,0,---,FULLCOMBO CLEAR,---,0,0,0,0,---,NO PLAY,---,2025-09-17 20:38
4th style,KAMIKAZE,TECHNO,dj nagureo,1,0,0,0,0,---,NO PLAY,---,5,0,0,0,---,NO PLAY,---,6,0,0,0,---,NO PLAY,---,10,2120,966,188,4,FULLCOMBO CLEAR,AAA,0,0,0,0,---,NO PLAY,---,2026-03-10 15:06
4th style,LOVE WILL・・・,TRANCE,riewo,0,0,0,0,0,---,NO PLAY,---,4,0,0,0,---,NO PLAY,---,4,0,0,0,---,NO PLAY,---,7,0,0,0,---,FULLCOMBO CLEAR,---,0,0,0,0,---,NO PLAY,---,2025-09-17 20:38
4th style,minimalian,MINIMAL,DETROIAN,0,0,0,0,0,---,NO PLAY,---,3,0,0,0,---,NO PLAY,---,8,0,0,0,---,NO PLAY,---,9,0,0,0,---,FULLCOMBO CLEAR,---,0,0,0,0,---,NO PLAY,---,2025-09-17 20:38
4th style,Mr.T.(take me higher),DANCE POP,Risky Men  feat.Asuka-M,0,0,0,0,0,---,NO PLAY,---,4,0,0,0,---,NO PLAY,---,5,0,0,0,---,NO PLAY,---,10,0,0,0,---,FULLCOMBO CLEAR,---,0,0,0,0,---,NO PLAY,---,2025-09-17 20:38
4th style,starmine,HAPPY HARDCORE,Ryu☆,2,2,0,0,0,---,NO PLAY,---,5,0,0,0,---,NO PLAY,---,8,0,0,0,---,NO PLAY,---,9,1506,708,90,0,FULLCOMBO CLEAR,AAA,0,0,0,0,---,NO PLAY,---,2026-06-04 13:38
4th style,SWEET LAB,LOUNGE HOUSE,DJ SIMON,14,0,0,0,0,---,NO PLAY,---,3,0,0,0,---,NO PLAY,---,6,0,0,0,---,NO PLAY,---,10,1251,571,109,2,FULLCOMBO CLEAR,AAA,0,0,0,0,---,NO PLAY,---,2026-06-11 15:12
4th style,Voltage (feat. Hidemaru),BIG BEAT,TaQ,1,0,0,0,0,---,NO PLAY,---,5,0,0,0,---,NO PLAY,---,7,0,0,0,---,NO PLAY,---,8,1229,572,85,9,FULLCOMBO CLEAR,AAA,0,0,0,0,---,NO PLAY,---,2025-12-25 18:09
5th style,Abyss,INTELLIGENCE,dj TAKA,0,0,0,0,0,---,NO PLAY,---,5,0,0,0,---,NO PLAY,---,7,0,0,0,---,NO PLAY,---,8,0,0,0,---,FULLCOMBO CLEAR,---,0,0,0,0,---,NO PLAY,---,2025-09-17 20:38
5th style,in my eyes,TRANCE,ric,0,0,0,0,0,---,NO PLAY,---,5,0,0,0,---,NO PLAY,---,6,0,0,0,---,NO PLAY,---,7,0,0,0,---,FULLCOMBO CLEAR,---,0,0,0,0,---,NO PLAY,---,2025-09-17 20:38
5th style,LOVE AGAIN TONIGHT～for Mellisa mix～,HYPER EUROBEAT,NAOKI feat.PAULA TERRY,0,0,0,0,0,---,NO PLAY,---,4,0,0,0,---,NO PLAY,---,5,0,0,0,---,NO PLAY,---,6,0,0,0,---,FULLCOMBO CLEAR,---,0,0,0,0,---,NO PLAY,---,2025-09-17 20:38
5th style,outer wall,TECHNO,sampling masters MEGA,0,0,0,0,0,---,NO PLAY,---,5,0,0,0,---,NO PLAY,---,6,0,0,0,---,NO PLAY,---,8,0,0,0,---,FULLCOMBO CLEAR,---,0,0,0,0,---,NO PLAY,---,2025-09-17 20:38
5th style,QQQ,TECHNO,TaQ,2,0,0,0,0,---,NO PLAY,---,5,0,0,0,---,NO PLAY,---,8,0,0,0,---,NO PLAY,---,10,2003,914,175,0,FULLCOMBO CLEAR,AAA,0,0,0,0,---,NO PLAY,---,2025-12-24 13:09
5th style,Radical Faith,BIG BEAT,TaQ,0,0,0,0,0,---,NO PLAY,---,5,0,0,0,---,NO PLAY,---,6,0,0,0,---,FULLCOMBO CLEAR,---,7,0,0,0,---,FULLCOMBO CLEAR,---,0,0,0,0,---,NO PLAY,---,2025-09-17 20:38
5th style,Real,DRUM'N'BASS,Aya,0,0,0,0,0,---,NO PLAY,---,5,0,0,0,---,NO PLAY,---,8,0,0,0,---,NO PLAY,---,9,0,0,0,---,FULLCOMBO CLEAR,---,0,0,0,0,---,NO PLAY,---,2025-09-17 20:38
5th style,Regulus,INSTRUMENTAL,DJ.W,1,0,0,0,0,---,NO PLAY,---,6,0,0,0,---,NO PLAY,---,9,0,0,0,---,NO PLAY,---,10,1499,657,185,1,FULLCOMBO CLEAR,AA,0,0,0,0,---,NO PLAY,---,2025-10-12 12:47
5th style,RIDE ON THE LIGHT (HI GREAT MIX),POWER FUSION,Mr.T,8,0,0,0,0,---,NO PLAY,---,4,0,0,0,---,NO PLAY,---,5,0,0,0,---,NO PLAY,---,8,0,0,0,---,FULLCOMBO CLEAR,---,10,1657,787,83,5,FULLCOMBO CLEAR,AAA,2026-01-07 14:11
5th style,RISLIM,NEW ROMANTIC,ric,0,0,0,0,0,---,NO PLAY,---,4,0,0,0,---,NO PLAY,---,7,0,0,0,---,FULLCOMBO CLEAR,---,0,0,0,0,---,NO PLAY,---,0,0,0,0,---,NO PLAY,---,2025-09-17 20:38
5th style,sometime,SOUND TRACK,Aya,2,0,0,0,0,---,NO PLAY,---,4,0,0,0,---,NO PLAY,---,6,0,0,0,---,NO PLAY,---,8,1203,545,113,5,FULLCOMBO CLEAR,AAA,0,0,0,0,---,NO PLAY,---,2026-01-22 13:35
5th style,Spin the disc,HOUSE,good-cool,0,0,0,0,0,---,NO PLAY,---,5,0,0,0,---,NO PLAY,---,7,0,0,0,---,NO PLAY,---,8,0,0,0,---,FULLCOMBO CLEAR,---,0,0,0,0,---,NO PLAY,---,2025-09-17 20:38
5th style,STILL IN MY HEART,HYPER EUROBEAT,NAOKI,0,0,0,0,0,---,NO PLAY,---,5,0,0,0,---,NO PLAY,---,7,0,0,0,---,NO PLAY,---,9,0,0,0,---,FULLCOMBO CLEAR,---,0,0,0,0,---,NO PLAY,---,2025-09-17 20:38
5th style,still my words,AMBIENT,TaQ feat. Meg,0,0,0,0,0,---,NO PLAY,---,4,0,0,0,---,NO PLAY,---,6,0,0,0,---,FULLCOMBO CLEAR,---,0,0,0,0,---,NO PLAY,---,0,0,0,0,---,NO PLAY,---,2025-09-17 20:38
5th style,sync,TRANCE,OutPhase (TaQ/dj TAKA),3,0,0,0,0,---,NO PLAY,---,6,0,0,0,---,NO PLAY,---,8,0,0,0,---,NO PLAY,---,10,2239,1036,167,1,FULLCOMBO CLEAR,AAA,0,0,0,0,---,NO PLAY,---,2026-01-29 13:09
5th style,THE CUBE,DRUM'N'BASS,DJ SUWAMI,0,0,0,0,0,---,NO PLAY,---,4,0,0,0,---,NO PLAY,---,6,0,0,0,---,NO PLAY,---,7,0,0,0,---,FULLCOMBO CLEAR,---,0,0,0,0,---,NO PLAY,---,2025-09-17 20:38
5th style,THE SHINING POLARIS,EPIC TRANCE,L.E.D. feat. Sana,0,0,0,0,0,---,NO PLAY,---,5,0,0,0,---,NO PLAY,---,7,0,0,0,---,NO PLAY,---,8,0,0,0,---,FULLCOMBO CLEAR,---,0,0,0,0,---,NO PLAY,---,2025-09-17 20:38
5th style,V,PROGRESSIVE,TAKA,6,2,0,0,0,---,NO PLAY,---,5,0,0,0,---,NO PLAY,---,10,0,0,0,---,FULLCOMBO CLEAR,---,12,2707,1250,207,10,EX HARD CLEAR,AAA,0,0,0,0,---,NO PLAY,---,2026-01-01 18:11
6th style,19，November,HOUSE,good-cool,0,0,0,0,0,---,NO PLAY,---,5,0,0,0,---,NO PLAY,---,6,0,0,0,---,NO PLAY,---,8,0,0,0,---,FULLCOMBO CLEAR,---,0,0,0,0,---,NO PLAY,---,2025-09-17 20:38
6th style,BALLAD FOR YOU～想いの雨～,BALLAD,NM feat.Thomas Howard,0,0,0,0,0,---,NO PLAY,---,4,0,0,0,---,NO PLAY,---,5,0,0,0,---,NO PLAY,---,7,0,0,0,---,FULLCOMBO CLEAR,---,0,0,0,0,---,NO PLAY,---,2025-09-17 20:38
6th style,Blueberry Stream,HOUSE,dj TAKA,3,0,0,0,0,---,NO PLAY,---,5,0,0,0,---,NO PLAY,---,7,0,0,0,---,NO PLAY,---,8,1510,674,162,2,FULLCOMBO CLEAR,AAA,0,0,0,0,---,NO PLAY,---,2026-03-01 16:55
6th style,Buffalo,ROCK,good-cool feat. Hideo Suwa,2,0,0,0,0,---,NO PLAY,---,5,0,0,0,---,NO PLAY,---,7,0,0,0,---,NO PLAY,---,10,1683,756,171,3,FULLCOMBO CLEAR,AAA,11,2352,1080,192,5,FULLCOMBO CLEAR,AAA,2026-02-16 14:32
6th style,Colors (radio edit),TRANCE,dj TAKA,1,0,0,0,0,---,NO PLAY,---,6,0,0,0,---,NO PLAY,---,9,0,0,0,---,NO PLAY,---,12,2241,1025,191,8,EX HARD CLEAR,AAA,0,0,0,0,---,NO PLAY,---,2025-10-12 17:37
6th style,DIVE ～INTO YOUR HEART～,HYPER TRANCE EURO BEAT,NAOKI feat.PAULA TERRY,1,0,0,0,0,---,NO PLAY,---,5,0,0,0,---,NO PLAY,---,8,0,0,0,---,NO PLAY,---,10,1763,766,231,19,FULLCOMBO CLEAR,AA,0,0,0,0,---,NO PLAY,---,2026-07-16 19:01
6th style,fly through the night,TRANCE,Mr.T,0,0,0,0,0,---,NO PLAY,---,4,0,0,0,---,NO PLAY,---,7,0,0,0,---,NO PLAY,---,8,0,0,0,---,FULLCOMBO CLEAR,---,0,0,0,0,---,NO PLAY,---,2025-09-17 20:38
6th style,Free Style,DANCE POP,Shapes,0,0,0,0,0,---,NO PLAY,---,5,0,0,0,---,NO PLAY,---,6,0,0,0,---,NO PLAY,---,7,0,0,0,---,FULLCOMBO CLEAR,---,0,0,0,0,---,NO PLAY,---,2025-09-17 20:38
6th style,Frozen Ray (original mix),TRANCE,dj TAKA,1,0,0,0,0,---,NO PLAY,---,6,0,0,0,---,NO PLAY,---,9,0,0,0,---,NO PLAY,---,9,1694,794,106,0,FULLCOMBO CLEAR,AAA,0,0,0,0,---,NO PLAY,---,2025-11-15 14:11
6th style,G2,DRUM'N'BASS,Aya,5,0,0,0,0,---,NO PLAY,---,8,0,0,0,---,NO PLAY,---,9,0,0,0,---,NO PLAY,---,11,2129,972,185,6,EX HARD CLEAR,AAA,0,0,0,0,---,NO PLAY,---,2026-06-03 13:58
6th style,L'amour et la liberte,TRANCE,NAOKI underground,0,0,0,0,0,---,NO PLAY,---,5,0,0,0,---,NO PLAY,---,8,0,0,0,---,NO PLAY,---,10,0,0,0,---,FULLCOMBO CLEAR,---,0,0,0,0,---,NO PLAY,---,2025-09-17 20:38
6th style,Linus,LOUNGE POP,LEGO STUDIO,1,0,0,0,0,---,NO PLAY,---,5,0,0,0,---,NO PLAY,---,9,0,0,0,---,NO PLAY,---,11,2036,943,150,1,FULLCOMBO CLEAR,AAA,0,0,0,0,---,NO PLAY,---,2026-02-02 14:34
6th style,NEMESIS,TECHNO,D.J.SETUP,11,0,0,0,0,---,NO PLAY,---,5,0,0,0,---,NO PLAY,---,9,0,0,0,---,NO PLAY,---,11,1697,761,175,5,FULLCOMBO CLEAR,AA,0,0,0,0,---,NO PLAY,---,2026-06-27 13:15
6th style,rottel-da-sun,ROTTERDAM TECHNO,sampling masters MEGA,1,0,0,0,0,---,NO PLAY,---,5,0,0,0,---,NO PLAY,---,8,0,0,0,---,NO PLAY,---,10,1780,849,82,3,FULLCOMBO CLEAR,AAA,0,0,0,0,---,NO PLAY,---,2026-03-17 14:35
6th style,route 80s,NOISY,sampling masters MEGA,1,0,0,0,0,---,NO PLAY,---,6,0,0,0,---,NO PLAY,---,8,0,0,0,---,NO PLAY,---,9,1446,682,82,3,FULLCOMBO CLEAR,AAA,0,0,0,0,---,NO PLAY,---,2025-11-22 13:06
6th style,SOMETHING WONDERFUL,EPIC TRANCE,L.E.D.,2,0,0,0,0,---,NO PLAY,---,6,0,0,0,---,NO PLAY,---,8,0,0,0,---,NO PLAY,---,10,1843,851,141,0,FULLCOMBO CLEAR,AAA,0,0,0,0,---,NO PLAY,---,2025-12-05 13:33
6th style,Summer Vacation(CU mix),TRIP HOP,OutPhase,0,0,0,0,0,---,NO PLAY,---,6,0,0,0,---,NO PLAY,---,9,0,0,0,---,FULLCOMBO CLEAR,---,0,0,0,0,---,NO PLAY,---,0,0,0,0,---,NO PLAY,---,2025-09-17 20:38
6th style,Take It Easy,INSTRUMENTAL,Aya,2,0,0,0,0,---,NO PLAY,---,7,0,0,0,---,NO PLAY,---,10,0,0,0,---,FULLCOMBO CLEAR,---,11,2340,1095,150,4,EX HARD CLEAR,AAA,0,0,0,0,---,NO PLAY,---,2026-03-19 15:55
6th style,VJ ARMY,ALL MIX,good-cool,4,0,0,0,0,---,NO PLAY,---,6,0,0,0,---,NO PLAY,---,9,0,0,0,---,NO PLAY,---,10,1976,840,296,3,FULLCOMBO CLEAR,AA,0,0,0,0,---,NO PLAY,---,2026-05-18 12:59
6th style,こっちを向いてよ,SOUL,vivi,0,0,0,0,0,---,NO PLAY,---,5,0,0,0,---,NO PLAY,---,6,0,0,0,---,NO PLAY,---,7,0,0,0,---,FULLCOMBO CLEAR,---,0,0,0,0,---,NO PLAY,---,2025-09-17 20:38
7th style,A,RENAISSANCE,D.J.Amuro,2,0,0,0,0,---,NO PLAY,---,6,0,0,0,---,NO PLAY,---,10,0,0,0,---,FULLCOMBO CLEAR,---,12,2292,1057,178,8,FULLCOMBO CLEAR,AAA,0,0,0,0,---,NO PLAY,---,2026-01-28 14:47
7th style,AVE DE RAPINA,ALTERNATIVE HOUSE,Shawn The Horny Master,0,0,0,0,0,---,NO PLAY,---,6,0,0,0,---,NO PLAY,---,8,0,0,0,---,NO PLAY,---,9,0,0,0,---,FULLCOMBO CLEAR,---,0,0,0,0,---,NO PLAY,---,2025-09-17 20:38
7th style,Bad Routine,FILTER HOUSE,D.J. Spugna,0,0,0,0,0,---,NO PLAY,---,5,0,0,0,---,NO PLAY,---,7,0,0,0,---,NO PLAY,---,9,0,0,0,---,FULLCOMBO CLEAR,---,0,0,0,0,---,NO PLAY,---,2025-09-17 20:38
7th style,Burning Heat! (Full Option Mix),12 BEAT,Mr.T with Motoaki.F,0,0,0,0,0,---,NO PLAY,---,4,0,0,0,---,NO PLAY,---,5,0,0,0,---,NO PLAY,---,7,0,0,0,---,FULLCOMBO CLEAR,---,0,0,0,0,---,NO PLAY,---,2025-09-17 20:38
7th style,Cheer Train,BIG BEAT,Fuzita Blender,0,0,0,0,0,---,NO PLAY,---,5,0,0,0,---,NO PLAY,---,6,0,0,0,---,NO PLAY,---,9,0,0,0,---,FULLCOMBO CLEAR,---,0,0,0,0,---,NO PLAY,---,2025-09-17 20:38
7th style,D2R,HYPER ROCK BEAT,NAOKI,0,0,0,0,0,---,NO PLAY,---,5,0,0,0,---,NO PLAY,---,6,0,0,0,---,NO PLAY,---,8,0,0,0,---,FULLCOMBO CLEAR,---,0,0,0,0,---,NO PLAY,---,2025-09-17 20:38
7th style,DESTINY,HYPER EUROBEAT,NAOKI feat.Paula Terry,0,0,0,0,0,---,NO PLAY,---,5,0,0,0,---,NO PLAY,---,6,0,0,0,---,NO PLAY,---,8,0,0,0,---,FULLCOMBO CLEAR,---,0,0,0,0,---,NO PLAY,---,2025-09-17 20:38
7th style,foreplay,PROGRESSIVE JAZZ,Osamu Kubota,0,0,0,0,0,---,NO PLAY,---,4,0,0,0,---,NO PLAY,---,8,0,0,0,---,NO PLAY,---,8,0,0,0,---,FULLCOMBO CLEAR,---,0,0,0,0,---,NO PLAY,---,2025-09-17 20:38
7th style,Glorious Days,HIP HOP&SOUL,Noria,0,0,0,0,0,---,NO PLAY,---,3,0,0,0,---,NO PLAY,---,5,0,0,0,---,NO PLAY,---,6,0,0,0,---,FULLCOMBO CLEAR,---,0,0,0,0,---,NO PLAY,---,2025-09-17 20:38
7th style,Happy Wedding,HOUSE,ASKA,0,0,0,0,0,---,NO PLAY,---,6,0,0,0,---,NO PLAY,---,7,0,0,0,---,NO PLAY,---,8,0,0,0,---,FULLCOMBO CLEAR,---,0,0,0,0,---,NO PLAY,---,2025-09-17 20:38
7th style,Last Message,EUROBEAT,good-cool feat. Meg,0,0,0,0,0,---,NO PLAY,---,5,0,0,0,---,NO PLAY,---,8,0,0,0,---,NO PLAY,---,9,0,0,0,---,FULLCOMBO CLEAR,---,0,0,0,0,---,NO PLAY,---,2025-09-17 20:38
7th style,Let the Snow Paint Me,AMBIENT POP,Sana,0,0,0,0,0,---,NO PLAY,---,4,0,0,0,---,NO PLAY,---,6,0,0,0,---,NO PLAY,---,7,0,0,0,---,FULLCOMBO CLEAR,---,0,0,0,0,---,NO PLAY,---,2025-09-17 20:38
7th style,Love Me Do,NEW WAVE,AKIRA YAMAOKA,1,0,0,0,0,---,NO PLAY,---,5,0,0,0,---,NO PLAY,---,7,0,0,0,---,NO PLAY,---,9,2030,976,78,2,FULLCOMBO CLEAR,AAA,0,0,0,0,---,NO PLAY,---,2025-11-22 13:08
7th style,MAX 300,HARDCORE TECHNO,Ω,3,0,0,0,0,---,NO PLAY,---,7,0,0,0,---,NO PLAY,---,10,0,0,0,---,FULLCOMBO CLEAR,---,12,2466,1108,250,19,EX HARD CLEAR,AA,0,0,0,0,---,NO PLAY,---,2026-04-09 14:54
7th style,Somebody Like You,POPS,good-cool,0,0,0,0,0,---,NO PLAY,---,4,0,0,0,---,NO PLAY,---,7,0,0,0,---,NO PLAY,---,9,0,0,0,---,FULLCOMBO CLEAR,---,0,0,0,0,---,NO PLAY,---,2025-09-17 20:38
7th style,Spica,HOUSE,D.JW,2,0,0,0,0,---,NO PLAY,---,4,0,0,0,---,FULLCOMBO CLEAR,---,9,0,0,0,---,FULLCOMBO CLEAR,---,11,2019,901,217,12,EX HARD CLEAR,AA,0,0,0,0,---,NO PLAY,---,2026-06-11 15:27
7th style,stoic,TECHNO,TaQ,4,0,0,0,0,---,NO PLAY,---,8,0,0,0,---,NO PLAY,---,10,0,0,0,---,FULLCOMBO CLEAR,---,11,2373,1075,223,3,EX HARD CLEAR,AAA,0,0,0,0,---,NO PLAY,---,2026-06-03 13:36
7th style,Tomorrow Perfume,TRANCE,dj TAKA,0,0,0,0,0,---,NO PLAY,---,6,0,0,0,---,NO PLAY,---,9,0,0,0,---,NO PLAY,---,9,0,0,0,---,FULLCOMBO CLEAR,---,0,0,0,0,---,NO PLAY,---,2025-09-17 20:38
7th style,traces,TRANCE,TaQ,3,0,0,0,0,---,NO PLAY,---,6,0,0,0,---,NO PLAY,---,9,0,0,0,---,NO PLAY,---,10,1974,899,176,3,FULLCOMBO CLEAR,AAA,0,0,0,0,---,NO PLAY,---,2026-05-01 13:10
7th style,ZERO-ONE,ELECTROSHOCK,Mr.T,4,0,0,0,0,---,NO PLAY,---,5,0,0,0,---,NO PLAY,---,9,0,0,0,---,NO PLAY,---,10,0,0,0,---,FULLCOMBO CLEAR,---,11,2639,1204,231,2,FULLCOMBO CLEAR,AAA,2026-06-28 13:56
7th style,革命,ORCHESTRAL,dj TAKA with NAOKI,0,0,0,0,0,---,NO PLAY,---,6,0,0,0,---,NO PLAY,---,10,0,0,0,---,FULLCOMBO CLEAR,---,10,0,0,0,---,FULLCOMBO CLEAR,---,0,0,0,0,---,NO PLAY,---,2025-09-17 20:38
8th style,abstract,BIG BEAT,TaQ,0,0,0,0,0,---,NO PLAY,---,6,0,0,0,---,NO PLAY,---,9,0,0,0,---,NO PLAY,---,9,0,0,0,---,FULLCOMBO CLEAR,---,0,0,0,0,---,NO PLAY,---,2025-09-17 20:38
8th style,airflow,INSTRUMENTAL,Mr.T,0,0,0,0,0,---,NO PLAY,---,3,0,0,0,---,NO PLAY,---,5,0,0,0,---,NO PLAY,---,7,0,0,0,---,FULLCOMBO CLEAR,---,0,0,0,0,---,NO PLAY,---,2025-09-17 20:38
8th style,ALL RIGHT,DRUM'N'BASS,RAM,0,0,0,0,0,---,NO PLAY,---,4,0,0,0,---,NO PLAY,---,8,0,0,0,---,NO PLAY,---,9,0,0,0,---,FULLCOMBO CLEAR,---,0,0,0,0,---,NO PLAY,---,2025-09-17 20:38
8th style,Attitude,TRANCE,Y&Co.,4,0,0,0,0,---,NO PLAY,---,5,0,0,0,---,NO PLAY,---,8,0,0,0,---,NO PLAY,---,9,1651,783,85,2,FULLCOMBO CLEAR,AAA,0,0,0,0,---,NO PLAY,---,2026-04-23 14:02
8th style,bit mania,テクノ歌謡,AKIRA YAMAOKA,0,0,0,0,0,---,NO PLAY,---,4,0,0,0,---,NO PLAY,---,5,0,0,0,---,NO PLAY,---,8,0,0,0,---,FULLCOMBO CLEAR,---,0,0,0,0,---,NO PLAY,---,2025-09-17 20:38
8th style,Blame,EUROBEAT,good-cool feat. Jeff Coote,5,0,0,0,0,---,NO PLAY,---,6,0,0,0,---,NO PLAY,---,7,0,0,0,---,NO PLAY,---,11,1796,817,162,1,FULLCOMBO CLEAR,AAA,0,0,0,0,---,NO PLAY,---,2026-08-17 14:37
8th style,CELEBRATE NITE,EURO GROOVE,N.M.R,1,0,0,0,0,---,NO PLAY,---,5,0,0,0,---,NO PLAY,---,6,0,0,0,---,NO PLAY,---,8,1326,617,92,5,FULLCOMBO CLEAR,AAA,0,0,0,0,---,NO PLAY,---,2026-03-10 15:57
8th style,Colors -Y&Co. Eurobeat Remix-,EUROBEAT,dj TAKA (remixed by 横田商会),1,0,0,0,0,---,NO PLAY,---,5,0,0,0,---,NO PLAY,---,9,0,0,0,---,NO PLAY,---,10,1899,845,209,3,FULLCOMBO CLEAR,AA,0,0,0,0,---,NO PLAY,---,2026-07-26 13:48
8th style,dual control,GARAGE HOUSE,Mr.T,0,0,0,0,0,---,NO PLAY,---,5,0,0,0,---,NO PLAY,---,7,0,0,0,---,NO PLAY,---,9,0,0,0,---,FULLCOMBO CLEAR,---,0,0,0,0,---,NO PLAY,---,2025-09-17 20:38
8th style,Giudecca,PSYCHEDELIC TECHNO,D.J.SETUP,2,0,0,0,0,---,NO PLAY,---,4,0,0,0,---,NO PLAY,---,9,0,0,0,---,NO PLAY,---,11,2399,1063,273,10,EX HARD CLEAR,AA,0,0,0,0,---,NO PLAY,---,2026-02-24 14:05
8th style,Halfway of promise,GIRL ROCK,Yu Takami feat. Shihori Nakane,2,0,0,0,0,---,NO PLAY,---,4,0,0,0,---,NO PLAY,---,8,0,0,0,---,NO PLAY,---,11,1692,771,150,9,EX HARD CLEAR,AAA,0,0,0,0,---,NO PLAY,---,2026-08-15 11:07
8th style,HYPER BOUNDARY GATE,GOA TRANCE,L.E.D.LIGHT,0,0,0,0,0,---,NO PLAY,---,6,0,0,0,---,NO PLAY,---,8,0,0,0,---,NO PLAY,---,9,0,0,0,---,FULLCOMBO CLEAR,---,0,0,0,0,---,NO PLAY,---,2025-09-17 20:38
8th style,LAB,RAVE,RAM,7,0,0,0,0,---,NO PLAY,---,5,0,0,0,---,NO PLAY,---,9,0,0,0,---,NO PLAY,---,10,1930,875,180,1,FULLCOMBO CLEAR,AAA,11,2490,1135,220,8,EX HARD CLEAR,AAA,2026-03-03 13:51
8th style,LOVE IS ORANGE,HARD CHANSON,Orange Lounge,3,0,0,0,0,---,NO PLAY,---,4,0,0,0,---,NO PLAY,---,6,0,0,0,---,NO PLAY,---,8,1751,848,55,0,FULLCOMBO CLEAR,AAA,10,2041,984,73,0,FULLCOMBO CLEAR,AAA,2026-07-17 13:09
8th style,Luv 2 Feel Your Body,2 STEP,Shoichiro Hirata,0,0,0,0,0,---,NO PLAY,---,4,0,0,0,---,NO PLAY,---,6,0,0,0,---,NO PLAY,---,9,0,0,0,---,FULLCOMBO CLEAR,---,0,0,0,0,---,NO PLAY,---,2025-09-17 20:38
8th style,memories,BEAT ROCK,TAKA,0,0,0,0,0,---,NO PLAY,---,5,0,0,0,---,NO PLAY,---,9,0,0,0,---,NO PLAY,---,9,0,0,0,---,FULLCOMBO CLEAR,---,0,0,0,0,---,NO PLAY,---,2025-09-17 20:38
8th style,Monkey Dance,EUROBEAT,Y&Co.,0,0,0,0,0,---,NO PLAY,---,4,0,0,0,---,NO PLAY,---,7,0,0,0,---,NO PLAY,---,9,0,0,0,---,FULLCOMBO CLEAR,---,0,0,0,0,---,NO PLAY,---,2025-09-17 20:38
8th style,murmur twins,CUDDLECORE,yu_tokiwa.djw,1,0,0,0,0,---,NO PLAY,---,5,0,0,0,---,NO PLAY,---,9,0,0,0,---,NO PLAY,---,11,2211,1018,175,1,FULLCOMBO CLEAR,AAA,0,0,0,0,---,NO PLAY,---,2026-01-19 13:04
8th style,MUSIC TO YOUR HEAD,TECHNO,SLAKE,0,0,0,0,0,---,NO PLAY,---,4,0,0,0,---,NO PLAY,---,7,0,0,0,---,NO PLAY,---,9,0,0,0,---,FULLCOMBO CLEAR,---,0,0,0,0,---,NO PLAY,---,2025-09-17 20:38
8th style,PLEASE DON'T GO,DISCO,ASLETICS,1,0,0,0,0,---,NO PLAY,---,5,0,0,0,---,NO PLAY,---,7,0,0,0,---,NO PLAY,---,12,2180,975,230,25,EX HARD CLEAR,AA,0,0,0,0,---,NO PLAY,---,2025-12-11 16:57
8th style,rainbow flyer,TRANCE,dj TAKA,3,0,0,0,0,---,NO PLAY,---,5,0,0,0,---,NO PLAY,---,9,0,0,0,---,NO PLAY,---,11,1983,919,145,3,FULLCOMBO CLEAR,AAA,0,0,0,0,---,NO PLAY,---,2026-06-28 14:38
8th style,symbolic,TECHNO,TaQ,3,0,0,0,0,---,NO PLAY,---,6,0,0,0,---,NO PLAY,---,9,0,0,0,---,NO PLAY,---,10,2035,908,219,3,FULLCOMBO CLEAR,AAA,0,0,0,0,---,NO PLAY,---,2025-12-24 13:41
8th style,thunder,HOUSE,Lion MUSASHI,0,0,0,0,0,---,NO PLAY,---,6,0,0,0,---,NO PLAY,---,8,0,0,0,---,NO PLAY,---,9,0,0,0,---,FULLCOMBO CLEAR,---,0,0,0,0,---,NO PLAY,---,2025-09-17 20:38
8th style,WAR GAME,HIP HOP,ASLETICS,1,0,0,0,0,---,NO PLAY,---,4,0,0,0,---,NO PLAY,---,8,0,0,0,---,NO PLAY,---,10,2070,995,80,2,FULLCOMBO CLEAR,AAA,0,0,0,0,---,NO PLAY,---,2026-01-25 14:08
8th style,World Wide Love,POPS,MTO,0,0,0,0,0,---,NO PLAY,---,3,0,0,0,---,NO PLAY,---,5,0,0,0,---,NO PLAY,---,5,0,0,0,---,FULLCOMBO CLEAR,---,0,0,0,0,---,NO PLAY,---,2025-09-17 20:38
8th style,xenon,ELECTROSHOCK,Mr.T,1,0,0,0,0,---,NO PLAY,---,5,0,0,0,---,NO PLAY,---,9,0,0,0,---,NO PLAY,---,11,2522,1154,214,3,FULLCOMBO CLEAR,AAA,0,0,0,0,---,NO PLAY,---,2025-10-25 17:32
8th style,桜,SPIRITUAL,Reven-G,2,0,0,0,0,---,NO PLAY,---,7,0,0,0,---,NO PLAY,---,10,0,0,0,---,FULLCOMBO CLEAR,---,12,1882,831,220,16,EX HARD CLEAR,AA,0,0,0,0,---,NO PLAY,---,2026-02-07 17:16
8th style,蒼い衝動,J-TRANCE,NAOKI feat.YUKI,0,0,0,0,0,---,NO PLAY,---,5,0,0,0,---,NO PLAY,---,7,0,0,0,---,NO PLAY,---,8,0,0,0,---,FULLCOMBO CLEAR,---,0,0,0,0,---,NO PLAY,---,2025-09-17 20:38
9th style,Abyss -The Heavens Remix-,TRANCE CORE,dj TAKA Remixed by Ryu☆,1,3,0,0,0,---,NO PLAY,---,7,0,0,0,---,NO PLAY,---,10,0,0,0,---,FULLCOMBO CLEAR,---,10,2230,1042,146,1,FULLCOMBO CLEAR,AAA,0,0,0,0,---,NO PLAY,---,2025-11-09 13:36
9th style,ACT,RAVE,RAM,0,0,0,0,0,---,NO PLAY,---,6,0,0,0,---,NO PLAY,---,9,0,0,0,---,NO PLAY,---,9,0,0,0,---,FULLCOMBO CLEAR,---,0,0,0,0,---,NO PLAY,---,2025-09-17 20:38
9th style,ADVANCE,ELECTRONICA,SLAKE,1,0,0,0,0,---,NO PLAY,---,4,0,0,0,---,NO PLAY,---,6,0,0,0,---,NO PLAY,---,10,1491,690,111,0,FULLCOMBO CLEAR,AAA,0,0,0,0,---,NO PLAY,---,2025-12-30 12:59
9th style,ATOMIC AGE,ENSEMBLE,SHUNZZY,0,0,0,0,0,---,NO PLAY,---,2,0,0,0,---,NO PLAY,---,5,0,0,0,---,NO PLAY,---,9,0,0,0,---,FULLCOMBO CLEAR,---,0,0,0,0,---,NO PLAY,---,2025-09-17 20:38
9th style,BAD BOY BASS!! (dj Remo-con MIX),NRG,Y&Co.,0,0,0,0,0,---,NO PLAY,---,5,0,0,0,---,NO PLAY,---,7,0,0,0,---,NO PLAY,---,8,0,0,0,---,FULLCOMBO CLEAR,---,0,0,0,0,---,NO PLAY,---,2025-09-17 20:38
9th style,bag,SPIRITUAL,Reven-G,0,0,0,0,0,---,NO PLAY,---,5,0,0,0,---,NO PLAY,---,6,0,0,0,---,NO PLAY,---,10,0,0,0,---,FULLCOMBO CLEAR,---,0,0,0,0,---,NO PLAY,---,2025-09-17 20:38
9th style,BRIGHTNESS DARKNESS,ROCOCO TEK,SPARKER,0,0,0,0,0,---,NO PLAY,---,4,0,0,0,---,NO PLAY,---,8,0,0,0,---,NO PLAY,---,9,0,0,0,---,FULLCOMBO CLEAR,---,0,0,0,0,---,NO PLAY,---,2025-09-17 20:38
9th style,Cradle,HEALIN' HARDCORE,positive MA feat.akino,3,0,0,0,0,---,NO PLAY,---,5,0,0,0,---,NO PLAY,---,8,0,0,0,---,NO PLAY,---,10,1462,668,126,0,FULLCOMBO CLEAR,AAA,0,0,0,0,---,NO PLAY,---,2025-12-28 13:47
9th style,Distress,MIXTURE,dj TAKA Remixed by TaQ,0,0,0,0,0,---,NO PLAY,---,7,0,0,0,---,NO PLAY,---,10,0,0,0,---,FULLCOMBO CLEAR,---,0,0,0,0,---,NO PLAY,---,0,0,0,0,---,NO PLAY,---,2025-09-17 20:38
9th style,e-motion 2003  -romantic extra-,TRANCE,e.o.s. Remixed by dj TAKA,0,0,0,0,0,---,NO PLAY,---,6,0,0,0,---,NO PLAY,---,8,0,0,0,---,NO PLAY,---,10,0,0,0,---,FULLCOMBO CLEAR,---,0,0,0,0,---,NO PLAY,---,2025-09-17 20:38
9th style,fun,FUNK SHUFFLE,Mr.T,3,0,0,0,0,---,NO PLAY,---,4,0,0,0,---,NO PLAY,---,7,0,0,0,---,NO PLAY,---,10,1721,805,111,13,EX HARD CLEAR,AAA,0,0,0,0,---,NO PLAY,---,2026-03-17 15:01
9th style,Golden Horn,TURKISH PIANO'N'BASS,Osamu Kubota,0,0,0,0,0,---,NO PLAY,---,4,0,0,0,---,NO PLAY,---,8,0,0,0,---,NO PLAY,---,9,0,0,0,---,FULLCOMBO CLEAR,---,0,0,0,0,---,NO PLAY,---,2025-09-17 20:38
9th style,HYPER EUROBEAT (2DX style),EUROBEAT,NAOKI feat.PAULA TERRY,6,0,0,0,0,---,NO PLAY,---,5,0,0,0,---,NO PLAY,---,8,0,0,0,---,NO PLAY,---,10,1777,815,147,4,FULLCOMBO CLEAR,AAA,0,0,0,0,---,NO PLAY,---,2026-06-02 13:20
9th style,I Was The One (80's EUROBEAT STYLE),EUROBEAT,good-cool Remixed by NAOKI,0,0,0,0,0,---,NO PLAY,---,4,0,0,0,---,NO PLAY,---,6,0,0,0,---,NO PLAY,---,7,0,0,0,---,FULLCOMBO CLEAR,---,0,0,0,0,---,NO PLAY,---,2025-09-17 20:38
9th style,Karma,DRUM'N'BASS,TaQ,2,0,0,0,0,---,NO PLAY,---,6,0,0,0,---,NO PLAY,---,9,0,0,0,---,FULLCOMBO CLEAR,---,10,1722,805,112,1,FULLCOMBO CLEAR,AAA,0,0,0,0,---,NO PLAY,---,2026-03-10 15:04
9th style,lights,SOUL,flare,0,0,0,0,0,---,NO PLAY,---,3,0,0,0,---,NO PLAY,---,6,0,0,0,---,NO PLAY,---,8,0,0,0,---,FULLCOMBO CLEAR,---,0,0,0,0,---,NO PLAY,---,2025-09-17 20:38
9th style,Logic Board,TECHNO,dj nagureo,2,0,0,0,0,---,NO PLAY,---,5,0,0,0,---,NO PLAY,---,8,0,0,0,---,NO PLAY,---,11,2196,1030,136,3,FULLCOMBO CLEAR,AAA,0,0,0,0,---,NO PLAY,---,2026-04-23 15:12
9th style,LOVE SHINE,J-HAPPY HARDCORE,小坂りゆ,1,3,0,0,0,---,NO PLAY,---,5,0,0,0,---,NO PLAY,---,9,0,0,0,---,NO PLAY,---,10,1987,943,101,0,FULLCOMBO CLEAR,AAA,0,0,0,0,---,NO PLAY,---,2026-03-05 12:40
9th style,lower world,TECHNO,D.J.SETUP,2,0,0,0,0,---,NO PLAY,---,6,0,0,0,---,NO PLAY,---,9,0,0,0,---,NO PLAY,---,10,2083,954,175,0,FULLCOMBO CLEAR,AAA,0,0,0,0,---,NO PLAY,---,2025-09-20 16:02
9th style,Make A Difference,GOSPEL,Lala Moore with CoCoRo*Co,3,0,0,0,0,---,NO PLAY,---,5,0,0,0,---,NO PLAY,---,9,0,0,0,---,NO PLAY,---,10,2055,933,189,2,FULLCOMBO CLEAR,AAA,0,0,0,0,---,NO PLAY,---,2026-01-28 14:42
9th style,MARIA (I believe... ),EUROBEAT,NAOKI feat.PAULA TERRY,0,0,0,0,0,---,NO PLAY,---,4,0,0,0,---,NO PLAY,---,8,0,0,0,---,NO PLAY,---,9,0,0,0,---,FULLCOMBO CLEAR,---,0,0,0,0,---,NO PLAY,---,2025-09-17 20:38
9th style,moon_child,POST ROCK,少年ラジオ,6,0,0,0,0,---,NO PLAY,---,5,0,0,0,---,NO PLAY,---,10,1880,860,160,4,FULLCOMBO CLEAR,AAA,12,2347,1073,201,14,EX HARD CLEAR,AAA,0,0,0,0,---,NO PLAY,---,2026-01-16 13:43
9th style,one or eight,HARDCORE RAVE,sampling masters AYA,7,0,0,0,0,---,NO PLAY,---,7,0,0,0,---,NO PLAY,---,10,1763,779,205,0,FULLCOMBO CLEAR,AAA,12,1951,802,347,12,EX HARD CLEAR,AA,0,0,0,0,---,NO PLAY,---,2026-06-02 15:08
9th style,PARANOIA survivor MAX,JUNGLE MIXTURE,290,9,0,0,0,0,---,NO PLAY,---,5,0,0,0,---,NO PLAY,---,8,0,0,0,---,NO PLAY,---,10,1906,848,210,2,FULLCOMBO CLEAR,AA,0,0,0,0,---,NO PLAY,---,2026-04-23 14:22
9th style,quasar,TRANCE,OutPhase,6,0,0,0,0,---,NO PLAY,---,6,0,0,0,---,NO PLAY,---,9,0,0,0,---,NO PLAY,---,11,2181,1021,139,0,FULLCOMBO CLEAR,AAA,0,0,0,0,---,NO PLAY,---,2026-03-14 15:00
9th style,Quickening,PSYCHEDELIC,dj TAKA,5,0,0,0,0,---,NO PLAY,---,5,0,0,0,---,NO PLAY,---,9,0,0,0,---,NO PLAY,---,10,1941,908,125,0,FULLCOMBO CLEAR,AAA,0,0,0,0,---,NO PLAY,---,2026-06-10 14:46
9th style,Really Love,R&B,大部真由美,1,0,0,0,0,---,NO PLAY,---,4,0,0,0,---,NO PLAY,---,6,0,0,0,---,NO PLAY,---,10,1678,783,112,5,FULLCOMBO CLEAR,AAA,0,0,0,0,---,NO PLAY,---,2025-09-22 13:57
9th style,RISLIM -Remix-,ELECTRO 2 STEP,ric Remixed by Hisashi Nawata,2,0,0,0,0,---,NO PLAY,---,4,0,0,0,---,NO PLAY,---,6,0,0,0,---,NO PLAY,---,11,1755,818,119,10,EX HARD CLEAR,AAA,0,0,0,0,---,NO PLAY,---,2025-12-30 12:38
9th style,rottel-the-Mercury,GABBA,sampling masters MEGA,1,0,0,0,0,---,NO PLAY,---,6,0,0,0,---,NO PLAY,---,9,0,0,0,---,NO PLAY,---,10,2199,1066,67,0,FULLCOMBO CLEAR,AAA,0,0,0,0,---,NO PLAY,---,2025-10-18 15:33
9th style,Silvia Drive,HAPPY HANDBAG,dj TAKA feat.Noria,0,0,0,0,0,---,NO PLAY,---,4,0,0,0,---,NO PLAY,---,8,0,0,0,---,NO PLAY,---,9,0,0,0,---,FULLCOMBO CLEAR,---,0,0,0,0,---,NO PLAY,---,2025-09-17 20:38
9th style,SNOW,DRUM'N'BASS,RAM,9,0,0,0,0,---,NO PLAY,---,5,0,0,0,---,NO PLAY,---,7,0,0,0,---,NO PLAY,---,10,1865,853,159,6,EX HARD CLEAR,AAA,0,0,0,0,---,NO PLAY,---,2026-08-15 10:54
9th style,STAR FIELD,TRANCE,SADA,1,0,0,0,0,---,NO PLAY,---,4,0,0,0,---,NO PLAY,---,8,0,0,0,---,NO PLAY,---,9,1797,854,89,0,FULLCOMBO CLEAR,AAA,0,0,0,0,---,NO PLAY,---,2025-10-12 13:21
9th style,Sweet Sweet Magic,HAPPY HARDCORE,jun,2,0,0,0,0,---,NO PLAY,---,5,0,0,0,---,NO PLAY,---,8,0,0,0,---,NO PLAY,---,10,1940,920,100,0,FULLCOMBO CLEAR,AAA,0,0,0,0,---,NO PLAY,---,2026-05-08 12:03
9th style,SWEETEST SAVAGE,HIP HOP,ASLETICS,1,0,0,0,0,---,NO PLAY,---,4,0,0,0,---,NO PLAY,---,7,0,0,0,---,NO PLAY,---,11,1660,757,146,11,EX HARD CLEAR,AAA,0,0,0,0,---,NO PLAY,---,2026-05-01 13:32
9th style,ライオン好き,ボデー,AKIRA YAMAOKA,0,0,0,0,0,---,NO PLAY,---,4,0,0,0,---,NO PLAY,---,5,0,0,0,---,NO PLAY,---,7,0,0,0,---,FULLCOMBO CLEAR,---,0,0,0,0,---,NO PLAY,---,2025-09-17 20:38
9th style,真夏の花・真夏の夢,HOUSE,Sana,0,0,0,0,0,---,NO PLAY,---,4,0,0,0,---,NO PLAY,---,6,0,0,0,---,NO PLAY,---,9,0,0,0,---,FULLCOMBO CLEAR,---,0,0,0,0,---,NO PLAY,---,2025-09-17 20:38
10th style,1st Samurai,お江戸テクノ,sampling masters MEGA,3,0,0,0,0,---,NO PLAY,---,5,0,0,0,---,NO PLAY,---,10,0,0,0,---,FULLCOMBO CLEAR,---,11,2379,1047,285,11,EX HARD CLEAR,AA,0,0,0,0,---,NO PLAY,---,2026-05-10 15:57
10th style,ALIEN TEMPLE,PSYCHEDELIC TRANCE,PINK PONG,0,0,0,0,0,---,NO PLAY,---,5,0,0,0,---,NO PLAY,---,7,0,0,0,---,NO PLAY,---,8,0,0,0,---,FULLCOMBO CLEAR,---,0,0,0,0,---,NO PLAY,---,2025-09-17 20:38
10th style,ASTRAL VOYAGE,DREAM TECHNO,EeL,0,0,0,0,0,---,NO PLAY,---,5,0,0,0,---,NO PLAY,---,6,0,0,0,---,NO PLAY,---,9,0,0,0,---,FULLCOMBO CLEAR,---,0,0,0,0,---,NO PLAY,---,2025-09-17 20:38
10th style,BABY LOVE,ITALO POP,Noria,2,0,0,0,0,---,NO PLAY,---,6,0,0,0,---,NO PLAY,---,7,0,0,0,---,NO PLAY,---,10,2036,965,106,0,FULLCOMBO CLEAR,AAA,0,0,0,0,---,NO PLAY,---,2026-03-09 15:20
10th style,Back Into The Light,2STEP POP TRANCE,Sota Fujimori,7,0,0,0,0,---,NO PLAY,---,6,0,0,0,---,NO PLAY,---,7,0,0,0,---,NO PLAY,---,10,1989,908,173,0,FULLCOMBO CLEAR,AAA,0,0,0,0,---,NO PLAY,---,2026-08-15 10:23
10th style,Boundary,ROCOCO TEK,SPARKER,0,0,0,0,0,---,NO PLAY,---,4,0,0,0,---,NO PLAY,---,9,0,0,0,---,NO PLAY,---,9,0,0,0,---,FULLCOMBO CLEAR,---,0,0,0,0,---,NO PLAY,---,2025-09-17 20:38
10th style,CARRY ON NIGHT (English version),EUROBEAT,platoniX (EURO style),1,0,0,0,0,---,NO PLAY,---,5,0,0,0,---,NO PLAY,---,7,0,0,0,---,NO PLAY,---,9,1891,866,159,2,FULLCOMBO CLEAR,AAA,0,0,0,0,---,NO PLAY,---,2026-03-05 13:04
10th style,Daisuke,EUROBEAT,Y&Co.,2,2,0,0,0,---,NO PLAY,---,6,0,0,0,---,NO PLAY,---,8,0,0,0,---,NO PLAY,---,10,2268,1070,128,1,FULLCOMBO CLEAR,AAA,0,0,0,0,---,NO PLAY,---,2026-04-23 13:11
10th style,Debtty Daddy,ETHNO HARDCORE,sampling masters AYA,2,0,0,0,0,---,NO PLAY,---,5,0,0,0,---,NO PLAY,---,9,0,0,0,---,NO PLAY,---,11,2452,1116,220,10,EX HARD CLEAR,AAA,0,0,0,0,---,NO PLAY,---,2026-05-18 13:53
10th style,desolation,PIANO BALLADE,Mr.T,0,0,0,0,0,---,NO PLAY,---,2,0,0,0,---,NO PLAY,---,4,0,0,0,---,NO PLAY,---,5,0,0,0,---,FULLCOMBO CLEAR,---,0,0,0,0,---,NO PLAY,---,2025-09-17 20:38
10th style,DoLL,HYPER J-POP FOUR,ＴЁЯＲＡ,0,2,0,0,0,---,NO PLAY,---,5,0,0,0,---,NO PLAY,---,6,0,0,0,---,NO PLAY,---,7,0,0,0,---,FULLCOMBO CLEAR,---,0,0,0,0,---,NO PLAY,---,2025-09-17 20:38
10th style,EXE,ELECTROSHOCK,Mr.T,1,0,0,0,0,---,NO PLAY,---,4,0,0,0,---,NO PLAY,---,8,0,0,0,---,NO PLAY,---,10,2130,1006,118,1,FULLCOMBO CLEAR,AAA,0,0,0,0,---,NO PLAY,---,2026-02-13 15:34
10th style,Feedback,BREAK BEATS,Audio Highs,4,0,0,0,0,---,NO PLAY,---,5,0,0,0,---,NO PLAY,---,8,0,0,0,---,NO PLAY,---,10,1750,766,218,4,FULLCOMBO CLEAR,AA,0,0,0,0,---,NO PLAY,---,2026-05-16 11:20
10th style,FEEL IT,DRUM'N'BASS,RAM,1,0,0,0,0,---,NO PLAY,---,5,0,0,0,---,NO PLAY,---,9,0,0,0,---,NO PLAY,---,10,1693,745,203,6,FULLCOMBO CLEAR,AA,0,0,0,0,---,NO PLAY,---,2026-05-14 12:00
10th style,Freezing atmosphere,NATURAL SOUND,Twin AmadeuS,0,0,0,0,0,---,NO PLAY,---,4,0,0,0,---,NO PLAY,---,6,0,0,0,---,NO PLAY,---,9,0,0,0,---,FULLCOMBO CLEAR,---,0,0,0,0,---,NO PLAY,---,2025-09-17 20:38
10th style,GHOST REVIVAL,GOA TRANCE,L.E.D.,0,0,0,0,0,---,NO PLAY,---,5,0,0,0,---,NO PLAY,---,9,0,0,0,---,NO PLAY,---,10,0,0,0,---,FULLCOMBO CLEAR,---,0,0,0,0,---,NO PLAY,---,2025-09-17 20:38
10th style,GRADIUS -FULL SPEED-,GAME MUSIC,Mr.T,6,0,0,0,0,---,NO PLAY,---,4,0,0,0,---,NO PLAY,---,8,0,0,0,---,NO PLAY,---,10,1790,789,212,5,EX HARD CLEAR,AA,0,0,0,0,---,NO PLAY,---,2026-04-25 13:05
10th style,HIGH,RAVE,RAM,1,0,0,0,0,---,NO PLAY,---,5,0,0,0,---,NO PLAY,---,9,0,0,0,---,NO PLAY,---,9,0,0,0,---,FULLCOMBO CLEAR,---,11,2759,1333,93,9,EX HARD CLEAR,AAA,2026-01-10 15:44
10th style,Innocent Walls,TECHNO,TaQ,9,0,0,0,0,---,NO PLAY,---,8,0,0,0,---,NO PLAY,---,12,2264,1009,246,15,EX HARD CLEAR,AA,12,2535,1110,315,15,EX HARD CLEAR,AA,0,0,0,0,---,NO PLAY,---,2026-04-07 14:34
10th style,Love Is Eternity,TRANCE,kors k,7,0,0,0,0,---,NO PLAY,---,6,0,0,0,---,NO PLAY,---,9,0,0,0,---,NO PLAY,---,11,2228,1027,174,0,FULLCOMBO CLEAR,AAA,0,0,0,0,---,NO PLAY,---,2026-08-07 20:16
10th style,Lucy,DANCE POP,ELE BLOCK,1,0,0,0,0,---,NO PLAY,---,4,0,0,0,---,NO PLAY,---,9,0,0,0,---,NO PLAY,---,11,2172,1010,152,1,FULLCOMBO CLEAR,AAA,0,0,0,0,---,NO PLAY,---,2026-02-28 13:43
10th style,Narcissus At Oasis,ARTCORE,Ryu☆,2,0,0,0,0,---,NO PLAY,---,4,0,0,0,---,NO PLAY,---,10,0,0,0,---,FULLCOMBO CLEAR,---,10,1544,715,114,1,FULLCOMBO CLEAR,AAA,0,0,0,0,---,NO PLAY,---,2026-02-05 14:41
10th style,No.13,PROGRESSIVE BAROQUE,TAKA respect for J.S.B.,1,0,0,0,0,---,NO PLAY,---,8,0,0,0,---,NO PLAY,---,10,0,0,0,---,FULLCOMBO CLEAR,---,11,2906,1330,246,6,EX HARD CLEAR,AAA,0,0,0,0,---,NO PLAY,---,2026-02-28 13:52
10th style,One More Lovely,HAPPY,Risk Junk,4,0,0,0,0,---,NO PLAY,---,5,0,0,0,---,NO PLAY,---,9,0,0,0,---,NO PLAY,---,12,2538,1143,252,10,EX HARD CLEAR,AA,0,0,0,0,---,NO PLAY,---,2026-03-26 14:31
10th style,pandora,TRANCE,dj TAKA feat.Tomomi,0,0,0,0,0,---,NO PLAY,---,5,0,0,0,---,NO PLAY,---,8,0,0,0,---,NO PLAY,---,9,0,0,0,---,FULLCOMBO CLEAR,---,0,0,0,0,---,NO PLAY,---,2025-09-17 20:38
10th style,rainbow rainbow,HAPPY HARDCORE,Ryu☆,1,0,0,0,0,---,NO PLAY,---,7,0,0,0,---,NO PLAY,---,10,0,0,0,---,FULLCOMBO CLEAR,---,11,2537,1180,177,9,EX HARD CLEAR,AAA,0,0,0,0,---,NO PLAY,---,2026-01-15 15:33
10th style,Rise'n Beauty,TRANCE,Sota feat. Cyborg Akemi,9,0,0,0,0,---,NO PLAY,---,6,0,0,0,---,NO PLAY,---,9,0,0,0,---,NO PLAY,---,10,2000,924,152,0,FULLCOMBO CLEAR,AAA,12,3642,1656,330,11,EX HARD CLEAR,AAA,2026-06-05 13:56
10th style,SCORE,TECH HOUSE,DJ Remo-con,3,0,0,0,0,---,NO PLAY,---,5,0,0,0,---,NO PLAY,---,8,0,0,0,---,NO PLAY,---,10,1919,873,173,0,FULLCOMBO CLEAR,AAA,0,0,0,0,---,NO PLAY,---,2025-12-05 13:45
10th style,SHOOTING STAR,J-POP,小坂りゆ,0,0,0,0,0,---,NO PLAY,---,7,0,0,0,---,NO PLAY,---,8,0,0,0,---,NO PLAY,---,9,0,0,0,---,FULLCOMBO CLEAR,---,0,0,0,0,---,NO PLAY,---,2025-09-17 20:38
10th style,SPACE FIGHT,戦艦テクノ,AKIRA YAMAOKA,5,0,0,0,0,---,NO PLAY,---,3,0,0,0,---,NO PLAY,---,8,0,0,0,---,NO PLAY,---,11,2021,907,207,4,FULLCOMBO CLEAR,AAA,0,0,0,0,---,NO PLAY,---,2026-06-03 13:25
10th style,システムロマンス,ムートラ(ムードトランス),ヒロシ＆チー子,1,0,0,0,0,---,NO PLAY,---,4,0,0,0,---,NO PLAY,---,7,0,0,0,---,NO PLAY,---,8,1900,896,108,0,FULLCOMBO CLEAR,AAA,0,0,0,0,---,NO PLAY,---,2025-11-22 13:12
10th style,雪月花,HARD HOUSE,Ryu☆,4,0,0,0,0,---,NO PLAY,---,6,0,0,0,---,NO PLAY,---,10,0,0,0,---,FULLCOMBO CLEAR,---,12,2305,1058,189,10,EX HARD CLEAR,AAA,0,0,0,0,---,NO PLAY,---,2026-06-04 13:44
IIDX RED,AA,RENAISSANCE,D.J.Amuro,10,0,0,0,0,---,NO PLAY,---,5,0,0,0,---,NO PLAY,---,10,0,0,0,---,FULLCOMBO CLEAR,---,12,3282,1489,304,1,FULLCOMBO CLEAR,AAA,0,0,0,0,---,NO PLAY,---,2026-08-08 14:51
IIDX RED,AGEHA,HAPPY HARDCORE,Ryu☆,6,3,0,0,0,---,NO PLAY,---,5,0,0,0,---,NO PLAY,---,8,0,0,0,---,NO PLAY,---,9,0,0,0,---,FULLCOMBO CLEAR,---,11,2307,1087,133,0,FULLCOMBO CLEAR,AAA,2026-07-25 16:34
IIDX RED,ANDROMEDA,PSYCHEDELIC GOA TRANCE,Sota Fujimori,2,0,0,0,0,---,NO PLAY,---,5,0,0,0,---,NO PLAY,---,8,0,0,0,---,NO PLAY,---,11,2649,1221,207,2,FULLCOMBO CLEAR,AAA,0,0,0,0,---,NO PLAY,---,2026-08-01 13:32
IIDX RED,awakening,TRANCE,AKIRA YAMAOKA,0,0,0,0,0,---,NO PLAY,---,5,0,0,0,---,NO PLAY,---,7,0,0,0,---,NO PLAY,---,10,0,0,0,---,FULLCOMBO CLEAR,---,0,0,0,0,---,NO PLAY,---,2025-09-17 20:38
IIDX RED,Be quiet,HARD DANCE,Ryu☆,33,0,0,0,0,---,NO PLAY,---,5,0,0,0,---,NO PLAY,---,9,0,0,0,---,NO PLAY,---,11,2002,923,156,8,EX HARD CLEAR,AAA,12,2301,964,373,48,HARD CLEAR,AA,2026-08-15 12:45
IIDX RED,BLOCKS,TRANCE,SPARKER,1,0,0,0,0,---,NO PLAY,---,5,0,0,0,---,NO PLAY,---,7,0,0,0,---,NO PLAY,---,11,1812,834,144,4,EX HARD CLEAR,AAA,0,0,0,0,---,NO PLAY,---,2025-11-09 14:23
IIDX RED,BREATH,ROCOCO TEK,SPARKER,0,0,0,0,0,---,NO PLAY,---,6,0,0,0,---,NO PLAY,---,7,0,0,0,---,NO PLAY,---,10,0,0,0,---,FULLCOMBO CLEAR,---,0,0,0,0,---,NO PLAY,---,2025-09-17 20:38
IIDX RED,Click Again,CLICK HOUSE,dj REMO-CON,2,0,0,0,0,---,NO PLAY,---,5,0,0,0,---,NO PLAY,---,6,0,0,0,---,NO PLAY,---,11,1952,888,176,8,EX HARD CLEAR,AAA,0,0,0,0,---,NO PLAY,---,2025-12-30 12:41
IIDX RED,Close my Eyes for Me,AMERICA,D-crew feat.DENNIS GUNN(DJ Yoshitaka SCRATCHING),1,0,0,0,0,---,NO PLAY,---,5,0,0,0,---,NO PLAY,---,8,0,0,0,---,NO PLAY,---,9,0,0,0,---,FULLCOMBO CLEAR,---,0,0,0,0,---,NO PLAY,---,2026-02-28 13:36
IIDX RED,D.A.N.C.E.!,J-POP,DJ Yoshitaka feat.星野奏子,0,0,0,0,0,---,NO PLAY,---,3,0,0,0,---,NO PLAY,---,5,0,0,0,---,NO PLAY,---,10,0,0,0,---,FULLCOMBO CLEAR,---,0,0,0,0,---,NO PLAY,---,2025-09-17 20:38
IIDX RED,Don't be afraid myself,J-POP,platoniX with ray.D,2,0,0,0,0,---,NO PLAY,---,5,0,0,0,---,NO PLAY,---,9,0,0,0,---,NO PLAY,---,10,2109,979,151,1,FULLCOMBO CLEAR,AAA,0,0,0,0,---,NO PLAY,---,2026-01-28 14:36
IIDX RED,earth scape,PIANO BALLAD,dj TAKA,1,0,0,0,0,---,NO PLAY,---,2,0,0,0,---,NO PLAY,---,5,0,0,0,---,NO PLAY,---,7,1185,553,79,1,FULLCOMBO CLEAR,AAA,0,0,0,0,---,NO PLAY,---,2026-04-23 15:25
IIDX RED,FAKE TIME,HARD ROCK,dj REMO-CON,2,0,0,0,0,---,NO PLAY,---,5,0,0,0,---,NO PLAY,---,11,1678,795,88,10,EX HARD CLEAR,AAA,12,2198,1036,126,22,EX HARD CLEAR,AAA,0,0,0,0,---,NO PLAY,---,2025-10-26 14:13
IIDX RED,Fly Away To India,DANCE POP,Baby Weapon feat.KAJIL,0,0,0,0,0,---,NO PLAY,---,3,0,0,0,---,NO PLAY,---,6,0,0,0,---,NO PLAY,---,7,0,0,0,---,FULLCOMBO CLEAR,---,0,0,0,0,---,NO PLAY,---,2025-09-17 20:38
IIDX RED,GENOCIDE,DRUM'N'BASS,dj Killer,2,0,0,0,0,---,NO PLAY,---,6,0,0,0,---,NO PLAY,---,10,0,0,0,---,FULLCOMBO CLEAR,---,11,2179,995,189,16,EX HARD CLEAR,AAA,0,0,0,0,---,NO PLAY,---,2026-05-18 13:40
IIDX RED,gigadelic,NUSTYLE GABBA,teranoid feat.MC Natsack,15,3,0,0,0,---,NO PLAY,---,9,0,0,0,---,NO PLAY,---,12,2002,900,202,4,FULLCOMBO CLEAR,AAA,12,2322,1052,218,2,FULLCOMBO CLEAR,AAA,0,0,0,0,---,NO PLAY,---,2026-08-15 11:45
IIDX RED,HORIZON,HAPPY HARDCORE,LIA,1,0,0,0,0,---,NO PLAY,---,5,0,0,0,---,NO PLAY,---,7,0,0,0,---,NO PLAY,---,8,1888,906,76,4,FULLCOMBO CLEAR,AAA,0,0,0,0,---,NO PLAY,---,2025-11-22 12:54
IIDX RED,KEY,BEAT ROCK,colors,4,0,0,0,0,---,NO PLAY,---,6,0,0,0,---,NO PLAY,---,8,0,0,0,---,NO PLAY,---,11,2788,1358,72,0,FULLCOMBO CLEAR,AAA,0,0,0,0,---,NO PLAY,---,2025-12-28 14:16
IIDX RED,NEBULA GRASPER,PSYCHEDELIC TRANCE,L.E.D.,0,0,0,0,0,---,NO PLAY,---,6,0,0,0,---,NO PLAY,---,9,0,0,0,---,NO PLAY,---,10,0,0,0,---,FULLCOMBO CLEAR,---,0,0,0,0,---,NO PLAY,---,2025-09-17 20:38
IIDX RED,Raspberry Heart(English version),COLORFUL HARDCORE,jun feat. PAULA TERRY,0,0,0,0,0,---,NO PLAY,---,5,0,0,0,---,NO PLAY,---,8,0,0,0,---,NO PLAY,---,9,0,0,0,---,FULLCOMBO CLEAR,---,0,0,0,0,---,NO PLAY,---,2025-09-17 20:38
IIDX RED,RED ZONE,SPEED RAVE,Tatsh&NAOKI,4,1,0,0,0,---,NO PLAY,---,5,0,0,0,---,NO PLAY,---,9,0,0,0,---,NO PLAY,---,11,2116,966,184,3,FULLCOMBO CLEAR,AAA,12,2842,1309,224,10,EX HARD CLEAR,AAA,2026-04-29 16:07
IIDX RED,RESONATE 1794,HARD SONATA,KOHTA,1,0,0,0,0,---,NO PLAY,---,5,0,0,0,---,NO PLAY,---,10,0,0,0,---,FULLCOMBO CLEAR,---,11,1731,800,131,2,FULLCOMBO CLEAR,AAA,0,0,0,0,---,NO PLAY,---,2026-04-22 16:35
IIDX RED,Secret of Love,DRUM'N'BASS,D.J.SWAN,1,0,0,0,0,---,NO PLAY,---,5,0,0,0,---,NO PLAY,---,7,0,0,0,---,NO PLAY,---,11,1857,850,157,2,FULLCOMBO CLEAR,AAA,0,0,0,0,---,NO PLAY,---,2026-04-09 14:00
IIDX RED,SPEEDY CAT,EUROBEAT,Y&Co.,0,0,0,0,0,---,NO PLAY,---,5,0,0,0,---,NO PLAY,---,8,0,0,0,---,NO PLAY,---,9,0,0,0,---,FULLCOMBO CLEAR,---,0,0,0,0,---,NO PLAY,---,2025-09-17 20:38
IIDX RED,Sphere,MEDIEVAL CHOIR,Tatsh feat. K.Nayuki,2,0,0,0,0,---,NO PLAY,---,5,0,0,0,---,NO PLAY,---,9,0,0,0,---,NO PLAY,---,10,1996,908,180,0,FULLCOMBO CLEAR,AAA,0,0,0,0,---,NO PLAY,---,2026-01-29 13:10
IIDX RED,spiral galaxy,PSYCHEDELIC TECHNO,D.J.SETUP,8,0,0,0,0,---,NO PLAY,---,5,0,0,0,---,NO PLAY,---,9,0,0,0,---,NO PLAY,---,11,2372,1097,178,2,FULLCOMBO CLEAR,AAA,12,3421,1557,307,2,FULLCOMBO CLEAR,AAA,2026-05-14 12:41
IIDX RED,The Hope of Tomorrow,CYBORG TRANCE,Sota Fujimori,2,0,0,0,0,---,NO PLAY,---,5,0,0,0,---,NO PLAY,---,8,0,0,0,---,NO PLAY,---,10,1798,825,148,0,FULLCOMBO CLEAR,AAA,0,0,0,0,---,NO PLAY,---,2025-09-27 12:46
IIDX RED,Wonder Bullfighter,NATURAL SOUND,Twin AmadeuS,2,0,0,0,0,---,NO PLAY,---,5,0,0,0,---,NO PLAY,---,7,0,0,0,---,NO PLAY,---,11,1817,791,235,12,EX HARD CLEAR,AA,0,0,0,0,---,NO PLAY,---,2026-05-18 13:34
IIDX RED,ピアノ協奏曲第１番”蠍火”,DIRGE,virkato,9,0,0,0,0,---,NO PLAY,---,5,0,0,0,---,FULLCOMBO CLEAR,---,11,1983,884,215,8,EX HARD CLEAR,AAA,12,2346,987,372,33,HARD CLEAR,AA,0,0,0,0,---,NO PLAY,---,2026-08-15 13:55
IIDX RED,大桟橋,JAPAN,ウッチーズ,3,0,0,0,0,---,NO PLAY,---,3,0,0,0,---,NO PLAY,---,6,0,0,0,---,NO PLAY,---,9,1791,861,69,2,FULLCOMBO CLEAR,AAA,0,0,0,0,---,NO PLAY,---,2026-08-08 11:49
IIDX RED,太陽～T・A・I・Y・O～,CYBER J-EURO,NAOKI feat.星野奏子,0,0,0,0,0,---,NO PLAY,---,4,0,0,0,---,NO PLAY,---,8,0,0,0,---,NO PLAY,---,9,0,0,0,---,FULLCOMBO CLEAR,---,0,0,0,0,---,NO PLAY,---,2025-09-17 20:38
IIDX RED,ＵＬＴｉＭΛＴＥ,HYPER J-POP FIVE,ＴЁЯＲＡ,0,0,0,0,0,---,NO PLAY,---,5,0,0,0,---,NO PLAY,---,7,0,0,0,---,NO PLAY,---,9,0,0,0,---,FULLCOMBO CLEAR,---,0,0,0,0,---,NO PLAY,---,2025-09-17 20:38
HAPPY SKY,100％ minimoo-G,SYNTHETIC PROGRESSIVE ROCK,Sota Fujimori,2,0,0,0,0,---,NO PLAY,---,5,0,0,0,---,NO PLAY,---,10,0,0,0,---,FULLCOMBO CLEAR,---,11,1623,747,129,17,EX HARD CLEAR,AAA,0,0,0,0,---,NO PLAY,---,2025-12-30 12:43
HAPPY SKY,Agnus Dei,GOTHIC METAL,あさき,1,0,0,0,0,---,NO PLAY,---,5,0,0,0,---,NO PLAY,---,9,0,0,0,---,NO PLAY,---,10,1928,892,144,0,FULLCOMBO CLEAR,AAA,0,0,0,0,---,NO PLAY,---,2025-11-09 13:42
HAPPY SKY,alla turca con passione,NATURAL SOUND,Twin AmadeuS,3,0,0,0,0,---,NO PLAY,---,5,0,0,0,---,NO PLAY,---,8,0,0,0,---,NO PLAY,---,10,2036,943,150,1,FULLCOMBO CLEAR,AAA,0,0,0,0,---,NO PLAY,---,2026-02-21 13:36
HAPPY SKY,Aurora,TRANCE CORE,Ryu☆,1,0,0,0,0,---,NO PLAY,---,7,0,0,0,---,NO PLAY,---,10,0,0,0,---,FULLCOMBO CLEAR,---,11,2374,1104,166,2,FULLCOMBO CLEAR,AAA,0,0,0,0,---,NO PLAY,---,2025-10-12 13:15
HAPPY SKY,CaptivAte～浄化～,NOSTALISH REQUIEM,A/I,6,0,0,0,0,---,NO PLAY,---,5,0,0,0,---,NO PLAY,---,9,0,0,0,---,NO PLAY,---,11,2227,1010,207,3,FULLCOMBO CLEAR,AAA,12,3106,1406,294,15,EX HARD CLEAR,AAA,2026-08-08 13:26
HAPPY SKY,Catch Me,ACID JAZZ,DJ Yoshitaka feat. ERi,7,0,0,0,0,---,NO PLAY,---,5,0,0,0,---,NO PLAY,---,8,0,0,0,---,NO PLAY,---,10,1695,777,141,0,FULLCOMBO CLEAR,AAA,11,1965,879,207,12,EX HARD CLEAR,AA,2025-12-11 15:07
HAPPY SKY,Don't let it go,J-POP REMIX,ウッチーズ,1,0,0,0,0,---,NO PLAY,---,4,0,0,0,---,NO PLAY,---,8,0,0,0,---,NO PLAY,---,9,1552,705,142,0,FULLCOMBO CLEAR,AAA,0,0,0,0,---,NO PLAY,---,2025-12-26 15:16
HAPPY SKY,double thrash,BATTLE2005,414,1,0,0,0,0,---,NO PLAY,---,6,0,0,0,---,NO PLAY,---,10,0,0,0,---,FULLCOMBO CLEAR,---,10,2162,982,198,4,FULLCOMBO CLEAR,AAA,0,0,0,0,---,NO PLAY,---,2025-12-05 13:55
HAPPY SKY,EDEN,HYPER J-POP SIX,ＴЁЯＲＡ,3,0,0,0,0,---,NO PLAY,---,6,0,0,0,---,NO PLAY,---,9,0,0,0,---,NO PLAY,---,10,2644,1283,78,0,FULLCOMBO CLEAR,AAA,11,3181,1550,81,1,FULLCOMBO CLEAR,AAA,2026-07-04 14:47
HAPPY SKY,EMPTY OF THE SKY,E-ROCK,AKIRA YAMAOKA,0,0,0,0,0,---,NO PLAY,---,3,0,0,0,---,NO PLAY,---,5,0,0,0,---,NO PLAY,---,8,0,0,0,---,FULLCOMBO CLEAR,---,0,0,0,0,---,NO PLAY,---,2025-09-17 20:38
HAPPY SKY,First Resolution,TECHNO RAVE,good-cool,0,0,0,0,0,---,NO PLAY,---,5,0,0,0,---,NO PLAY,---,7,0,0,0,---,NO PLAY,---,9,0,0,0,---,FULLCOMBO CLEAR,---,0,0,0,0,---,NO PLAY,---,2025-09-17 20:38
HAPPY SKY,garden,SWING WALTZ,青野りえ,4,0,0,0,0,---,NO PLAY,---,4,0,0,0,---,NO PLAY,---,7,0,0,0,---,NO PLAY,---,10,1972,884,204,1,FULLCOMBO CLEAR,AAA,12,2820,1268,284,7,EX HARD CLEAR,AAA,2026-03-03 12:36
HAPPY SKY,Get'em up to R.A.V.E,RAVE,Disconation,4,0,0,0,0,---,NO PLAY,---,5,0,0,0,---,NO PLAY,---,8,0,0,0,---,NO PLAY,---,10,2077,938,201,1,FULLCOMBO CLEAR,AAA,0,0,0,0,---,NO PLAY,---,2026-02-28 13:06
HAPPY SKY,GREEN EYES,BROKEN TEK,SLAKE,1,0,0,0,0,---,NO PLAY,---,6,0,0,0,---,NO PLAY,---,8,0,0,0,---,NO PLAY,---,10,2045,941,163,2,FULLCOMBO CLEAR,AAA,0,0,0,0,---,NO PLAY,---,2025-11-02 14:32
HAPPY SKY,HAPPY☆ANGEL,HAPPY HARDCORE,jun with TAHIRIH,1,3,0,0,0,---,NO PLAY,---,5,0,0,0,---,NO PLAY,---,7,0,0,0,---,NO PLAY,---,10,1965,920,125,1,FULLCOMBO CLEAR,AAA,0,0,0,0,---,NO PLAY,---,2026-02-19 13:30
HAPPY SKY,I am,CYBER J-ROCK,有沢みはる from BeForU,10,0,0,0,0,---,NO PLAY,---,5,0,0,0,---,NO PLAY,---,8,0,0,0,---,NO PLAY,---,10,2100,1016,68,2,EX HARD CLEAR,AAA,0,0,0,0,---,NO PLAY,---,2026-06-18 20:24
HAPPY SKY,in motion,CLICK HOUSE,Ryu☆,0,0,0,0,0,---,NO PLAY,---,5,0,0,0,---,NO PLAY,---,6,0,0,0,---,NO PLAY,---,7,0,0,0,---,FULLCOMBO CLEAR,---,0,0,0,0,---,NO PLAY,---,2025-09-17 20:38
HAPPY SKY,INAZUMA,TRANCE,dj TAKA,11,0,0,0,0,---,NO PLAY,---,5,0,0,0,---,NO PLAY,---,9,0,0,0,---,NO PLAY,---,11,2500,1146,208,1,FULLCOMBO CLEAR,AAA,12,3541,1580,381,10,EX HARD CLEAR,AA,2026-08-07 21:27
HAPPY SKY,LESSON 5,HAPPY EXTREME,Risk Junk feat.Erika Mochizuki,0,0,0,0,0,---,NO PLAY,---,5,0,0,0,---,NO PLAY,---,8,0,0,0,---,NO PLAY,---,9,0,0,0,---,FULLCOMBO CLEAR,---,0,0,0,0,---,NO PLAY,---,2025-09-17 20:38
HAPPY SKY,Little Little Princess,PUNK OPERA,SHRINE 418,3,0,0,0,0,---,NO PLAY,---,5,0,0,0,---,FULLCOMBO CLEAR,---,10,0,0,0,---,FULLCOMBO CLEAR,---,11,2634,1220,194,5,EX HARD CLEAR,AAA,12,3512,1601,310,20,EX HARD CLEAR,AAA,2026-06-20 14:33
HAPPY SKY,Love Magic,DRUM'N'BASS,D.J.SWAN,0,0,0,0,0,---,NO PLAY,---,5,0,0,0,---,NO PLAY,---,8,0,0,0,---,NO PLAY,---,10,0,0,0,---,FULLCOMBO CLEAR,---,0,0,0,0,---,NO PLAY,---,2025-09-17 20:38
HAPPY SKY,mind the gap,UK PROGRESSIVE,Osamu Kubota,2,0,0,0,0,---,NO PLAY,---,5,0,0,0,---,NO PLAY,---,7,0,0,0,---,NO PLAY,---,9,1537,713,111,7,FULLCOMBO CLEAR,AAA,0,0,0,0,---,NO PLAY,---,2026-02-13 15:36
HAPPY SKY,MOON RACE,FUTURE HOUSE,ELEKTEL,0,0,0,0,0,---,NO PLAY,---,5,0,0,0,---,NO PLAY,---,7,0,0,0,---,NO PLAY,---,9,0,0,0,---,FULLCOMBO CLEAR,---,0,0,0,0,---,NO PLAY,---,2025-09-17 20:38
HAPPY SKY,Pink Rose,HEART,Kiyommy+Seiya,2,0,0,0,0,---,NO PLAY,---,3,0,0,0,---,NO PLAY,---,5,0,0,0,---,NO PLAY,---,8,0,0,0,---,FULLCOMBO CLEAR,---,10,1885,882,121,0,FULLCOMBO CLEAR,AAA,2026-04-23 14:17
HAPPY SKY,PLASMA,SYNTHESIZED TECHNO,Sota Fujimori,0,0,0,0,0,---,NO PLAY,---,4,0,0,0,---,NO PLAY,---,8,0,0,0,---,NO PLAY,---,9,0,0,0,---,FULLCOMBO CLEAR,---,0,0,0,0,---,NO PLAY,---,2025-09-17 20:38
HAPPY SKY,Pollinosis,HARD DANCE,dj REMO-CON,2,0,0,0,0,---,NO PLAY,---,4,0,0,0,---,NO PLAY,---,6,0,0,0,---,NO PLAY,---,11,2295,1052,191,7,EX HARD CLEAR,AAA,0,0,0,0,---,NO PLAY,---,2026-01-10 15:48
HAPPY SKY,POODLE,EUROBEAT,Y&Co.,5,0,0,0,0,---,NO PLAY,---,5,0,0,0,---,NO PLAY,---,8,0,0,0,---,NO PLAY,---,10,0,0,0,---,FULLCOMBO CLEAR,---,11,3144,1461,222,2,FULLCOMBO CLEAR,AAA,2026-08-08 13:22
HAPPY SKY,rage against usual,DIGI-ROCK,dj TAKA feat.Gt.Shintaro,1,0,0,0,0,---,NO PLAY,---,7,0,0,0,---,NO PLAY,---,10,0,0,0,---,FULLCOMBO CLEAR,---,12,2569,1139,291,34,EX HARD CLEAR,AA,0,0,0,0,---,NO PLAY,---,2025-12-07 14:43
HAPPY SKY,SCREAM SQUAD,BREAKCORE,CALF,3,0,0,0,0,---,NO PLAY,---,7,0,0,0,---,NO PLAY,---,10,1540,689,162,3,FULLCOMBO CLEAR,AA,12,1825,793,239,8,EX HARD CLEAR,AA,0,0,0,0,---,NO PLAY,---,2026-01-19 13:10
HAPPY SKY,Scripted Connection⇒ A mix,TECHNO,DJ MURASAME,8,0,0,0,0,---,NO PLAY,---,7,0,0,0,---,NO PLAY,---,10,0,0,0,---,FULLCOMBO CLEAR,---,12,2690,1194,302,18,EX HARD CLEAR,AA,12,2926,1290,346,18,EX HARD CLEAR,AA,2026-07-11 15:43
HAPPY SKY,Scripted Connection⇒ H mix,TECHNO,DJ MURASAME,5,0,0,0,0,---,NO PLAY,---,7,0,0,0,---,NO PLAY,---,10,0,0,0,---,FULLCOMBO CLEAR,---,11,2271,1019,233,2,EX HARD CLEAR,AAA,12,2659,1223,213,6,EX HARD CLEAR,AAA,2026-05-18 13:25
HAPPY SKY,Scripted Connection⇒ N mix,TECHNO,DJ MURASAME,3,0,0,0,0,---,NO PLAY,---,6,0,0,0,---,NO PLAY,---,8,0,0,0,---,NO PLAY,---,10,0,0,0,---,FULLCOMBO CLEAR,---,11,2236,1006,224,3,EX HARD CLEAR,AAA,2026-05-31 17:04
HAPPY SKY,SigSig,MAKINA,kors k,9,3,0,0,0,---,NO PLAY,---,5,0,0,0,---,NO PLAY,---,7,0,0,0,---,NO PLAY,---,10,2496,1192,112,1,FULLCOMBO CLEAR,AAA,0,0,0,0,---,NO PLAY,---,2025-09-22 17:01
HAPPY SKY,Tizona d'El Cid,MPB,TOMOSUKE,1,0,0,0,0,---,NO PLAY,---,5,0,0,0,---,NO PLAY,---,9,0,0,0,---,NO PLAY,---,10,2154,995,164,4,FULLCOMBO CLEAR,AAA,0,0,0,0,---,NO PLAY,---,2025-10-19 14:40
HAPPY SKY,Twelfth Style,HAPPY EURO PARADISE,Tatsh&DAYBREAKERS NEXT,5,0,0,0,0,---,NO PLAY,---,6,0,0,0,---,NO PLAY,---,7,0,0,0,---,NO PLAY,---,10,0,0,0,---,FULLCOMBO CLEAR,---,12,2860,1281,298,19,EX HARD CLEAR,AA,2026-08-02 18:29
HAPPY SKY,Under the Sky,J-EUROTRANCE,南さやか(BeForU) with platoniX,1,0,0,0,0,---,NO PLAY,---,5,0,0,0,---,NO PLAY,---,7,0,0,0,---,NO PLAY,---,9,1654,783,88,0,FULLCOMBO CLEAR,AAA,0,0,0,0,---,NO PLAY,---,2025-09-20 12:42
HAPPY SKY,vault of heaven,ELECTROSHOCK,Mr.T,1,0,0,0,0,---,NO PLAY,---,4,0,0,0,---,NO PLAY,---,8,0,0,0,---,NO PLAY,---,10,1886,883,120,1,FULLCOMBO CLEAR,AAA,0,0,0,0,---,NO PLAY,---,2025-09-22 14:19
HAPPY SKY,Votum stellarum,ANTHEM TRANCE,iconoclasm,0,0,0,0,0,---,NO PLAY,---,4,0,0,0,---,NO PLAY,---,9,0,0,0,---,NO PLAY,---,10,0,0,0,---,FULLCOMBO CLEAR,---,0,0,0,0,---,NO PLAY,---,2025-09-17 20:38
HAPPY SKY,We are Disっ娘よっつ打ち命,DISCO,DANCE☆MAN feat. Disっ娘,0,0,0,0,0,---,NO PLAY,---,3,0,0,0,---,NO PLAY,---,5,0,0,0,---,NO PLAY,---,9,0,0,0,---,FULLCOMBO CLEAR,---,0,0,0,0,---,NO PLAY,---,2025-09-17 20:38
HAPPY SKY,Xepher,MEDIEVAL CHOIR,Tatsh,1,3,0,0,0,---,NO PLAY,---,5,0,0,0,---,NO PLAY,---,10,0,0,0,---,FULLCOMBO CLEAR,---,11,2752,1265,222,1,FULLCOMBO CLEAR,AAA,0,0,0,0,---,NO PLAY,---,2025-11-09 14:20
HAPPY SKY,オレはビートマニア！お前は何マニア？,FUNK,DANCE☆MAN,5,0,0,0,0,---,NO PLAY,---,7,0,0,0,---,NO PLAY,---,8,0,0,0,---,NO PLAY,---,10,1562,695,172,1,FULLCOMBO CLEAR,AAA,0,0,0,0,---,NO PLAY,---,2026-01-12 14:41
HAPPY SKY,ヒマワリ,J-HAPPY HARDCORE,小坂りゆ,2,0,0,0,0,---,NO PLAY,---,3,0,0,0,---,NO PLAY,---,9,0,0,0,---,NO PLAY,---,10,1978,947,84,1,FULLCOMBO CLEAR,AAA,0,0,0,0,---,NO PLAY,---,2026-02-05 14:25
HAPPY SKY,ラクエン,REGGAE,Chonan Chiharu,2,0,0,0,0,---,NO PLAY,---,4,0,0,0,---,NO PLAY,---,6,0,0,0,---,NO PLAY,---,11,1883,865,153,7,EX HARD CLEAR,AAA,0,0,0,0,---,NO PLAY,---,2025-11-09 14:15
HAPPY SKY,冥,HUMAN SEQUENCER,Amuro vs Killer,61,3,0,0,0,---,NO PLAY,---,5,0,0,0,---,NO PLAY,---,10,0,0,0,---,FULLCOMBO CLEAR,---,12,3044,1318,408,68,CLEAR,A,0,0,0,0,---,NO PLAY,---,2026-08-17 16:49
HAPPY SKY,合体せよ！ストロングイェーガー！！ (Ryu☆ remix),HARD DANCE,L.E.D./Remixed by Ryu☆,1,0,0,0,0,---,NO PLAY,---,5,0,0,0,---,NO PLAY,---,8,0,0,0,---,NO PLAY,---,11,1773,825,123,2,FULLCOMBO CLEAR,AAA,0,0,0,0,---,NO PLAY,---,2025-12-24 14:32
HAPPY SKY,月光,J-EUROBEAT,Tatsh feat. 星野奏子,2,0,0,0,0,---,NO PLAY,---,5,0,0,0,---,NO PLAY,---,8,0,0,0,---,NO PLAY,---,10,2279,1047,185,0,FULLCOMBO CLEAR,AAA,0,0,0,0,---,NO PLAY,---,2026-02-05 14:53
DistorteD,ALFARSHEAR 双神威に廻る夢,HYPER J-POP SEVEN,ＴЁЯＲＡ,3,2,0,0,0,---,NO PLAY,---,5,0,0,0,---,NO PLAY,---,7,0,0,0,---,NO PLAY,---,10,1963,928,107,1,FULLCOMBO CLEAR,AAA,0,0,0,0,---,NO PLAY,---,2025-10-06 13:13
DistorteD,Apocalypse ～dirge of swans～,ORATORIO,Zektbach,2,1,0,0,0,---,NO PLAY,---,5,0,0,0,---,NO PLAY,---,9,0,0,0,---,NO PLAY,---,10,2197,1009,179,1,FULLCOMBO CLEAR,AAA,0,0,0,0,---,NO PLAY,---,2026-01-22 13:57
DistorteD,BALLAD THE FEATHERS,CELTIC REEL,S.S.D.FANTASICA feat.Naomi Koizumi,0,0,0,0,0,---,NO PLAY,---,4,0,0,0,---,NO PLAY,---,6,0,0,0,---,NO PLAY,---,8,0,0,0,---,FULLCOMBO CLEAR,---,0,0,0,0,---,NO PLAY,---,2025-09-17 20:38
DistorteD,Bloody Tears(IIDX EDITION),HARD RENAISSANCE,DJ YOSHITAKA,1,0,0,0,0,---,NO PLAY,---,5,0,0,0,---,NO PLAY,---,9,0,0,0,---,NO PLAY,---,10,2056,971,114,5,FULLCOMBO CLEAR,AAA,0,0,0,0,---,NO PLAY,---,2025-11-22 13:03
DistorteD,BOOM BOOM DISCO NIGHT,EUROBEAT,Y&Co.,1,0,0,0,0,---,NO PLAY,---,5,0,0,0,---,NO PLAY,---,8,0,0,0,---,NO PLAY,---,10,2071,940,191,1,FULLCOMBO CLEAR,AAA,0,0,0,0,---,NO PLAY,---,2025-11-08 12:33
DistorteD,Broadbanded,TRANCE,SADA,7,0,0,0,0,---,NO PLAY,---,5,0,0,0,---,NO PLAY,---,8,0,0,0,---,NO PLAY,---,11,1819,822,175,2,FULLCOMBO CLEAR,AAA,0,0,0,0,---,NO PLAY,---,2025-10-09 17:19
DistorteD,Concertino in Blue,PROGRESSIVE,佐々木博史,2,2,0,0,0,---,NO PLAY,---,5,0,0,0,---,NO PLAY,---,10,0,0,0,---,FULLCOMBO CLEAR,---,12,2211,921,369,17,EX HARD CLEAR,AA,0,0,0,0,---,NO PLAY,---,2026-06-10 16:17
DistorteD,CONTRACT,SUBLIME TECHNO,朱雀,41,0,0,0,0,---,NO PLAY,---,9,0,0,0,---,NO PLAY,---,10,0,0,0,---,FULLCOMBO CLEAR,---,11,1910,878,154,2,FULLCOMBO CLEAR,AAA,12,2393,1076,241,14,EX HARD CLEAR,AA,2026-08-08 13:07
DistorteD,D.C.fish,TECHNO,DJ MURASAME,2,0,0,0,0,---,NO PLAY,---,5,0,0,0,---,NO PLAY,---,9,0,0,0,---,NO PLAY,---,11,2167,1004,159,2,FULLCOMBO CLEAR,AAA,0,0,0,0,---,NO PLAY,---,2026-01-22 15:56
DistorteD,DEEP ROAR,SUPER RAVE BEAT ,NAOKI&Tatsh,1,0,0,0,0,---,NO PLAY,---,5,0,0,0,---,NO PLAY,---,7,0,0,0,---,NO PLAY,---,11,2578,1204,170,1,FULLCOMBO CLEAR,AAA,0,0,0,0,---,NO PLAY,---,2025-10-12 16:25
DistorteD,Double Loving Heart,J-POP,Tatsh feat. Junko Hirata & Sayaka Minami,0,0,0,0,0,---,NO PLAY,---,3,0,0,0,---,NO PLAY,---,6,0,0,0,---,NO PLAY,---,9,0,0,0,---,FULLCOMBO CLEAR,---,0,0,0,0,---,NO PLAY,---,2025-09-17 20:38
DistorteD,DUE TOMORROW,TECHNO,Mr.T,10,0,0,0,0,---,NO PLAY,---,6,0,0,0,---,NO PLAY,---,9,0,0,0,---,NO PLAY,---,12,1760,752,256,16,EX HARD CLEAR,AA,0,0,0,0,---,NO PLAY,---,2026-02-28 15:22
DistorteD,EURO-ROMANCE,80's TECHNO,K-MASERA,3,0,0,0,0,---,NO PLAY,---,5,0,0,0,---,NO PLAY,---,8,0,0,0,---,NO PLAY,---,10,2000,947,106,2,FULLCOMBO CLEAR,AAA,0,0,0,0,---,NO PLAY,---,2026-04-23 14:33
DistorteD,Ganymede,ESOTERIC SLOWCORE,玄武,15,0,0,0,0,---,NO PLAY,---,6,0,0,0,---,NO PLAY,---,10,0,0,0,---,FULLCOMBO CLEAR,---,11,2110,951,208,3,EX HARD CLEAR,AA,12,2268,993,282,13,EX HARD CLEAR,AA,2026-07-04 14:34
DistorteD,Harmony and Lovely,PROGRESSIVE HOUSE,Ryu☆,5,0,0,0,0,---,NO PLAY,---,4,0,0,0,---,NO PLAY,---,8,0,0,0,---,NO PLAY,---,11,2005,913,179,5,FULLCOMBO CLEAR,AAA,0,0,0,0,---,NO PLAY,---,2026-02-13 14:20
DistorteD,Heavenly Sun (IIDX VERSION),TRANCE,AKIRA YAMAOKA,9,0,0,0,0,---,NO PLAY,---,4,0,0,0,---,NO PLAY,---,7,0,0,0,---,NO PLAY,---,10,1990,935,120,0,FULLCOMBO CLEAR,AAA,0,0,0,0,---,NO PLAY,---,2026-08-07 20:13
DistorteD,INFERNO,BRAZILIAN HOUSE,Caldeira feat.星野奏子,1,0,0,0,0,---,NO PLAY,---,5,0,0,0,---,NO PLAY,---,7,0,0,0,---,NO PLAY,---,9,1796,807,182,1,FULLCOMBO CLEAR,AAA,0,0,0,0,---,NO PLAY,---,2026-03-15 15:39
DistorteD,Leaving...,SYMPHONIC EURO,SEIYA MURAI meets “eimy”,3,0,0,0,0,---,NO PLAY,---,4,0,0,0,---,NO PLAY,---,8,0,0,0,---,NO PLAY,---,10,2026,938,150,1,FULLCOMBO CLEAR,AAA,0,0,0,0,---,NO PLAY,---,2026-05-09 12:38
DistorteD,MINT,ELECTRONICA,SLAKE,1,0,0,0,0,---,NO PLAY,---,6,0,0,0,---,NO PLAY,---,10,0,0,0,---,FULLCOMBO CLEAR,---,11,2153,1002,149,0,FULLCOMBO CLEAR,AAA,0,0,0,0,---,NO PLAY,---,2026-01-15 15:04
DistorteD,MOON,哀愁ユーロ,dj TAKA feat.Erika Mochizuki,0,0,0,0,0,---,NO PLAY,---,5,0,0,0,---,NO PLAY,---,9,0,0,0,---,NO PLAY,---,10,0,0,0,---,FULLCOMBO CLEAR,---,0,0,0,0,---,NO PLAY,---,2025-09-17 20:38
DistorteD,Power of Love,2 STEP,kors k feat.PSY,0,0,0,0,0,---,NO PLAY,---,5,0,0,0,---,NO PLAY,---,7,0,0,0,---,NO PLAY,---,10,0,0,0,---,FULLCOMBO CLEAR,---,0,0,0,0,---,NO PLAY,---,2025-09-17 20:38
DistorteD,So Fabulous !!,BUCHIAGE TRANCE,HHH (Ryu☆ & Dai),0,0,0,0,0,---,NO PLAY,---,5,0,0,0,---,NO PLAY,---,8,0,0,0,---,NO PLAY,---,10,0,0,0,---,FULLCOMBO CLEAR,---,0,0,0,0,---,NO PLAY,---,2025-09-17 20:38
DistorteD,Sun Field,HAPPY POP,mh sequence,2,0,0,0,0,---,NO PLAY,---,3,0,0,0,---,NO PLAY,---,8,0,0,0,---,NO PLAY,---,11,2266,1050,166,4,EX HARD CLEAR,AAA,0,0,0,0,---,NO PLAY,---,2026-08-01 14:09
DistorteD,The Dirty of Loudness,SADISTIC HARDCORE,Tatsh Assault X,2,0,0,0,0,---,NO PLAY,---,7,0,0,0,---,NO PLAY,---,10,0,0,0,---,FULLCOMBO CLEAR,---,11,2363,1059,245,4,FULLCOMBO CLEAR,AAA,0,0,0,0,---,NO PLAY,---,2026-01-10 17:31
DistorteD,This is Love,CORE POP,D-crew feat.MAKOTO,8,0,0,0,0,---,NO PLAY,---,4,0,0,0,---,NO PLAY,---,8,0,0,0,---,NO PLAY,---,10,2349,1113,123,2,FULLCOMBO CLEAR,AAA,0,0,0,0,---,NO PLAY,---,2026-05-09 12:48
DistorteD,tripping contact(teranoid&MC Natsack Remix),GABBA,kors k vs teranoid,1,0,0,0,0,---,NO PLAY,---,6,0,0,0,---,NO PLAY,---,10,0,0,0,---,FULLCOMBO CLEAR,---,11,2334,1094,146,8,EX HARD CLEAR,AAA,0,0,0,0,---,NO PLAY,---,2026-02-11 15:39
DistorteD,TYPE MARS(G-Style Mix),PSYCHEDELIC TRANCE,L.E.D.,3,0,0,0,0,---,NO PLAY,---,5,0,0,0,---,NO PLAY,---,9,0,0,0,---,NO PLAY,---,11,2230,1029,172,9,EX HARD CLEAR,AAA,0,0,0,0,---,NO PLAY,---,2026-06-03 13:49
DistorteD,waxing and wanding,DANCE SPEED,青龍,8,0,0,0,0,---,NO PLAY,---,7,0,0,0,---,NO PLAY,---,10,0,0,0,---,FULLCOMBO CLEAR,---,11,2785,1334,117,1,FULLCOMBO CLEAR,AAA,12,3636,1682,272,9,EX HARD CLEAR,AAA,2026-06-28 15:07
DistorteD,Why did you go away,LOVERS EUROBEAT,jun with TAHIRIH,2,3,0,0,0,---,NO PLAY,---,5,0,0,0,---,NO PLAY,---,8,0,0,0,---,NO PLAY,---,10,2096,956,184,0,FULLCOMBO CLEAR,AAA,0,0,0,0,---,NO PLAY,---,2026-05-18 12:51
DistorteD,WISH(EUROBEAT MIX),EUROBEAT,DJ YOSHITAKA feat.杉村ことみ,0,0,0,0,0,---,NO PLAY,---,5,0,0,0,---,NO PLAY,---,8,0,0,0,---,NO PLAY,---,9,0,0,0,---,FULLCOMBO CLEAR,---,0,0,0,0,---,NO PLAY,---,2025-09-17 20:38
DistorteD,with you…,FUNK'N JAZZ HOUSE,Sota Fujimori,0,0,0,0,0,---,NO PLAY,---,4,0,0,0,---,NO PLAY,---,6,0,0,0,---,NO PLAY,---,9,0,0,0,---,FULLCOMBO CLEAR,---,0,0,0,0,---,NO PLAY,---,2025-09-17 20:38
DistorteD,Zenius -I- vanisher,CYBER OPUS,Tatsh,3,0,0,0,0,---,NO PLAY,---,5,0,0,0,---,NO PLAY,---,7,0,0,0,---,FULLCOMBO CLEAR,---,10,2240,1046,148,2,FULLCOMBO CLEAR,AAA,0,0,0,0,---,NO PLAY,---,2026-06-05 13:14
DistorteD,カゴノトリ～弐式～,和式電子音楽,橙色特別室,2,0,0,0,0,---,NO PLAY,---,6,0,0,0,---,NO PLAY,---,9,0,0,0,---,NO PLAY,---,12,2371,1072,227,2,FULLCOMBO CLEAR,AAA,0,0,0,0,---,NO PLAY,---,2025-10-26 15:01
DistorteD,タシカナモノ,POPROCK,星野奏子 with the BAND,0,0,0,0,0,---,NO PLAY,---,5,0,0,0,---,NO PLAY,---,7,0,0,0,---,NO PLAY,---,9,0,0,0,---,FULLCOMBO CLEAR,---,0,0,0,0,---,NO PLAY,---,2025-09-17 20:38
DistorteD,嘆きの樹,CONTEMPORARY,金獅子,22,0,0,0,0,---,NO PLAY,---,8,0,0,0,---,NO PLAY,---,11,2335,1071,193,0,FULLCOMBO CLEAR,AAA,12,3308,1461,386,40,HARD CLEAR,AA,0,0,0,0,---,NO PLAY,---,2026-08-17 16:18
DistorteD,罠,DRUM'N'ROCK,good-cool,0,0,0,0,0,---,NO PLAY,---,3,0,0,0,---,NO PLAY,---,8,0,0,0,---,NO PLAY,---,10,0,0,0,---,FULLCOMBO CLEAR,---,0,0,0,0,---,NO PLAY,---,2025-09-17 20:38
DistorteD,華蝶風雪,ASIAN MIXTURE,白虎,5,0,0,0,0,---,NO PLAY,---,6,0,0,0,---,NO PLAY,---,10,0,0,0,---,FULLCOMBO CLEAR,---,11,2872,1383,106,5,EX HARD CLEAR,AAA,12,3787,1803,181,12,EX HARD CLEAR,AAA,2026-05-21 15:40
DistorteD,虹色,LOVELY TRANS POP,DJ YOSHITAKA feat. G.S.C license,0,0,0,0,0,---,NO PLAY,---,5,0,0,0,---,NO PLAY,---,8,0,0,0,---,NO PLAY,---,9,0,0,0,---,FULLCOMBO CLEAR,---,0,0,0,0,---,NO PLAY,---,2025-09-17 20:38
GOLD,2hot2eat,HINDU SALSA,Osamu Kubota,0,0,0,0,0,---,NO PLAY,---,4,0,0,0,---,NO PLAY,---,7,0,0,0,---,NO PLAY,---,9,0,0,0,---,FULLCOMBO CLEAR,---,0,0,0,0,---,NO PLAY,---,2025-09-17 20:38
GOLD,Air Bell,FLOW POP,D-crew,1,0,0,0,0,---,NO PLAY,---,5,0,0,0,---,NO PLAY,---,6,0,0,0,---,NO PLAY,---,8,1621,757,107,0,FULLCOMBO CLEAR,AAA,0,0,0,0,---,NO PLAY,---,2026-01-17 13:04
GOLD,ANDROMEDA II,PSYCHEDELIC SYNTH TRANCE,Sota Fujimori,0,0,0,0,0,---,NO PLAY,---,5,0,0,0,---,NO PLAY,---,9,0,0,0,---,NO PLAY,---,10,0,0,0,---,FULLCOMBO CLEAR,---,0,0,0,0,---,NO PLAY,---,2025-09-17 20:38
GOLD,Blind Justice ～Torn souls， Hurt Faiths ～,EPIC POETRY,Zektbach,1,0,0,0,0,---,NO PLAY,---,6,0,0,0,---,NO PLAY,---,8,0,0,0,---,NO PLAY,---,11,2365,1131,103,1,FULLCOMBO CLEAR,AAA,0,0,0,0,---,NO PLAY,---,2025-10-06 14:42
GOLD,Candy Galy,HAPPY,Risk Junk-G,7,0,0,0,0,---,NO PLAY,---,7,0,0,0,---,NO PLAY,---,10,0,0,0,---,FULLCOMBO CLEAR,---,12,3246,1500,246,2,EX HARD CLEAR,AAA,0,0,0,0,---,NO PLAY,---,2026-05-11 13:36
GOLD,CaptivAte～裁き～,NOSTALISH REQUIEM,DJ YOSHITAKA feat.A/I,0,3,0,0,0,---,NO PLAY,---,6,0,0,0,---,NO PLAY,---,8,0,0,0,---,NO PLAY,---,9,0,0,0,---,FULLCOMBO CLEAR,---,0,0,0,0,---,NO PLAY,---,2025-09-17 20:38
GOLD,CaptivAte～誓い～,NOSTALISH REQUIEM,A/I,0,0,0,0,0,---,NO PLAY,---,6,0,0,0,---,NO PLAY,---,9,0,0,0,---,NO PLAY,---,10,0,0,0,---,FULLCOMBO CLEAR,---,0,0,0,0,---,NO PLAY,---,2025-09-17 20:38
GOLD,CROSSROAD ～Left Story～,DRAMATIC EURO TRANCE,jun with TAHIRIH,1,0,0,0,0,---,NO PLAY,---,5,0,0,0,---,NO PLAY,---,8,0,0,0,---,NO PLAY,---,10,2135,1039,57,1,FULLCOMBO CLEAR,AAA,0,0,0,0,---,NO PLAY,---,2026-08-15 12:38
GOLD,Cyber Force,CYBORG TRANCE,Sota Fujimori feat.cyborg AKEMI,2,0,0,0,0,---,NO PLAY,---,5,0,0,0,---,NO PLAY,---,9,0,0,0,---,NO PLAY,---,10,2165,983,199,2,FULLCOMBO CLEAR,AAA,0,0,0,0,---,NO PLAY,---,2026-07-11 12:14
GOLD,Fascination MAXX,SuperNOVA BEAT,100-200-400,23,0,0,0,0,---,NO PLAY,---,9,0,0,0,---,NO PLAY,---,11,1562,722,118,7,EX HARD CLEAR,AAA,12,2262,1028,206,12,EX HARD CLEAR,AA,0,0,0,0,---,NO PLAY,---,2026-06-04 16:58
GOLD,FIRE FIRE,BUCHIAGE TRANCE,StripE,6,3,0,0,0,---,NO PLAY,---,7,0,0,0,---,NO PLAY,---,10,0,0,0,---,FULLCOMBO CLEAR,---,12,2416,1074,268,9,EX HARD CLEAR,AA,0,0,0,0,---,NO PLAY,---,2026-06-04 13:54
GOLD,four-leaf,ROCK,Sis Bond Chit,0,0,0,0,0,---,NO PLAY,---,4,0,0,0,---,NO PLAY,---,6,0,0,0,---,NO PLAY,---,8,0,0,0,---,FULLCOMBO CLEAR,---,0,0,0,0,---,NO PLAY,---,2025-09-17 20:38
GOLD,GOLD RUSH,RECKLESS RAVE,DJ YOSHITAKA-G feat.Michael a la mode,3,3,0,0,0,---,NO PLAY,---,7,0,0,0,---,NO PLAY,---,9,0,0,0,---,NO PLAY,---,11,2209,1022,165,1,FULLCOMBO CLEAR,AAA,0,0,0,0,---,NO PLAY,---,2026-08-17 14:55
GOLD,GRID KNIGHT,ELECTRONICA,SAW WAVE SQUAD,3,0,0,0,0,---,NO PLAY,---,6,0,0,0,---,NO PLAY,---,8,0,0,0,---,NO PLAY,---,10,0,0,0,---,FULLCOMBO CLEAR,---,12,3151,1451,249,21,FULLCOMBO CLEAR,AAA,2025-12-20 14:36
GOLD,heaven above,FILTER HOUSE,kors k,1,0,0,0,0,---,NO PLAY,---,5,0,0,0,---,NO PLAY,---,7,0,0,0,---,NO PLAY,---,9,1700,780,140,2,FULLCOMBO CLEAR,AAA,0,0,0,0,---,NO PLAY,---,2025-12-01 12:18
GOLD,High School Love,HIGH SPEED LOVE SONG,DJ YOSHITAKA feat.DWP,2,2,0,0,0,---,NO PLAY,---,4,0,0,0,---,NO PLAY,---,6,0,0,0,---,NO PLAY,---,9,2147,1041,65,0,FULLCOMBO CLEAR,AAA,0,0,0,0,---,NO PLAY,---,2026-02-21 14:20
GOLD,INORI,MILLENNIUM TRANCE,dj TAKA feat.HAL,2,0,0,0,0,---,NO PLAY,---,6,0,0,0,---,NO PLAY,---,10,0,0,0,---,FULLCOMBO CLEAR,---,11,2904,1326,252,15,FULLCOMBO CLEAR,AAA,0,0,0,0,---,NO PLAY,---,2026-01-22 15:08
GOLD,KAMAITACHI,FREEFORM HARDCORE,DJ TECHNORCH fw. GUHROOVY,47,0,0,0,0,---,NO PLAY,---,6,0,0,0,---,NO PLAY,---,9,0,0,0,---,NO PLAY,---,11,2485,1146,193,2,FULLCOMBO CLEAR,AAA,12,3038,1261,516,55,HARD CLEAR,A,2026-06-09 13:47
GOLD,LASER CRUSTER,NU-SKOOL BREAKS,L.E.D.,2,0,0,0,0,---,NO PLAY,---,7,0,0,0,---,NO PLAY,---,11,2289,1053,183,4,FULLCOMBO CLEAR,AAA,12,2917,1321,275,5,EX HARD CLEAR,AA,0,0,0,0,---,NO PLAY,---,2026-01-25 14:48
GOLD,Love Again...,POPS,Tatsh feat. Junko Hirata,0,0,0,0,0,---,NO PLAY,---,3,0,0,0,---,NO PLAY,---,4,0,0,0,---,NO PLAY,---,5,0,0,0,---,FULLCOMBO CLEAR,---,0,0,0,0,---,NO PLAY,---,2025-09-17 20:38
GOLD,Make Me Your Own,HOUSE,good-cool ft. Raj Ramayya,4,0,0,0,0,---,NO PLAY,---,5,0,0,0,---,NO PLAY,---,9,0,0,0,---,NO PLAY,---,10,1944,889,166,7,EX HARD CLEAR,AAA,0,0,0,0,---,NO PLAY,---,2026-05-21 15:14
GOLD,METALLIC MIND,OLDSKOOL HARDCORE RAVE,DJ TECHNORCH fw. GUHROOVY,0,0,0,0,0,---,NO PLAY,---,4,0,0,0,---,NO PLAY,---,8,0,0,0,---,NO PLAY,---,9,0,0,0,---,FULLCOMBO CLEAR,---,0,0,0,0,---,NO PLAY,---,2025-09-17 20:38
GOLD,never…,DANCE POP,Kanako Hoshino with dj TAKA,0,0,0,0,0,---,NO PLAY,---,4,0,0,0,---,NO PLAY,---,7,0,0,0,---,NO PLAY,---,8,0,0,0,---,FULLCOMBO CLEAR,---,0,0,0,0,---,NO PLAY,---,2025-09-17 20:38
GOLD,op.31 叙情,PIANO CONCERTO,akiko,3,0,0,0,0,---,NO PLAY,---,4,0,0,0,---,NO PLAY,---,9,0,0,0,---,NO PLAY,---,10,1307,551,205,16,EX HARD CLEAR,AA,0,0,0,0,---,NO PLAY,---,2026-07-11 15:40
GOLD,PHOTONGENIC,DRUM & BASS,L.E.D. fw.堀澤麻衣子,1,0,0,0,0,---,NO PLAY,---,7,0,0,0,---,NO PLAY,---,10,0,0,0,---,FULLCOMBO CLEAR,---,10,2167,1013,141,0,FULLCOMBO CLEAR,AAA,0,0,0,0,---,NO PLAY,---,2026-07-16 19:11
GOLD,Roulette,EUROBEAT,Y&Co.,0,0,0,0,0,---,NO PLAY,---,5,0,0,0,---,NO PLAY,---,8,0,0,0,---,NO PLAY,---,10,0,0,0,---,FULLCOMBO CLEAR,---,0,0,0,0,---,NO PLAY,---,2025-09-17 20:38
GOLD,Second Heaven,HANDZ UP,Ryu☆,3,1,0,0,0,---,NO PLAY,---,5,0,0,0,---,NO PLAY,---,8,0,0,0,---,NO PLAY,---,11,1981,924,133,1,EX HARD CLEAR,AAA,0,0,0,0,---,NO PLAY,---,2026-08-08 13:36
GOLD,Sense 2007,RAVE,good-cool,7,0,0,0,0,---,NO PLAY,---,9,0,0,0,---,NO PLAY,---,11,2013,899,215,21,EX HARD CLEAR,AA,12,2547,1107,333,35,EX HARD CLEAR,AA,0,0,0,0,---,NO PLAY,---,2026-05-20 16:30
GOLD,smile,ELE POP,miru_maki.gjw,2,0,0,0,0,---,NO PLAY,---,7,0,0,0,---,NO PLAY,---,9,0,0,0,---,NO PLAY,---,11,2731,1294,143,11,EX HARD CLEAR,AAA,0,0,0,0,---,NO PLAY,---,2026-02-21 14:21
GOLD,snow storm,TRANCE,dj TAKA,3,1,0,0,0,---,NO PLAY,---,4,0,0,0,---,NO PLAY,---,9,0,0,0,---,NO PLAY,---,10,2564,1171,222,1,FULLCOMBO CLEAR,AAA,12,3097,1416,265,0,FULLCOMBO CLEAR,AAA,2026-07-03 20:14
GOLD,the shadow,SCHRANZ,kors k,2,0,0,0,0,---,NO PLAY,---,6,0,0,0,---,NO PLAY,---,9,0,0,0,---,NO PLAY,---,11,2660,1199,262,2,FULLCOMBO CLEAR,AAA,0,0,0,0,---,NO PLAY,---,2026-05-09 13:12
GOLD,The Smile of You,POP,猫叉Master feat.JESSY,0,0,0,0,0,---,NO PLAY,---,4,0,0,0,---,NO PLAY,---,7,0,0,0,---,NO PLAY,---,8,0,0,0,---,FULLCOMBO CLEAR,---,0,0,0,0,---,NO PLAY,---,2025-09-17 20:38
GOLD,TRANOID,PSG WORKS,T&S seq. factory,2,0,0,0,0,---,NO PLAY,---,5,0,0,0,---,NO PLAY,---,10,0,0,0,---,FULLCOMBO CLEAR,---,11,2035,920,195,8,EX HARD CLEAR,AAA,12,2532,1123,286,45,HARD CLEAR,AA,2025-12-20 16:57
GOLD,VANESSA,DECEPTIVE GABBA,朱雀,11,0,0,0,0,---,NO PLAY,---,8,0,0,0,---,NO PLAY,---,11,1709,788,133,2,EX HARD CLEAR,AAA,12,2127,939,249,20,EX HARD CLEAR,AA,12,2826,1211,404,48,HARD CLEAR,AA,2026-04-21 14:16
GOLD,Watch out!!,HIP HOP,MAD Sequence*,12,0,0,0,0,---,NO PLAY,---,4,0,0,0,---,NO PLAY,---,6,0,0,0,---,NO PLAY,---,9,1452,638,176,4,EX HARD CLEAR,AA,0,0,0,0,---,NO PLAY,---,2026-08-08 11:53
GOLD,With your Smile,J-HOUSE,Shoichiro Hirata plus Junko Hirata,0,0,0,0,0,---,NO PLAY,---,4,0,0,0,---,NO PLAY,---,6,0,0,0,---,NO PLAY,---,8,0,0,0,---,FULLCOMBO CLEAR,---,0,0,0,0,---,NO PLAY,---,2025-09-17 20:38
GOLD,クルクル☆ラブ～Opioid Peptide MIX～,FUTURE POP,イオンチャンネル,1,2,0,0,0,---,NO PLAY,---,5,0,0,0,---,NO PLAY,---,8,0,0,0,---,NO PLAY,---,10,2037,927,183,27,FULLCOMBO CLEAR,AAA,0,0,0,0,---,NO PLAY,---,2025-09-28 14:06
GOLD,ヨシダさん,TECHNO,AKIRA YAMAOKA,1,0,0,0,0,---,NO PLAY,---,5,0,0,0,---,NO PLAY,---,7,0,0,0,---,NO PLAY,---,9,1874,892,90,1,FULLCOMBO CLEAR,AAA,0,0,0,0,---,NO PLAY,---,2026-04-23 14:47
GOLD,リグレット,EURO TRANCE,星野奏子,0,0,0,0,0,---,NO PLAY,---,6,0,0,0,---,NO PLAY,---,8,0,0,0,---,NO PLAY,---,10,0,0,0,---,FULLCOMBO CLEAR,---,0,0,0,0,---,NO PLAY,---,2025-09-17 20:38
GOLD,星をこの手に,J-POP,DJ YOSHITAKA feat.星野奏子,1,0,0,0,0,---,NO PLAY,---,7,0,0,0,---,NO PLAY,---,9,0,0,0,---,NO PLAY,---,10,1956,883,190,4,FULLCOMBO CLEAR,AAA,0,0,0,0,---,NO PLAY,---,2026-08-07 19:58
GOLD,花吹雪 ～ IIDX LIMITED ～,JAPANESE ALTERATION,S.S.D.FANTASICA feat.ユッコ,0,0,0,0,0,---,NO PLAY,---,4,0,0,0,---,NO PLAY,---,6,0,0,0,---,NO PLAY,---,8,0,0,0,---,FULLCOMBO CLEAR,---,0,0,0,0,---,NO PLAY,---,2025-09-17 20:38
GOLD,零 - ZERO -,HYPER J-POP ZERO,ＴЁЯＲＡ,4,1,0,0,0,---,NO PLAY,---,6,0,0,0,---,NO PLAY,---,8,0,0,0,---,NO PLAY,---,9,0,0,0,---,FULLCOMBO CLEAR,---,10,2619,1248,123,2,FULLCOMBO CLEAR,AAA,2026-06-05 13:43
GOLD,電人、暁に斃れる。,NU-NRG,L.E.D.-G,4,3,0,0,0,---,NO PLAY,---,7,0,0,0,---,NO PLAY,---,10,0,0,0,---,FULLCOMBO CLEAR,---,12,3004,1342,320,8,EX HARD CLEAR,AA,0,0,0,0,---,NO PLAY,---,2026-03-10 15:47
DJ TROOPERS,2 tribe 4 K,TRIBAL,Remo-con,2,0,0,0,0,---,NO PLAY,---,5,0,0,0,---,NO PLAY,---,7,0,0,0,---,NO PLAY,---,11,2522,1142,238,4,FULLCOMBO CLEAR,AAA,0,0,0,0,---,NO PLAY,---,2026-05-01 13:29
DJ TROOPERS,Anisakis -somatic mutation type"Forza"-,HARD RENAISSANCE,朱雀,42,0,0,0,0,---,NO PLAY,---,6,0,0,0,---,NO PLAY,---,10,0,0,0,---,FULLCOMBO CLEAR,---,11,2648,1222,204,3,FULLCOMBO CLEAR,AAA,12,3365,1501,363,20,EX HARD CLEAR,AA,2026-04-13 16:27
DJ TROOPERS,avant-guerre,CLASSICAL PIANO SOLO,Osamu Kubota,1,0,0,0,0,---,NO PLAY,---,4,0,0,0,---,NO PLAY,---,7,0,0,0,---,NO PLAY,---,10,1786,811,164,0,FULLCOMBO CLEAR,AAA,0,0,0,0,---,NO PLAY,---,2026-08-08 11:57
DJ TROOPERS,Be OK,EUROBEAT,good-cool ft. Florence,3,0,0,0,0,---,NO PLAY,---,5,0,0,0,---,NO PLAY,---,8,0,0,0,---,NO PLAY,---,10,0,0,0,---,FULLCOMBO CLEAR,---,11,3005,1357,291,6,FULLCOMBO CLEAR,AAA,2026-08-08 13:16
DJ TROOPERS,beatonic nation,TECH-TRONIKA,Sota Fujimori,0,0,0,0,0,---,NO PLAY,---,5,0,0,0,---,NO PLAY,---,8,0,0,0,---,NO PLAY,---,9,0,0,0,---,FULLCOMBO CLEAR,---,0,0,0,0,---,NO PLAY,---,2025-09-17 20:38
DJ TROOPERS,Blue Rain,TRANCE,dj TAKA VS Ryu☆,11,2,0,0,0,---,NO PLAY,---,6,0,0,0,---,NO PLAY,---,8,0,0,0,---,NO PLAY,---,11,2095,959,177,1,FULLCOMBO CLEAR,AAA,12,2952,1325,302,11,EX HARD CLEAR,AA,2026-07-11 13:38
DJ TROOPERS,Darling my LUV,J-R&B,DJ Yoshitaka feat.B-Agents,1,0,0,0,0,---,NO PLAY,---,4,0,0,0,---,NO PLAY,---,6,0,0,0,---,NO PLAY,---,8,0,0,0,---,FULLCOMBO CLEAR,---,0,0,0,0,---,NO PLAY,---,2026-01-08 15:25
DJ TROOPERS,Dazzlin' Darlin,HANDZ UP,HHH,2,2,0,0,0,---,NO PLAY,---,4,0,0,0,---,NO PLAY,---,7,0,0,0,---,NO PLAY,---,10,2140,1028,84,0,FULLCOMBO CLEAR,AAA,0,0,0,0,---,NO PLAY,---,2025-11-29 12:32
DJ TROOPERS,Digitank System,TECH-BREAKBEATS,DJ Mass MAD Izm*,8,0,0,0,0,---,NO PLAY,---,6,0,0,0,---,NO PLAY,---,9,0,0,0,---,NO PLAY,---,11,1890,830,230,8,EX HARD CLEAR,AA,0,0,0,0,---,NO PLAY,---,2026-02-24 14:51
DJ TROOPERS,Do it!! Do it!!,N-BEATS,Kraken,18,0,0,0,0,---,NO PLAY,---,8,0,0,0,---,NO PLAY,---,10,0,0,0,---,FULLCOMBO CLEAR,---,11,1683,750,183,5,EX HARD CLEAR,AA,12,2087,885,317,44,HARD CLEAR,AA,2026-06-10 15:22
DJ TROOPERS,end of world,FRENZY HOUSE,猫叉Master+,2,0,0,0,0,---,NO PLAY,---,6,0,0,0,---,NO PLAY,---,9,0,0,0,---,NO PLAY,---,10,2287,1030,227,0,FULLCOMBO CLEAR,AAA,0,0,0,0,---,NO PLAY,---,2026-01-03 17:48
DJ TROOPERS,evergreen,PROG,kors k,4,0,0,0,0,---,NO PLAY,---,5,0,0,0,---,NO PLAY,---,7,0,0,0,---,NO PLAY,---,10,1813,826,161,0,FULLCOMBO CLEAR,AAA,0,0,0,0,---,NO PLAY,---,2026-03-21 13:01
DJ TROOPERS,four pieces of heaven,JUNGLE,Lion,31,0,0,0,0,---,NO PLAY,---,5,0,0,0,---,NO PLAY,---,10,0,0,0,---,FULLCOMBO CLEAR,---,11,2068,894,280,8,EX HARD CLEAR,AA,12,2385,999,387,19,EX HARD CLEAR,AA,2026-06-09 13:18
DJ TROOPERS,Freeway Shuffle,TRANCE,dj TAKA,1,2,0,0,0,---,NO PLAY,---,4,0,0,0,---,NO PLAY,---,7,0,0,0,---,NO PLAY,---,10,1702,774,154,3,FULLCOMBO CLEAR,AAA,0,0,0,0,---,NO PLAY,---,2026-01-10 14:23
DJ TROOPERS,ICARUS,NU-SKOOL BREAKBEATS HARDCORE,Eagle,8,0,0,0,0,---,NO PLAY,---,7,0,0,0,---,NO PLAY,---,10,0,0,0,---,FULLCOMBO CLEAR,---,12,2205,988,229,10,EX HARD CLEAR,AA,12,2990,1276,438,84,CLEAR,A,2026-07-12 15:12
DJ TROOPERS,in the Sky,HAPPY HARDCORE,Ryu☆,1,0,0,0,0,---,NO PLAY,---,7,0,0,0,---,NO PLAY,---,9,0,0,0,---,NO PLAY,---,11,2479,1203,73,0,FULLCOMBO CLEAR,AAA,0,0,0,0,---,NO PLAY,---,2025-10-04 14:05
DJ TROOPERS,Kick Out 仮面,E-DANCE POP,上野圭市(aka. Babyweapon，DJ SWAMI)feat.星野奏子,1,0,0,0,0,---,NO PLAY,---,5,0,0,0,---,NO PLAY,---,7,0,0,0,---,NO PLAY,---,9,1945,926,93,0,FULLCOMBO CLEAR,AAA,0,0,0,0,---,NO PLAY,---,2026-02-05 14:36
DJ TROOPERS,LOVELY STORM,HAPPY HARDCORE,L.E.D.-G,2,0,0,0,0,---,NO PLAY,---,6,0,0,0,---,NO PLAY,---,9,0,0,0,---,NO PLAY,---,10,2606,1193,220,1,FULLCOMBO CLEAR,AAA,0,0,0,0,---,NO PLAY,---,2026-06-27 12:28
DJ TROOPERS,madrugada,PROGRESSIVE HOUSE,PINK PONG,1,0,0,0,0,---,NO PLAY,---,4,0,0,0,---,NO PLAY,---,7,0,0,0,---,NO PLAY,---,10,1709,775,159,1,FULLCOMBO CLEAR,AAA,0,0,0,0,---,NO PLAY,---,2026-01-19 15:15
DJ TROOPERS,MAX LOVE,LOVELY BUCHIAGE POP,DJ YOSHITAKA feat.星野奏子,2,0,0,0,0,---,NO PLAY,---,5,0,0,0,---,NO PLAY,---,8,0,0,0,---,NO PLAY,---,10,2590,1245,100,1,FULLCOMBO CLEAR,AAA,0,0,0,0,---,NO PLAY,---,2026-05-14 11:46
DJ TROOPERS,MENDES,IRREGULAR HI-BREAK,Humanoid,36,0,0,0,0,---,NO PLAY,---,6,0,0,0,---,NO PLAY,---,11,2429,1108,213,4,FULLCOMBO CLEAR,AAA,12,3043,1334,375,19,EX HARD CLEAR,AA,0,0,0,0,---,NO PLAY,---,2026-08-07 22:19
DJ TROOPERS,MENTAL MELTDOWN,HARD HOP,GUHROOVY fw.TECHNORCH,3,0,0,0,0,---,NO PLAY,---,6,0,0,0,---,NO PLAY,---,10,0,0,0,---,FULLCOMBO CLEAR,---,11,2465,1083,299,7,EX HARD CLEAR,AA,0,0,0,0,---,NO PLAY,---,2026-05-18 13:56
DJ TROOPERS,NEW GENERATION -もう、お前しか見えない-,ONLY ONE EURO BEAT,SUPER STAR 満-MITSURU-,4,0,0,0,0,---,NO PLAY,---,5,0,0,0,---,NO PLAY,---,9,0,0,0,---,NO PLAY,---,10,2398,1085,228,2,FULLCOMBO CLEAR,AAA,12,3198,1392,414,9,EX HARD CLEAR,AA,2026-01-29 13:14
DJ TROOPERS,oratio,HYMNUS,蓑舞衆,2,0,0,0,0,---,NO PLAY,---,7,0,0,0,---,NO PLAY,---,10,0,0,0,---,FULLCOMBO CLEAR,---,12,2714,1253,208,6,EX HARD CLEAR,AAA,0,0,0,0,---,NO PLAY,---,2026-01-15 16:51
DJ TROOPERS,PARANOiA ～HADES～,SUPERNOVA2 BEAT #1,αTYPE-300,13,0,0,0,0,---,NO PLAY,---,7,0,0,0,---,NO PLAY,---,11,1716,783,150,8,EX HARD CLEAR,AAA,12,2410,1092,226,15,EX HARD CLEAR,AA,0,0,0,0,---,NO PLAY,---,2026-06-02 15:32
DJ TROOPERS,PROMISE FOR LIFE,BALLAD,ＴЁЯＲＡ WORKS,0,0,0,0,0,---,NO PLAY,---,3,0,0,0,---,NO PLAY,---,7,0,0,0,---,NO PLAY,---,8,0,0,0,---,FULLCOMBO CLEAR,---,0,0,0,0,---,NO PLAY,---,2025-09-17 20:38
DJ TROOPERS,REMINISCENCE,TRI EURO FANTASIA,jun with Alison,1,0,0,0,0,---,NO PLAY,---,6,0,0,0,---,NO PLAY,---,9,0,0,0,---,NO PLAY,---,10,2159,997,165,3,FULLCOMBO CLEAR,AAA,0,0,0,0,---,NO PLAY,---,2026-08-02 13:08
DJ TROOPERS,Rising in the Sun(original mix),UK HARDCORE,kors k feat.Rie,4,0,0,0,0,---,NO PLAY,---,5,0,0,0,---,NO PLAY,---,9,0,0,0,---,NO PLAY,---,11,2169,990,189,8,FULLCOMBO CLEAR,AAA,0,0,0,0,---,NO PLAY,---,2026-04-21 13:39
DJ TROOPERS,Ristaccia,OUVERTURE,Zektbach,11,0,0,0,0,---,NO PLAY,---,6,0,0,0,---,NO PLAY,---,9,0,0,0,---,NO PLAY,---,12,2487,1124,239,0,FULLCOMBO CLEAR,AAA,0,0,0,0,---,NO PLAY,---,2026-08-15 12:01
DJ TROOPERS,satellite020712 from "CODED ARMS",HARD HOUSE,猫叉Master,2,0,0,0,0,---,NO PLAY,---,6,0,0,0,---,NO PLAY,---,9,0,0,0,---,NO PLAY,---,11,2309,1031,247,1,FULLCOMBO CLEAR,AAA,0,0,0,0,---,NO PLAY,---,2026-05-18 13:18
DJ TROOPERS,satfinal,RAVE,RAM,1,0,0,0,0,---,NO PLAY,---,5,0,0,0,---,NO PLAY,---,7,0,0,0,---,NO PLAY,---,9,1840,886,68,0,FULLCOMBO CLEAR,AAA,0,0,0,0,---,NO PLAY,---,2025-10-25 13:25
DJ TROOPERS,scar in the earth,WORLD/ELECTRONICA,猫叉Master,0,0,0,0,0,---,NO PLAY,---,4,0,0,0,---,NO PLAY,---,5,0,0,0,---,NO PLAY,---,8,0,0,0,---,FULLCOMBO CLEAR,---,0,0,0,0,---,NO PLAY,---,2025-09-17 20:38
DJ TROOPERS,SOUND OF GIALLARHORN,FREEFORM HARDCORE,L.E.D.-G,1,2,0,0,0,---,NO PLAY,---,6,0,0,0,---,NO PLAY,---,10,0,0,0,---,FULLCOMBO CLEAR,---,11,3104,1450,204,0,FULLCOMBO CLEAR,AAA,0,0,0,0,---,NO PLAY,---,2026-02-02 16:07
DJ TROOPERS,State Of The Art,TECHNOTRONICA,Sota Fujimori feat. cyborg AKEMI,5,0,0,0,0,---,NO PLAY,---,5,0,0,0,---,NO PLAY,---,8,0,0,0,---,NO PLAY,---,11,2882,1323,236,1,FULLCOMBO CLEAR,AAA,0,0,0,0,---,NO PLAY,---,2026-07-17 13:26
DJ TROOPERS,STEEL NEEDLE,BREAK CORE,Scorpion,23,0,0,0,0,---,NO PLAY,---,6,0,0,0,---,NO PLAY,---,10,0,0,0,---,FULLCOMBO CLEAR,---,11,2324,1076,172,8,EX HARD CLEAR,AAA,12,2791,1217,357,39,HARD CLEAR,AA,2026-08-17 15:32
DJ TROOPERS,switch,ULTIMATE J-POP,DAISUKE ASAKURA ex.ＴЁЯＲＡ,1,0,0,0,0,---,NO PLAY,---,5,0,0,0,---,NO PLAY,---,9,0,0,0,---,NO PLAY,---,11,1904,862,180,7,FULLCOMBO CLEAR,AAA,0,0,0,0,---,NO PLAY,---,2026-01-25 15:38
DJ TROOPERS,THE DEEP STRIKER,NU STYLE GABBA,L.E.D.-G,2,2,0,0,0,---,NO PLAY,---,6,0,0,0,---,NO PLAY,---,10,0,0,0,---,FULLCOMBO CLEAR,---,11,2750,1258,234,2,EX HARD CLEAR,AAA,12,3166,1452,262,28,EX HARD CLEAR,AAA,2026-01-08 14:03
DJ TROOPERS,the trigger of innocence,ETHNOTRONICA,Seiya Murai,4,0,0,0,0,---,NO PLAY,---,5,0,0,0,---,NO PLAY,---,7,0,0,0,---,NO PLAY,---,9,0,0,0,---,FULLCOMBO CLEAR,---,11,2978,1425,128,2,FULLCOMBO CLEAR,AAA,2026-01-15 16:33
DJ TROOPERS,Time to Air,DANCE SPEED,青龍,22,0,0,0,0,---,NO PLAY,---,6,0,0,0,---,NO PLAY,---,10,0,0,0,---,FULLCOMBO CLEAR,---,11,2664,1232,200,8,EX HARD CLEAR,AAA,12,3264,1489,286,44,HARD CLEAR,AA,2026-08-08 16:10
DJ TROOPERS,TRIP MACHINE PhoeniX,SUPERNOVA2 BEAT #2,DE-SIRE改,3,0,0,0,0,---,NO PLAY,---,6,0,0,0,---,NO PLAY,---,9,0,0,0,---,NO PLAY,---,10,1690,776,138,1,FULLCOMBO CLEAR,AAA,0,0,0,0,---,NO PLAY,---,2025-12-13 14:17
DJ TROOPERS,TROOPERS,ULTIMATE CORE,Des-TRACT,3,0,0,0,0,---,NO PLAY,---,6,0,0,0,---,NO PLAY,---,10,0,0,0,---,FULLCOMBO CLEAR,---,12,2721,1266,189,8,EX HARD CLEAR,AAA,0,0,0,0,---,NO PLAY,---,2026-03-12 11:50
DJ TROOPERS,Ubertreffen,PROGRESSIVE BAROQUE,TAKA respect for J.S.B.,3,0,0,0,0,---,NO PLAY,---,6,0,0,0,---,NO PLAY,---,10,0,0,0,---,FULLCOMBO CLEAR,---,11,2320,1055,210,1,FULLCOMBO CLEAR,AAA,12,2808,1226,356,18,EX HARD CLEAR,AA,2026-01-16 14:47
DJ TROOPERS,Wanna Party?,PIANO HOUSE,RAM,8,0,0,0,0,---,NO PLAY,---,4,0,0,0,---,NO PLAY,---,7,0,0,0,---,NO PLAY,---,8,0,0,0,---,FULLCOMBO CLEAR,---,11,2459,1165,129,1,FULLCOMBO CLEAR,AAA,2026-06-04 17:21
DJ TROOPERS,エコ爺,80's EURO,Y&Co.,0,2,0,0,0,---,NO PLAY,---,4,0,0,0,---,NO PLAY,---,6,0,0,0,---,NO PLAY,---,9,0,0,0,---,FULLCOMBO CLEAR,---,0,0,0,0,---,NO PLAY,---,2025-09-17 20:38
DJ TROOPERS,マチ子の唄,EDUCATION,AKIRA YAMAOKA,0,0,0,0,0,---,NO PLAY,---,4,0,0,0,---,NO PLAY,---,6,0,0,0,---,NO PLAY,---,8,0,0,0,---,FULLCOMBO CLEAR,---,0,0,0,0,---,NO PLAY,---,2025-09-17 20:38
DJ TROOPERS,ミラージュ・レジデンス,FUSION,Jimmy Weckl,3,0,0,0,0,---,NO PLAY,---,5,0,0,0,---,NO PLAY,---,9,0,0,0,---,NO PLAY,---,10,0,0,0,---,FULLCOMBO CLEAR,---,12,3001,1371,259,16,EX HARD CLEAR,AAA,2026-01-08 15:33
DJ TROOPERS,少年A,POST RENAISSANCE,Remixed by 少年ラジオ,4,0,0,0,0,---,NO PLAY,---,6,0,0,0,---,NO PLAY,---,10,0,0,0,---,FULLCOMBO CLEAR,---,12,2505,1129,247,16,EX HARD CLEAR,AA,0,0,0,0,---,NO PLAY,---,2026-04-21 14:09
DJ TROOPERS,華爛漫 -Flowers-,HYPER JAPANESQUE 2,ＴЁЯＲＡ,6,2,0,0,0,---,NO PLAY,---,6,0,0,0,---,NO PLAY,---,8,0,0,0,---,NO PLAY,---,10,1926,905,116,0,FULLCOMBO CLEAR,AAA,12,2868,1310,248,4,FULLCOMBO CLEAR,AAA,2026-07-08 19:32
DJ TROOPERS,走馬灯 -The Last Song-,SOLDIER'S BALLAD,TAKA,1,0,0,0,0,---,NO PLAY,---,3,0,0,0,---,NO PLAY,---,4,0,0,0,---,NO PLAY,---,7,1297,624,49,0,FULLCOMBO CLEAR,AAA,0,0,0,0,---,NO PLAY,---,2025-12-25 16:32
DJ TROOPERS,高高度降下低高度開傘,SYMPHONIC TECHNO,Dr.Honda,0,0,0,0,0,---,NO PLAY,---,5,0,0,0,---,NO PLAY,---,8,0,0,0,---,NO PLAY,---,9,0,0,0,---,FULLCOMBO CLEAR,---,0,0,0,0,---,NO PLAY,---,2025-09-17 20:38
EMPRESS,3y3s,DANCE SPEED,青龍,13,3,0,0,0,---,NO PLAY,---,7,0,0,0,---,NO PLAY,---,10,0,0,0,---,FULLCOMBO CLEAR,---,12,2928,1253,422,39,HARD CLEAR,AA,0,0,0,0,---,NO PLAY,---,2026-04-07 16:17
EMPRESS,ALL I NEED YOUR LOVE,HARD CORE,GUHROOVY fw. M-Project,0,0,0,0,0,---,NO PLAY,---,5,0,0,0,---,NO PLAY,---,7,0,0,0,---,NO PLAY,---,9,0,0,0,---,FULLCOMBO CLEAR,---,0,0,0,0,---,NO PLAY,---,2025-09-17 20:38
EMPRESS,ALL MY TURN -このターンに、オレの全てを賭ける-,ONLY ONE EURO BEAT,SUPER STAR 満-MITSURU-,2,0,0,0,0,---,NO PLAY,---,6,0,0,0,---,NO PLAY,---,9,0,0,0,---,NO PLAY,---,11,2350,1060,230,1,EX HARD CLEAR,AAA,0,0,0,0,---,NO PLAY,---,2025-12-06 15:17
EMPRESS,Arabian Rave Night,ARABIC HARDCORE,dj MAX STEROID,4,0,0,0,0,---,NO PLAY,---,6,0,0,0,---,NO PLAY,---,10,0,0,0,---,FULLCOMBO CLEAR,---,11,2748,1269,210,1,EX HARD CLEAR,AAA,12,3291,1475,341,14,EX HARD CLEAR,AA,2026-06-03 14:23
EMPRESS,B4U(BEMANI FOR YOU MIX),RECKLESS RAVE,Remixed by DJ YOSHITAKA with Michael a la mode,7,0,0,0,0,---,NO PLAY,---,6,0,0,0,---,NO PLAY,---,9,0,0,0,---,NO PLAY,---,11,3258,1470,318,5,EX HARD CLEAR,AAA,12,3955,1705,545,16,EX HARD CLEAR,AA,2026-04-21 13:56
EMPRESS,Bahram Attack-猫叉Master Remix-,HOUSE,猫叉Master feat.JUNE,7,0,0,0,0,---,NO PLAY,---,4,0,0,0,---,NO PLAY,---,9,0,0,0,---,NO PLAY,---,10,2441,1136,169,0,FULLCOMBO CLEAR,AAA,11,3019,1411,197,3,EX HARD CLEAR,AAA,2026-08-07 20:32
EMPRESS,BITTER CHOCOLATE STRIKER,JUMPSTYLE,L.E.D.-G,5,0,0,0,0,---,NO PLAY,---,5,0,0,0,---,NO PLAY,---,10,0,0,0,---,FULLCOMBO CLEAR,---,12,3552,1600,352,14,EX HARD CLEAR,AAA,0,0,0,0,---,NO PLAY,---,2026-07-12 13:14
EMPRESS,BRIDAL FESTIVAL !!!,HAPPY ☆ JIG,S.S.D. with ななっち,0,0,0,0,0,---,NO PLAY,---,4,0,0,0,---,NO PLAY,---,7,0,0,0,---,NO PLAY,---,9,0,0,0,---,FULLCOMBO CLEAR,---,0,0,0,0,---,NO PLAY,---,2025-09-17 20:38
EMPRESS,CaptivAte2～覚醒～,NOSTALISH REQUIEM,e-lma,3,1,0,0,0,---,NO PLAY,---,6,0,0,0,---,NO PLAY,---,9,0,0,0,---,NO PLAY,---,11,2237,1034,169,3,FULLCOMBO CLEAR,AAA,0,0,0,0,---,NO PLAY,---,2026-03-14 14:43
EMPRESS,Colorful Cookie,HAPPY HARDCORE,Lucky Vacuum,17,3,0,0,0,---,NO PLAY,---,5,0,0,0,---,NO PLAY,---,10,2230,1090,50,2,FULLCOMBO CLEAR,AAA,12,3121,1418,285,11,EX HARD CLEAR,AA,0,0,0,0,---,NO PLAY,---,2026-08-02 13:39
EMPRESS,Cyber Force -DJ Yoshitaka Remix-,BUCHIAGE TRANCE,Remixed by DJ YOSHITAKA,4,0,0,0,0,---,NO PLAY,---,5,0,0,0,---,NO PLAY,---,9,0,0,0,---,NO PLAY,---,10,2299,1045,209,1,FULLCOMBO CLEAR,AAA,0,0,0,0,---,NO PLAY,---,2026-05-11 12:57
EMPRESS,Flash Back 90's,MEGA MIX,kors k as disconation,4,0,0,0,0,---,NO PLAY,---,4,0,0,0,---,NO PLAY,---,8,0,0,0,---,NO PLAY,---,10,2142,973,196,1,FULLCOMBO CLEAR,AAA,11,2708,1252,204,3,FULLCOMBO CLEAR,AAA,2026-04-06 13:59
EMPRESS,Fly Above,DREAM TRANCE,Sota Fujimori,4,0,0,0,0,---,NO PLAY,---,5,0,0,0,---,NO PLAY,---,6,0,0,0,---,NO PLAY,---,8,1987,971,45,0,FULLCOMBO CLEAR,AAA,0,0,0,0,---,NO PLAY,---,2026-08-09 15:07
EMPRESS,Go Beyond!!,TRANCE CORE,Ryu☆ Vs. Sota,6,3,0,0,0,---,NO PLAY,---,6,0,0,0,---,NO PLAY,---,10,0,0,0,---,FULLCOMBO CLEAR,---,12,1845,812,221,55,HARD CLEAR,AA,0,0,0,0,---,NO PLAY,---,2026-08-09 15:09
EMPRESS,HYPERION,MORNING FULL ON,L.E.D.,7,0,0,0,0,---,NO PLAY,---,6,0,0,0,---,NO PLAY,---,9,0,0,0,---,NO PLAY,---,11,2527,1165,197,1,FULLCOMBO CLEAR,AAA,0,0,0,0,---,NO PLAY,---,2026-07-04 14:58
EMPRESS,I'm Screaming LOVE,TECHNO POP,Creative Life,0,0,0,0,0,---,NO PLAY,---,4,0,0,0,---,NO PLAY,---,6,0,0,0,---,NO PLAY,---,7,0,0,0,---,FULLCOMBO CLEAR,---,0,0,0,0,---,NO PLAY,---,2025-09-17 20:38
EMPRESS,Jack,MIXTURE,DesQ,0,0,0,0,0,---,NO PLAY,---,5,0,0,0,---,NO PLAY,---,7,0,0,0,---,NO PLAY,---,10,0,0,0,---,FULLCOMBO CLEAR,---,0,0,0,0,---,NO PLAY,---,2025-09-17 20:38
EMPRESS,Just a Little Smile,NU SKOOL BREAKS,Sota Fujimori,1,0,0,0,0,---,NO PLAY,---,4,0,0,0,---,NO PLAY,---,8,0,0,0,---,NO PLAY,---,11,2236,984,268,10,EX HARD CLEAR,AA,0,0,0,0,---,NO PLAY,---,2025-12-07 13:35
EMPRESS,Kung-fu Empire,ASIAN JANGLE,飛燕流舞,4,0,0,0,0,---,NO PLAY,---,6,0,0,0,---,NO PLAY,---,10,0,0,0,---,FULLCOMBO CLEAR,---,11,3024,1388,248,2,EX HARD CLEAR,AAA,12,3584,1637,310,10,EX HARD CLEAR,AAA,2026-05-08 12:36
EMPRESS,Marie Antoinette,宮廷円舞曲,Marguerite du Pre,6,0,0,0,0,---,NO PLAY,---,6,0,0,0,---,NO PLAY,---,9,0,0,0,---,NO PLAY,---,11,2397,1105,187,2,FULLCOMBO CLEAR,AAA,12,2946,1381,184,15,EX HARD CLEAR,AAA,2026-03-17 15:50
EMPRESS,Mind Mapping,ELECTRO-TECH,Ryu☆,1,3,0,0,0,---,NO PLAY,---,4,0,0,0,---,NO PLAY,---,7,0,0,0,---,NO PLAY,---,9,0,0,0,---,FULLCOMBO CLEAR,---,10,2059,938,183,4,FULLCOMBO CLEAR,AAA,2026-07-17 12:57
EMPRESS,Monkey Dance '09,EUROBEAT,Y&Co. Feat. DOMINO,0,0,0,0,0,---,NO PLAY,---,4,0,0,0,---,NO PLAY,---,8,0,0,0,---,NO PLAY,---,10,0,0,0,---,FULLCOMBO CLEAR,---,0,0,0,0,---,NO PLAY,---,2025-09-17 20:38
EMPRESS,naughty girl@Queen's Palace,TECH-BREAKBEATS,DJ Mass MAD Izm*,5,0,0,0,0,---,NO PLAY,---,5,0,0,0,---,NO PLAY,---,9,0,0,0,---,NO PLAY,---,11,1860,811,238,13,EX HARD CLEAR,AA,11,2327,1037,253,34,EX HARD CLEAR,AA,2026-05-16 11:53
EMPRESS,neogenesis,ENERGETIC TRANCE,DM Ashura,4,0,0,0,0,---,NO PLAY,---,4,0,0,0,---,NO PLAY,---,6,0,0,0,---,NO PLAY,---,9,0,0,0,---,FULLCOMBO CLEAR,---,11,2149,978,193,0,FULLCOMBO CLEAR,AAA,2026-07-25 16:37
EMPRESS,NΦ CRIME,DANCE MUSIC OF SORROW,C×F,1,2,0,0,0,---,NO PLAY,---,4,0,0,0,---,NO PLAY,---,7,0,0,0,---,NO PLAY,---,9,0,0,0,---,FULLCOMBO CLEAR,---,10,2221,1026,169,3,FULLCOMBO CLEAR,AAA,2026-02-24 13:44
EMPRESS,Programmed World,PSY TRANCE(FULL ON),kors k as StripE,2,0,0,0,0,---,NO PLAY,---,5,0,0,0,---,NO PLAY,---,9,0,0,0,---,NO PLAY,---,11,2120,975,170,1,FULLCOMBO CLEAR,AAA,0,0,0,0,---,NO PLAY,---,2026-03-09 14:52
EMPRESS,Punch Love 仮面,E-DANCE POP,上野圭市(aka. Babyweapon，DJ SWAMI)feat.星野奏子,5,0,0,0,0,---,NO PLAY,---,5,0,0,0,---,NO PLAY,---,8,0,0,0,---,NO PLAY,---,10,2320,1070,180,4,FULLCOMBO CLEAR,AAA,11,2989,1376,237,8,EX HARD CLEAR,AAA,2026-03-17 14:38
EMPRESS,Queen's Tragedy,BIGBEAT,猫叉Master+,0,0,0,0,0,---,NO PLAY,---,4,0,0,0,---,NO PLAY,---,8,0,0,0,---,NO PLAY,---,10,0,0,0,---,FULLCOMBO CLEAR,---,0,0,0,0,---,NO PLAY,---,2025-09-17 20:38
EMPRESS,Secrets,TECH-PARA,good-cool ft. CHiCO,22,0,0,0,0,---,NO PLAY,---,6,0,0,0,---,NO PLAY,---,9,0,0,0,---,NO PLAY,---,11,2906,1327,252,4,EX HARD CLEAR,AAA,12,3513,1521,471,30,EX HARD CLEAR,AA,2026-06-09 13:31
EMPRESS,smooooch・∀・,CANDY RAVE,kors k,3,2,0,0,0,---,NO PLAY,---,4,0,0,0,---,NO PLAY,---,8,0,0,0,---,NO PLAY,---,10,2063,983,97,2,FULLCOMBO CLEAR,AAA,11,2614,1205,204,2,EX HARD CLEAR,AAA,2026-06-04 13:50
EMPRESS,SOLITON BEAM,TECHNO,L.E.D.,8,0,0,0,0,---,NO PLAY,---,6,0,0,0,---,NO PLAY,---,9,0,0,0,---,NO PLAY,---,10,2179,1001,177,0,FULLCOMBO CLEAR,AAA,0,0,0,0,---,NO PLAY,---,2026-01-17 12:42
EMPRESS,THANK YOU FOR PLAYING,ONLY ONE EPILOGUE,SUPER STAR 満-MITSURU-,5,0,0,0,0,---,NO PLAY,---,5,0,0,0,---,NO PLAY,---,9,0,0,0,---,NO PLAY,---,10,1961,898,165,2,FULLCOMBO CLEAR,AAA,12,2592,1151,290,15,EX HARD CLEAR,AA,2026-03-03 12:52
EMPRESS,THE SHINING POLARIS(kors k mix),UK HARD CORE,Remixed by kors k,1,0,0,0,0,---,NO PLAY,---,6,0,0,0,---,NO PLAY,---,9,0,0,0,---,NO PLAY,---,11,2940,1333,274,13,EX HARD CLEAR,AAA,0,0,0,0,---,NO PLAY,---,2025-10-07 13:53
EMPRESS,thunder HOUSE NATION Remix,HOUSE,Remix by Sunset In Ibiza (SII),1,0,0,0,0,---,NO PLAY,---,5,0,0,0,---,NO PLAY,---,7,0,0,0,---,NO PLAY,---,9,0,0,0,---,FULLCOMBO CLEAR,---,12,3498,1575,348,0,FULLCOMBO CLEAR,AAA,2025-12-07 14:39
EMPRESS,Turii ～Panta rhei～,ELEMENTAL CHANT,Zektbach,5,2,0,0,0,---,NO PLAY,---,4,0,0,0,---,NO PLAY,---,9,0,0,0,---,NO PLAY,---,10,2482,1149,184,1,FULLCOMBO CLEAR,AAA,0,0,0,0,---,NO PLAY,---,2025-09-22 14:45
EMPRESS,V2,PROGRESSIVE,TAKA,7,3,0,0,0,---,NO PLAY,---,6,0,0,0,---,NO PLAY,---,10,0,0,0,---,FULLCOMBO CLEAR,---,11,3193,1431,331,6,EX HARD CLEAR,AA,0,0,0,0,---,NO PLAY,---,2026-06-20 14:44
EMPRESS,Y&Co. is dead or alive,90's RAVE,Y&Co.,17,0,0,0,0,---,NO PLAY,---,5,0,0,0,---,NO PLAY,---,9,0,0,0,---,NO PLAY,---,12,2344,1013,318,27,HARD CLEAR,AA,0,0,0,0,---,NO PLAY,---,2026-05-21 15:57
EMPRESS,You'll say "Now!",ONLY ONE TECHNO,BLACK STAR 幸広-YUKIHIRO-,4,0,0,0,0,---,NO PLAY,---,6,0,0,0,---,NO PLAY,---,10,0,0,0,---,FULLCOMBO CLEAR,---,11,2233,995,243,3,EX HARD CLEAR,AA,0,0,0,0,---,NO PLAY,---,2026-07-04 14:37
EMPRESS,まほろば,J-DANCE POP,HHH+H,0,0,0,0,0,---,NO PLAY,---,5,0,0,0,---,NO PLAY,---,7,0,0,0,---,NO PLAY,---,9,0,0,0,---,FULLCOMBO CLEAR,---,0,0,0,0,---,NO PLAY,---,2025-09-17 20:38
EMPRESS,ハリツヤランデヴー,HOU-ROCK,Des-MASTERS,1,0,0,0,0,---,NO PLAY,---,5,0,0,0,---,NO PLAY,---,8,0,0,0,---,NO PLAY,---,10,2258,1031,196,1,FULLCOMBO CLEAR,AAA,0,0,0,0,---,NO PLAY,---,2026-08-01 12:36
EMPRESS,ミッドナイト堕天使,TRENDY TECHNO,Dr.Honda,1,0,0,0,0,---,NO PLAY,---,5,0,0,0,---,NO PLAY,---,7,0,0,0,---,NO PLAY,---,11,2563,1185,193,1,FULLCOMBO CLEAR,AAA,0,0,0,0,---,NO PLAY,---,2025-12-25 17:06
EMPRESS,不沈艦CANDY,HARDCORE,Risk Junk,3,3,0,0,0,---,NO PLAY,---,6,0,0,0,---,NO PLAY,---,9,0,0,0,---,NO PLAY,---,12,3044,1398,248,8,EX HARD CLEAR,AAA,0,0,0,0,---,NO PLAY,---,2026-05-21 15:46
EMPRESS,凛として咲く花の如く,撫子ロック,紅色リトマス,4,2,0,0,0,---,NO PLAY,---,6,0,0,0,---,NO PLAY,---,9,0,0,0,---,NO PLAY,---,10,2637,1240,157,2,FULLCOMBO CLEAR,AAA,11,2999,1407,185,2,FULLCOMBO CLEAR,AAA,2026-06-28 13:45
EMPRESS,卑弥呼,ESOTERIC SPEEDCORE,朱雀 VS 玄武,81,0,0,0,0,---,NO PLAY,---,6,0,0,0,---,NO PLAY,---,11,2448,1079,290,19,EX HARD CLEAR,AA,12,3353,1454,445,54,HARD CLEAR,AA,0,0,0,0,---,NO PLAY,---,2026-07-08 21:30
EMPRESS,天空脳番長危機十六連打,RAGE AGAINST EMPRESS,D.J.SETUP,4,0,0,0,0,---,NO PLAY,---,5,0,0,0,---,NO PLAY,---,10,0,0,0,---,FULLCOMBO CLEAR,---,11,2394,1099,196,1,FULLCOMBO CLEAR,AAA,0,0,0,0,---,NO PLAY,---,2026-06-03 13:29
EMPRESS,山岡晃の「クイズ！家事都合！」,ポップス,AKIRA YAMAOKA feat.喜屋武ちあき,1,0,0,0,0,---,NO PLAY,---,4,0,0,0,---,NO PLAY,---,7,0,0,0,---,NO PLAY,---,10,1840,821,198,0,FULLCOMBO CLEAR,AAA,0,0,0,0,---,NO PLAY,---,2025-12-16 17:44
EMPRESS,翼,J-TRANCE,小林ゆう,1,0,0,0,0,---,NO PLAY,---,4,0,0,0,---,NO PLAY,---,7,0,0,0,---,NO PLAY,---,9,0,0,0,---,FULLCOMBO CLEAR,---,10,2335,1095,145,1,FULLCOMBO CLEAR,AAA,2026-08-01 12:45
EMPRESS,鉄甲乙女-under the steel-,IRON CONCERTO,Seiya Murai,0,0,0,0,0,---,NO PLAY,---,4,0,0,0,---,NO PLAY,---,7,0,0,0,---,NO PLAY,---,10,0,0,0,---,FULLCOMBO CLEAR,---,0,0,0,0,---,NO PLAY,---,2025-09-17 20:38
SIRIUS,AIR RAID FROM THA UNDAGROUND,SPEEDCORE,GUHROOVY,2,3,0,0,0,---,NO PLAY,---,7,0,0,0,---,NO PLAY,---,9,0,0,0,---,NO PLAY,---,11,2174,1005,164,4,EX HARD CLEAR,AAA,12,2614,1172,270,11,EX HARD CLEAR,AA,2026-01-07 14:38
SIRIUS,Almagest,AKASHIC RECORDS,Galdeira,23,0,0,0,0,---,NO PLAY,---,7,0,0,0,---,NO PLAY,---,11,2044,924,196,6,EX HARD CLEAR,AAA,12,2728,1196,336,15,EX HARD CLEAR,AA,0,0,0,0,---,NO PLAY,---,2026-04-11 17:37
SIRIUS,Bad Maniacs,INDUSTRIAL,kors k as teranoid,4,0,0,0,0,---,NO PLAY,---,7,0,0,0,---,NO PLAY,---,10,0,0,0,---,FULLCOMBO CLEAR,---,12,2815,1247,321,21,EX HARD CLEAR,AA,0,0,0,0,---,NO PLAY,---,2026-04-09 14:36
SIRIUS,bass 2 bass,BUBBLEGUM DANCE,Ryu☆,3,1,0,0,0,---,NO PLAY,---,4,0,0,0,---,NO PLAY,---,7,0,0,0,---,NO PLAY,---,10,1730,773,184,0,FULLCOMBO CLEAR,AAA,0,0,0,0,---,NO PLAY,---,2026-06-04 13:40
SIRIUS,beatchic☆仮面～好き、でいさせて～,E-DANCE POP,上野圭市(transforming into Masao Lovely)feat.星野奏子,0,0,0,0,0,---,NO PLAY,---,5,0,0,0,---,NO PLAY,---,8,0,0,0,---,NO PLAY,---,9,0,0,0,---,FULLCOMBO CLEAR,---,0,0,0,0,---,NO PLAY,---,2025-09-17 20:38
SIRIUS,BEAUTIFUL ANGEL,DRUM'N'BASS,DJ SWAN,0,0,0,0,0,---,NO PLAY,---,4,0,0,0,---,NO PLAY,---,8,0,0,0,---,FULLCOMBO CLEAR,---,10,0,0,0,---,FULLCOMBO CLEAR,---,0,0,0,0,---,NO PLAY,---,2025-09-17 20:38
SIRIUS,being torn the sky,ELECTRO POP,猫叉Master+ feat.JUNE,0,0,0,0,0,---,NO PLAY,---,4,0,0,0,---,NO PLAY,---,7,0,0,0,---,NO PLAY,---,10,0,0,0,---,FULLCOMBO CLEAR,---,0,0,0,0,---,NO PLAY,---,2025-09-17 20:38
SIRIUS,bloomin' feeling,HAPPY HARDCORE,Ryu☆,2,2,0,0,0,---,NO PLAY,---,7,0,0,0,---,NO PLAY,---,9,0,0,0,---,NO PLAY,---,11,2446,1150,146,10,EX HARD CLEAR,AAA,0,0,0,0,---,NO PLAY,---,2025-12-01 12:40
SIRIUS,CaptivAte～裁き～(SUBLIME TECHNO MIX),SUBLIME TECHNO,Remixed by DJ YOSHITAKA,2,0,0,0,0,---,NO PLAY,---,6,0,0,0,---,NO PLAY,---,8,0,0,0,---,NO PLAY,---,10,2301,1083,135,1,FULLCOMBO CLEAR,AAA,0,0,0,0,---,NO PLAY,---,2026-01-01 14:48
SIRIUS,D,NEXT SKOOL BREAKBEATS HARDCORE,Eagle,12,0,0,0,0,---,NO PLAY,---,8,0,0,0,---,NO PLAY,---,10,0,0,0,---,FULLCOMBO CLEAR,---,11,2330,1064,202,7,EX HARD CLEAR,AA,0,0,0,0,---,NO PLAY,---,2026-05-14 12:37
SIRIUS,DAWN -THE NEXT ENDEAVOUR-,DRUM & BASS,L.E.D. fw.堀澤麻衣子,4,0,0,0,0,---,NO PLAY,---,7,0,0,0,---,NO PLAY,---,9,0,0,0,---,NO PLAY,---,11,2994,1428,138,8,EX HARD CLEAR,AAA,0,0,0,0,---,NO PLAY,---,2026-05-14 11:57
SIRIUS,Dazzlin' Darlin-秋葉工房mix-,EUROBEAT,Remixed by DJ Command,1,0,0,0,0,---,NO PLAY,---,4,0,0,0,---,NO PLAY,---,8,0,0,0,---,NO PLAY,---,10,1903,870,163,1,FULLCOMBO CLEAR,AAA,0,0,0,0,---,NO PLAY,---,2026-03-05 14:11
SIRIUS,DESIRE,UK HARDCORE,M-Project fw. GUHROOVY,1,0,0,0,0,---,NO PLAY,---,5,0,0,0,---,NO PLAY,---,9,0,0,0,---,NO PLAY,---,11,2588,1161,266,1,FULLCOMBO CLEAR,AAA,0,0,0,0,---,NO PLAY,---,2026-01-29 14:00
SIRIUS,Do Back Burn,ELECTRO,PRASTIK DANCEFLOOR,6,0,0,0,0,---,NO PLAY,---,4,0,0,0,---,NO PLAY,---,7,0,0,0,---,NO PLAY,---,10,1989,923,143,2,FULLCOMBO CLEAR,AAA,0,0,0,0,---,NO PLAY,---,2026-03-10 15:13
SIRIUS,DOMINION,HARDCORE,L.E.D.-G,3,0,0,0,0,---,NO PLAY,---,7,0,0,0,---,NO PLAY,---,10,0,0,0,---,FULLCOMBO CLEAR,---,12,2953,1364,225,11,EX HARD CLEAR,AAA,0,0,0,0,---,NO PLAY,---,2026-03-26 13:31
SIRIUS,DROP,WHITE SEQUENCE,dj TAKA feat.Kanako Hoshino,1,0,0,0,0,---,NO PLAY,---,4,0,0,0,---,NO PLAY,---,9,0,0,0,---,NO PLAY,---,11,2415,1095,225,2,FULLCOMBO CLEAR,AAA,0,0,0,0,---,NO PLAY,---,2026-04-14 14:13
SIRIUS,Elisha,TRANCE CORE,DJ YOSHITAKA,6,2,0,0,0,---,NO PLAY,---,6,0,0,0,---,NO PLAY,---,10,0,0,0,---,FULLCOMBO CLEAR,---,11,2139,1004,131,1,FULLCOMBO CLEAR,AAA,0,0,0,0,---,NO PLAY,---,2026-02-09 18:06
SIRIUS,Empire State Glory,CYBERPUNK,Dirty Androids,1,0,0,0,0,---,NO PLAY,---,6,0,0,0,---,NO PLAY,---,9,0,0,0,---,NO PLAY,---,11,2467,1146,175,1,FULLCOMBO CLEAR,AAA,0,0,0,0,---,NO PLAY,---,2026-05-08 12:26
SIRIUS,eRAseRmOToRpHAntOM,HARDCORE,L.E.D.-G VS GUHROOVY,9,0,0,0,0,---,NO PLAY,---,7,0,0,0,---,NO PLAY,---,10,0,0,0,---,FULLCOMBO CLEAR,---,12,2923,1307,309,33,EX HARD CLEAR,AA,0,0,0,0,---,NO PLAY,---,2026-01-17 17:37
SIRIUS,Evans,HARD RENAISSANCE,DJ YOSHITAKA,8,3,0,0,0,---,NO PLAY,---,6,0,0,0,---,NO PLAY,---,11,2048,952,144,4,EX HARD CLEAR,AAA,12,2552,1151,250,2,EX HARD CLEAR,AA,0,0,0,0,---,NO PLAY,---,2026-07-11 15:32
SIRIUS,EXUSIA,HARDCORE,L.E.D.-G,2,0,0,0,0,---,NO PLAY,---,6,0,0,0,---,NO PLAY,---,10,0,0,0,---,FULLCOMBO CLEAR,---,12,3495,1579,337,9,EX HARD CLEAR,AAA,0,0,0,0,---,NO PLAY,---,2025-12-01 13:29
SIRIUS,G59,EXPERIMENTAL MUSIC,怒れる金の獅子,3,0,0,0,0,---,NO PLAY,---,7,0,0,0,---,NO PLAY,---,10,0,0,0,---,FULLCOMBO CLEAR,---,12,3385,1483,419,17,EX HARD CLEAR,AA,0,0,0,0,---,NO PLAY,---,2026-04-23 13:54
SIRIUS,GALGALIM,HARDCORE TECHNO,L.E.D.,1,0,0,0,0,---,NO PLAY,---,6,0,0,0,---,NO PLAY,---,10,0,0,0,---,FULLCOMBO CLEAR,---,11,2165,981,203,2,FULLCOMBO CLEAR,AAA,0,0,0,0,---,NO PLAY,---,2026-05-03 15:34
SIRIUS,GOLDEN CROSS,TECHNO,dj REMO-CON VS dj TAKA,21,0,0,0,0,---,NO PLAY,---,5,0,0,0,---,NO PLAY,---,9,0,0,0,---,NO PLAY,---,12,3173,1439,295,1,FULLCOMBO CLEAR,AAA,0,0,0,0,---,NO PLAY,---,2026-08-15 11:39
SIRIUS,Hydrogen Blueback,TECH DANCE,MAD CHILD,11,0,0,0,0,---,NO PLAY,---,5,0,0,0,---,NO PLAY,---,8,0,0,0,---,NO PLAY,---,10,2115,962,191,6,FULLCOMBO CLEAR,AAA,11,2111,886,339,2,EX HARD CLEAR,AA,2026-08-08 11:59
SIRIUS,IN THE NAME OF LOVE,EUROBEAT,Y&Co.feat.Erica,0,3,0,0,0,---,NO PLAY,---,4,0,0,0,---,NO PLAY,---,7,0,0,0,---,NO PLAY,---,9,0,0,0,---,FULLCOMBO CLEAR,---,0,0,0,0,---,NO PLAY,---,2025-09-17 20:38
SIRIUS,Keep it-秋葉工房mix-,EUROBEAT,DJ Command feat. NAGISA,0,0,0,0,0,---,NO PLAY,---,5,0,0,0,---,NO PLAY,---,9,0,0,0,---,NO PLAY,---,10,0,0,0,---,FULLCOMBO CLEAR,---,0,0,0,0,---,NO PLAY,---,2025-09-17 20:38
SIRIUS,Last Burning,ELECTRO,Dirty Androids,2,0,0,0,0,---,NO PLAY,---,5,0,0,0,---,NO PLAY,---,7,0,0,0,---,NO PLAY,---,10,2177,993,191,0,FULLCOMBO CLEAR,AAA,0,0,0,0,---,NO PLAY,---,2026-01-15 17:34
SIRIUS,Light Shine,BUBBLEGUM DANCE,Ryu☆,1,0,0,0,0,---,NO PLAY,---,5,0,0,0,---,NO PLAY,---,7,0,0,0,---,NO PLAY,---,10,1823,850,123,3,FULLCOMBO CLEAR,AAA,0,0,0,0,---,NO PLAY,---,2025-10-07 13:45
SIRIUS,MIRACLE MEETS,BUCHIAGE TRANCE,Lucky Vacuum,3,0,0,0,0,---,NO PLAY,---,6,0,0,0,---,NO PLAY,---,9,0,0,0,---,NO PLAY,---,11,2145,1034,77,4,EX HARD CLEAR,AAA,0,0,0,0,---,NO PLAY,---,2026-04-21 13:33
SIRIUS,mosaic,TECHNO POP SPEED,Auridy,5,0,0,0,0,---,NO PLAY,---,7,0,0,0,---,NO PLAY,---,10,0,0,0,---,FULLCOMBO CLEAR,---,12,2917,1413,91,7,FULLCOMBO CLEAR,AAA,0,0,0,0,---,NO PLAY,---,2026-08-02 14:00
SIRIUS,NEW SENSATION -もう、あなたしか見えない-,ONLY ONE IDOL SONG,SUPER HEROINE 彩香-AYAKA-,2,0,0,0,0,---,NO PLAY,---,6,0,0,0,---,NO PLAY,---,10,0,0,0,---,FULLCOMBO CLEAR,---,11,2578,1232,114,2,FULLCOMBO CLEAR,AAA,0,0,0,0,---,NO PLAY,---,2026-02-13 15:56
SIRIUS,NoN-Fiction Story!,TECHNO POP,Creative Life,3,0,0,0,0,---,NO PLAY,---,4,0,0,0,---,NO PLAY,---,7,0,0,0,---,NO PLAY,---,10,2060,956,148,1,FULLCOMBO CLEAR,AAA,0,0,0,0,---,NO PLAY,---,2026-03-05 12:55
SIRIUS,Programmed Sun,PSY TRANCE(MORNING),kors k,4,0,0,0,0,---,NO PLAY,---,6,0,0,0,---,NO PLAY,---,9,0,0,0,---,NO PLAY,---,11,2374,1084,206,3,FULLCOMBO CLEAR,AAA,0,0,0,0,---,NO PLAY,---,2026-03-14 15:08
SIRIUS,quell～the seventh slave～,TRANCE,dj TAKA Vs. DJ YOSHITAKA,8,0,0,0,0,---,NO PLAY,---,4,0,0,0,---,NO PLAY,---,9,1679,775,129,9,FULLCOMBO CLEAR,AAA,12,2752,1203,346,20,EX HARD CLEAR,AA,0,0,0,0,---,NO PLAY,---,2026-05-16 14:46
SIRIUS,Raison d'etre～交差する宿命～,ASTRAL CHOIR,Zektbach,2,0,0,0,0,---,NO PLAY,---,5,0,0,0,---,NO PLAY,---,10,0,0,0,---,FULLCOMBO CLEAR,---,11,2506,1142,222,3,FULLCOMBO CLEAR,AAA,0,0,0,0,---,NO PLAY,---,2026-03-10 15:35
SIRIUS,Red. by Full Metal Jacket,TECH-BREAKBEATS,DJ Mass MAD Izm*,16,0,0,0,0,---,NO PLAY,---,6,0,0,0,---,NO PLAY,---,10,1956,901,154,2,FULLCOMBO CLEAR,AAA,12,2743,1184,375,22,EX HARD CLEAR,AA,0,0,0,0,---,NO PLAY,---,2026-07-11 17:01
SIRIUS,Roots of my way!,ACTRESS,ナイア,0,0,0,0,0,---,NO PLAY,---,4,0,0,0,---,NO PLAY,---,7,0,0,0,---,NO PLAY,---,9,0,0,0,---,FULLCOMBO CLEAR,---,0,0,0,0,---,NO PLAY,---,2025-09-17 20:38
SIRIUS,Session 1 -Genesis-,ELECTRIC FUSION,PRASTIK DANCEFLOOR,3,0,0,0,0,---,NO PLAY,---,6,0,0,0,---,NO PLAY,---,9,0,0,0,---,NO PLAY,---,11,2317,1086,145,1,FULLCOMBO CLEAR,AAA,0,0,0,0,---,NO PLAY,---,2026-07-17 13:33
SIRIUS,She is my wife,ONLY ONE BALLAD,SUPER STAR 満-MITSURU-,2,3,0,0,0,---,NO PLAY,---,5,0,0,0,---,NO PLAY,---,9,0,0,0,---,NO PLAY,---,10,1814,825,164,2,FULLCOMBO CLEAR,AAA,0,0,0,0,---,NO PLAY,---,2026-04-11 13:45
SIRIUS,SOLID STATE SQUAD,HARDSTYLE,kors k Vs. L.E.D.,5,0,0,0,0,---,NO PLAY,---,5,0,0,0,---,NO PLAY,---,10,0,0,0,---,FULLCOMBO CLEAR,---,12,3276,1493,290,7,EX HARD CLEAR,AAA,12,3234,1443,348,13,EX HARD CLEAR,AA,2026-01-29 14:51
SIRIUS,Sorrows,EMO,Asako Yoshihiro,1,0,0,0,0,---,NO PLAY,---,5,0,0,0,---,NO PLAY,---,8,0,0,0,---,NO PLAY,---,10,2357,1118,121,2,FULLCOMBO CLEAR,AAA,0,0,0,0,---,NO PLAY,---,2026-03-03 12:24
SIRIUS,Special One,J-HOUSE,kors k feat. Suzuyo Miyamoto,1,0,0,0,0,---,NO PLAY,---,5,0,0,0,---,NO PLAY,---,7,0,0,0,---,NO PLAY,---,9,1651,765,121,0,FULLCOMBO CLEAR,AAA,0,0,0,0,---,NO PLAY,---,2025-11-15 14:21
SIRIUS,THE LAST STRIKER,DRUM & BASS,L.E.D.,2,0,0,0,0,---,NO PLAY,---,6,0,0,0,---,NO PLAY,---,8,0,0,0,---,NO PLAY,---,11,2476,1155,166,5,FULLCOMBO CLEAR,AAA,0,0,0,0,---,NO PLAY,---,2026-04-21 13:36
SIRIUS,The Story Begins,EPIC TRANCE,SADA & Sota,2,0,0,0,0,---,NO PLAY,---,4,0,0,0,---,NO PLAY,---,8,0,0,0,---,NO PLAY,---,10,2260,1043,174,2,FULLCOMBO CLEAR,AAA,0,0,0,0,---,NO PLAY,---,2026-03-05 13:56
SIRIUS,かずあそび,INSANIO,CULTVOICE by S.S.D.PRODUCTS,0,0,0,0,0,---,NO PLAY,---,3,0,0,0,---,NO PLAY,---,6,0,0,0,---,NO PLAY,---,8,0,0,0,---,FULLCOMBO CLEAR,---,0,0,0,0,---,NO PLAY,---,2025-09-17 20:38
SIRIUS,たからもの,POPS,セリカ＆エリカ,2,0,0,0,0,---,NO PLAY,---,6,0,0,0,---,NO PLAY,---,8,0,0,0,---,NO PLAY,---,9,0,0,0,---,FULLCOMBO CLEAR,---,11,3460,1678,104,1,FULLCOMBO CLEAR,AAA,2026-03-01 16:58
SIRIUS,コスモス,J-POP,TSU-NA,0,0,0,0,0,---,NO PLAY,---,5,0,0,0,---,NO PLAY,---,8,0,0,0,---,NO PLAY,---,9,0,0,0,---,FULLCOMBO CLEAR,---,0,0,0,0,---,NO PLAY,---,2025-09-17 20:38
SIRIUS,サヨナラ・ヘヴン,WORLD/ELECTRONICA,猫叉Master,3,2,0,0,0,---,NO PLAY,---,4,0,0,0,---,NO PLAY,---,6,0,0,0,---,NO PLAY,---,8,1563,708,147,0,FULLCOMBO CLEAR,AAA,10,2021,905,211,2,FULLCOMBO CLEAR,AAA,2026-02-13 14:44
SIRIUS,バビロニア,DISTORTED NEW AGE,劇団レコード,0,0,0,0,0,---,NO PLAY,---,4,0,0,0,---,NO PLAY,---,7,0,0,0,---,NO PLAY,---,8,0,0,0,---,FULLCOMBO CLEAR,---,0,0,0,0,---,NO PLAY,---,2025-09-17 20:38
SIRIUS,ワルツ第17番 ト短調”大犬のワルツ”,VALSE,virkato,3,0,0,0,0,---,NO PLAY,---,6,0,0,0,---,FULLCOMBO CLEAR,---,10,0,0,0,---,FULLCOMBO CLEAR,---,12,2871,1257,357,14,EX HARD CLEAR,AA,0,0,0,0,---,NO PLAY,---,2026-01-10 17:21
SIRIUS,未来のプリズム,STARPOP,星野奏子,1,0,0,0,0,---,NO PLAY,---,4,0,0,0,---,NO PLAY,---,7,0,0,0,---,NO PLAY,---,9,1644,753,138,0,FULLCOMBO CLEAR,AAA,0,0,0,0,---,NO PLAY,---,2026-02-13 14:14
SIRIUS,水上の提督(Short mix from "幻想水滸伝V"),WORLD/ELECTRONICA,猫叉Master,0,0,0,0,0,---,NO PLAY,---,4,0,0,0,---,NO PLAY,---,8,0,0,0,---,NO PLAY,---,10,0,0,0,---,FULLCOMBO CLEAR,---,0,0,0,0,---,NO PLAY,---,2025-09-17 20:38
Resort Anthem,Aegis,TECHNO,IT medalion,4,0,0,0,0,---,NO PLAY,---,6,0,0,0,---,NO PLAY,---,8,0,0,0,---,NO PLAY,---,11,2162,975,212,8,EX HARD CLEAR,AAA,0,0,0,0,---,NO PLAY,---,2026-02-16 14:29
Resort Anthem,ALBIDA,HARD RENAISSANCE,DJ YOSHITAKA,1,3,0,0,0,---,NO PLAY,---,6,0,0,0,---,NO PLAY,---,10,0,0,0,---,FULLCOMBO CLEAR,---,12,2743,1249,245,7,EX HARD CLEAR,AAA,0,0,0,0,---,NO PLAY,---,2025-11-22 13:32
Resort Anthem,Answer,STARPOP,星野奏子,0,0,0,0,0,---,NO PLAY,---,4,0,0,0,---,NO PLAY,---,7,0,0,0,---,NO PLAY,---,10,0,0,0,---,FULLCOMBO CLEAR,---,0,0,0,0,---,NO PLAY,---,2025-09-17 20:38
Resort Anthem,ANTHEM LANDING,LATIN TEK,DJムラサメ,3,0,0,0,0,---,NO PLAY,---,5,0,0,0,---,FULLCOMBO CLEAR,---,9,0,0,0,---,FULLCOMBO CLEAR,---,11,2712,1245,222,0,FULLCOMBO CLEAR,AAA,0,0,0,0,---,NO PLAY,---,2026-06-28 13:51
Resort Anthem,Believe In Me,HARDCORE,Uraken feat. Calyn Tsukishima,3,0,0,0,0,---,NO PLAY,---,5,0,0,0,---,NO PLAY,---,9,0,0,0,---,NO PLAY,---,11,2192,996,200,0,FULLCOMBO CLEAR,AAA,0,0,0,0,---,NO PLAY,---,2026-08-16 15:51
Resort Anthem,BLUST OF WIND,CROSSOVER HOUSE,Anemo=Aspel by MLREC.,2,0,0,0,0,---,NO PLAY,---,5,0,0,0,---,NO PLAY,---,8,0,0,0,---,NO PLAY,---,10,1945,879,187,0,FULLCOMBO CLEAR,AAA,11,2439,1120,199,2,FULLCOMBO CLEAR,AAA,2026-08-01 15:45
Resort Anthem,Bounce Bounce Bounce,DANCEHALL,kors k feat.Kanata Okajima＆楽天斎,2,0,0,0,0,---,NO PLAY,---,5,0,0,0,---,NO PLAY,---,9,0,0,0,---,NO PLAY,---,11,2227,975,277,19,EX HARD CLEAR,AA,0,0,0,0,---,NO PLAY,---,2025-12-25 15:24
Resort Anthem,Breaking the ground,HARDCORE,Art of Fighters,15,0,0,0,0,---,NO PLAY,---,5,0,0,0,---,NO PLAY,---,8,0,0,0,---,NO PLAY,---,10,2392,1138,116,4,EX HARD CLEAR,AAA,0,0,0,0,---,NO PLAY,---,2026-08-15 10:40
Resort Anthem,Broken,TRANCE,dj TAKA feat.AiMEE,1,0,0,0,0,---,NO PLAY,---,5,0,0,0,---,NO PLAY,---,9,0,0,0,---,NO PLAY,---,12,2892,1327,238,4,FULLCOMBO CLEAR,AAA,0,0,0,0,---,NO PLAY,---,2025-10-12 15:34
Resort Anthem,BROKEN EDEN,SYMPHONIC-TEK,MYTHOLOGIA by MLREC.,2,0,0,0,0,---,NO PLAY,---,6,0,0,0,---,NO PLAY,---,9,0,0,0,---,NO PLAY,---,11,2142,976,190,0,FULLCOMBO CLEAR,AAA,0,0,0,0,---,NO PLAY,---,2026-04-13 14:53
Resort Anthem,Dances with Snow Fairies,トレンディートランス,Dr.Honda,7,0,0,0,0,---,NO PLAY,---,7,0,0,0,---,NO PLAY,---,10,0,0,0,---,FULLCOMBO CLEAR,---,12,2773,1220,333,18,EX HARD CLEAR,AA,12,3358,1454,450,56,HARD CLEAR,AA,2026-06-20 15:03
Resort Anthem,DAYDREAMER,GIRLY ROCK,ピンクターボ,2,0,0,0,0,---,NO PLAY,---,6,0,0,0,---,NO PLAY,---,8,0,0,0,---,NO PLAY,---,10,2468,1204,60,0,FULLCOMBO CLEAR,AAA,0,0,0,0,---,NO PLAY,---,2026-01-29 13:42
Resort Anthem,Destiny Sword,ELECTRIC STEP,CAPACITY GATE,2,0,0,0,0,---,NO PLAY,---,5,0,0,0,---,NO PLAY,---,9,0,0,0,---,NO PLAY,---,11,2202,1013,176,2,FULLCOMBO CLEAR,AAA,0,0,0,0,---,NO PLAY,---,2026-05-14 12:50
Resort Anthem,DM STAR～関西 energy style～,SPEED RAVE,NAOKI,1,0,0,0,0,---,NO PLAY,---,6,0,0,0,---,NO PLAY,---,9,0,0,0,---,NO PLAY,---,10,0,0,0,---,FULLCOMBO CLEAR,---,0,0,0,0,---,NO PLAY,---,2026-01-08 15:25
Resort Anthem,Energy Drive,HARDCORE,kevin energy,1,0,0,0,0,---,NO PLAY,---,6,0,0,0,---,NO PLAY,---,8,0,0,0,---,NO PLAY,---,11,2066,957,152,2,FULLCOMBO CLEAR,AAA,0,0,0,0,---,NO PLAY,---,2026-05-01 13:23
Resort Anthem,Eternal Tears,WINTER BALLADE,ツガル,0,0,0,0,0,---,NO PLAY,---,2,0,0,0,---,NO PLAY,---,5,0,0,0,---,NO PLAY,---,7,0,0,0,---,FULLCOMBO CLEAR,---,0,0,0,0,---,NO PLAY,---,2025-09-17 20:38
Resort Anthem,Everlasting Resort,ONLY ONE ANTHEM,SUPER STAR 満-MITSURU-,6,0,0,0,0,---,NO PLAY,---,4,0,0,0,---,NO PLAY,---,7,0,0,0,---,NO PLAY,---,10,1762,823,116,4,FULLCOMBO CLEAR,AAA,0,0,0,0,---,NO PLAY,---,2026-08-07 20:10
Resort Anthem,Fantasia,HYPER FANTASIA,ＴЁЯＲＡ,1,1,0,0,0,---,NO PLAY,---,3,0,0,0,---,NO PLAY,---,8,0,0,0,---,NO PLAY,---,10,2114,998,118,2,FULLCOMBO CLEAR,AAA,0,0,0,0,---,NO PLAY,---,2026-07-04 14:21
Resort Anthem,Golden Palms,NU DISCO,Dirty Androids,2,0,0,0,0,---,NO PLAY,---,5,0,0,0,---,NO PLAY,---,8,0,0,0,---,NO PLAY,---,10,0,0,0,---,FULLCOMBO CLEAR,---,11,2246,1027,192,12,EX HARD CLEAR,AAA,2025-11-08 15:30
Resort Anthem,I FIGHT ME,DRUM & BASS,kobo feat. Marsha,0,0,0,0,0,---,NO PLAY,---,3,0,0,0,---,NO PLAY,---,7,0,0,0,---,NO PLAY,---,9,0,0,0,---,FULLCOMBO CLEAR,---,0,0,0,0,---,NO PLAY,---,2025-09-17 20:38
Resort Anthem,Kailua,ENERGETIC HAWAIIAN TRANCE,kors k,12,0,0,0,0,---,NO PLAY,---,5,0,0,0,---,NO PLAY,---,9,0,0,0,---,NO PLAY,---,11,2039,929,181,3,FULLCOMBO CLEAR,AAA,0,0,0,0,---,NO PLAY,---,2025-12-21 14:31
Resort Anthem,Let The Track Flow,UK HARDCORE,Brisk & Ham,4,0,0,0,0,---,NO PLAY,---,6,0,0,0,---,NO PLAY,---,9,0,0,0,---,NO PLAY,---,11,2434,1099,236,2,EX HARD CLEAR,AAA,0,0,0,0,---,NO PLAY,---,2026-01-16 14:41
Resort Anthem,Medicine of love,MAGICAL POP,イロハ＆リリナ,0,0,0,0,0,---,NO PLAY,---,4,0,0,0,---,NO PLAY,---,6,0,0,0,---,NO PLAY,---,9,0,0,0,---,FULLCOMBO CLEAR,---,0,0,0,0,---,NO PLAY,---,2025-09-17 20:38
Resort Anthem,Mermaid girl,BUBBLEGUM DANCE,Cream puff,0,3,0,0,0,---,NO PLAY,---,5,0,0,0,---,NO PLAY,---,8,0,0,0,---,NO PLAY,---,10,0,0,0,---,FULLCOMBO CLEAR,---,0,0,0,0,---,NO PLAY,---,2025-09-17 20:38
Resort Anthem,Never Fade Away,IIDX HANDZ UP!!,Sota Fujimori feat. dj MAX STEROID,1,0,0,0,0,---,NO PLAY,---,4,0,0,0,---,NO PLAY,---,8,0,0,0,---,NO PLAY,---,11,2794,1273,248,0,FULLCOMBO CLEAR,AAA,0,0,0,0,---,NO PLAY,---,2026-02-11 15:30
Resort Anthem,New Castle Legions,DYSTOPIA,Dirty Androids,2,0,0,0,0,---,NO PLAY,---,6,0,0,0,---,NO PLAY,---,10,0,0,0,---,FULLCOMBO CLEAR,---,12,2525,1162,201,25,EX HARD CLEAR,AAA,0,0,0,0,---,NO PLAY,---,2025-12-25 15:21
Resort Anthem,PARADISE LOST,TRANCE CORE,Ryu☆ Vs. L.E.D.-G,22,0,0,0,0,---,NO PLAY,---,7,0,0,0,---,NO PLAY,---,11,2129,955,219,6,EX HARD CLEAR,AA,12,2814,1226,362,18,EX HARD CLEAR,AA,0,0,0,0,---,NO PLAY,---,2026-06-20 14:21
Resort Anthem,passionate fate,HANDZ UP,Ryu☆,0,0,0,0,0,---,NO PLAY,---,6,0,0,0,---,NO PLAY,---,8,0,0,0,---,NO PLAY,---,10,0,0,0,---,FULLCOMBO CLEAR,---,0,0,0,0,---,NO PLAY,---,2025-09-17 20:38
Resort Anthem,perditus†paradisus,ANTHEM CORE,iconoclasm,6,0,0,0,0,---,NO PLAY,---,7,0,0,0,---,NO PLAY,---,11,2283,997,289,9,EX HARD CLEAR,AA,12,3261,1413,435,64,HARD CLEAR,AA,0,0,0,0,---,NO PLAY,---,2026-07-03 20:56
Resort Anthem,Programmed Life,PSY TRANCE(FULL ON),kors k,3,0,0,0,0,---,NO PLAY,---,6,0,0,0,---,NO PLAY,---,9,0,0,0,---,NO PLAY,---,10,2212,1020,172,1,FULLCOMBO CLEAR,AAA,0,0,0,0,---,NO PLAY,---,2026-04-11 13:57
Resort Anthem,reunion,CYBER WALTZ,Tatsh,22,3,0,0,0,---,NO PLAY,---,8,0,0,0,---,NO PLAY,---,11,2236,1032,172,1,FULLCOMBO CLEAR,AAA,12,2856,1279,298,40,HARD CLEAR,AA,0,0,0,0,---,NO PLAY,---,2026-08-17 15:53
Resort Anthem,Rock Da House,UK HARDCORE,M-Project fw. GUHROOVY,1,0,0,0,0,---,NO PLAY,---,5,0,0,0,---,NO PLAY,---,9,0,0,0,---,NO PLAY,---,11,2056,945,166,0,FULLCOMBO CLEAR,AAA,0,0,0,0,---,NO PLAY,---,2026-02-19 13:45
Resort Anthem,SABER WING,SHOOTING WALTZ,TAG,2,0,0,0,0,---,NO PLAY,---,5,0,0,0,---,NO PLAY,---,9,0,0,0,---,NO PLAY,---,11,2710,1303,104,14,EX HARD CLEAR,AAA,0,0,0,0,---,NO PLAY,---,2025-12-26 15:35
Resort Anthem,Sakura Reflection,HAPPY HARDCORE,Ryu☆,2,0,0,0,0,---,NO PLAY,---,3,0,0,0,---,NO PLAY,---,9,0,0,0,---,NO PLAY,---,11,2316,1127,62,2,FULLCOMBO CLEAR,AAA,0,0,0,0,---,NO PLAY,---,2026-05-18 14:27
Resort Anthem,sakura storm,HAPPY HARDCORE,Ryu☆,6,0,0,0,0,---,NO PLAY,---,5,0,0,0,---,NO PLAY,---,8,0,0,0,---,NO PLAY,---,12,2232,1036,160,1,FULLCOMBO CLEAR,AAA,0,0,0,0,---,NO PLAY,---,2026-08-17 15:21
Resort Anthem,Session 9 -Chronicles-,ROCKIN' DRUM'N'BASS,PRASTIK DANCEFLOOR,3,0,0,0,0,---,NO PLAY,---,5,0,0,0,---,NO PLAY,---,10,0,0,0,---,FULLCOMBO CLEAR,---,12,3092,1364,364,13,EX HARD CLEAR,AA,0,0,0,0,---,NO PLAY,---,2026-01-12 15:56
Resort Anthem,Space Time,ENERGETIC TRANCE,NISH,1,0,0,0,0,---,NO PLAY,---,4,0,0,0,---,NO PLAY,---,8,0,0,0,---,NO PLAY,---,10,2024,930,164,3,FULLCOMBO CLEAR,AAA,0,0,0,0,---,NO PLAY,---,2026-01-25 14:16
Resort Anthem,SPECIAL SUMMER CAMPAIGN!,BUCHIAGE TRANCE,Lucky Vacuum,2,0,0,0,0,---,NO PLAY,---,4,0,0,0,---,NO PLAY,---,8,0,0,0,---,NO PLAY,---,12,2753,1268,217,1,FULLCOMBO CLEAR,AAA,0,0,0,0,---,NO PLAY,---,2026-04-28 16:44
Resort Anthem,Stay my side,R&B,DJ Yoshitaka feat.RINA,0,0,0,0,0,---,NO PLAY,---,4,0,0,0,---,NO PLAY,---,6,0,0,0,---,NO PLAY,---,8,0,0,0,---,FULLCOMBO CLEAR,---,0,0,0,0,---,NO PLAY,---,2025-09-17 20:38
Resort Anthem,STELLAR WIND,HARD DANCE,L.E.D.,5,2,0,0,0,---,NO PLAY,---,4,0,0,0,---,NO PLAY,---,9,0,0,0,---,NO PLAY,---,11,2496,1145,206,2,EX HARD CLEAR,AAA,0,0,0,0,---,NO PLAY,---,2026-06-20 14:29
Resort Anthem,THE BLACK KNIGHT,GOA TRANCE,L.E.D.,7,0,0,0,0,---,NO PLAY,---,5,0,0,0,---,NO PLAY,---,10,0,0,0,---,FULLCOMBO CLEAR,---,11,2665,1212,241,3,EX HARD CLEAR,AAA,12,3641,1533,575,47,HARD CLEAR,AA,2026-07-05 16:26
Resort Anthem,THE DOOR INTO RAINBOW,TRANCE,L.E.D.,8,0,0,0,0,---,NO PLAY,---,4,0,0,0,---,NO PLAY,---,8,0,0,0,---,NO PLAY,---,10,2029,929,171,2,FULLCOMBO CLEAR,AAA,0,0,0,0,---,NO PLAY,---,2026-06-18 20:27
Resort Anthem,THE FALLEN,GOTH NU-STYLE GABBA,L.E.D.-G,4,0,0,0,0,---,NO PLAY,---,5,0,0,0,---,NO PLAY,---,8,0,0,0,---,NO PLAY,---,11,2481,1135,211,9,EX HARD CLEAR,AAA,0,0,0,0,---,NO PLAY,---,2026-05-16 11:57
Resort Anthem,Tropical April,VACATION DANCE,Risk Junk,3,0,0,0,0,---,NO PLAY,---,8,0,0,0,---,NO PLAY,---,10,0,0,0,---,FULLCOMBO CLEAR,---,11,2618,1241,136,5,EX HARD CLEAR,AAA,0,0,0,0,---,NO PLAY,---,2026-01-12 15:44
Resort Anthem,Vermillion,PSYCHE FUSION,Mystic Moon,0,0,0,0,0,---,NO PLAY,---,5,0,0,0,---,NO PLAY,---,7,0,0,0,---,NO PLAY,---,10,0,0,0,---,FULLCOMBO CLEAR,---,0,0,0,0,---,NO PLAY,---,2025-09-17 20:38
Resort Anthem,Watch Out Pt.2,TECH-BREAKBEATS,DJ Mass MAD Izm* VS.DJ Yoshitaka,6,0,0,0,0,---,NO PLAY,---,6,0,0,0,---,NO PLAY,---,9,0,0,0,---,NO PLAY,---,12,2556,1106,344,22,EX HARD CLEAR,AA,0,0,0,0,---,NO PLAY,---,2026-03-15 16:01
Resort Anthem,WISE UP!,RESORT HOUSE,木之下慶行 feat.星野奏子,2,2,0,0,0,---,NO PLAY,---,3,0,0,0,---,NO PLAY,---,7,0,0,0,---,NO PLAY,---,9,0,0,0,---,FULLCOMBO CLEAR,---,11,2453,1144,165,1,FULLCOMBO CLEAR,AAA,2026-03-21 13:21
Resort Anthem,Wuv U,CANDY RAVE,kors k,1,0,0,0,0,---,NO PLAY,---,3,0,0,0,---,NO PLAY,---,8,0,0,0,---,NO PLAY,---,10,1602,748,106,3,FULLCOMBO CLEAR,AAA,0,0,0,0,---,NO PLAY,---,2026-02-02 14:18
Resort Anthem,XANADU OF TWO,DANCE POP,T.Kakuta With Starving Trancer + 森永真由美,8,0,0,0,0,---,NO PLAY,---,5,0,0,0,---,NO PLAY,---,8,0,0,0,---,NO PLAY,---,10,2602,1222,158,0,FULLCOMBO CLEAR,AAA,11,3235,1516,203,0,FULLCOMBO CLEAR,AAA,2026-07-03 20:31
Resort Anthem,ZETA～素数の世界と超越者～,IDM,Zektbach,2,2,0,0,0,---,NO PLAY,---,4,0,0,0,---,NO PLAY,---,9,0,0,0,---,NO PLAY,---,11,2932,1384,164,4,EX HARD CLEAR,AAA,0,0,0,0,---,NO PLAY,---,2025-10-07 14:41
Resort Anthem,おおきなこえで,WORLD/POPS,猫叉Master feat.Sana,2,0,0,0,0,---,NO PLAY,---,3,0,0,0,---,NO PLAY,---,5,0,0,0,---,NO PLAY,---,7,0,0,0,---,FULLCOMBO CLEAR,---,10,2045,962,121,1,FULLCOMBO CLEAR,AAA,2026-07-11 12:27
Resort Anthem,かげぬい ～ Ver.BENIBOTAN ～,NATSU MATSURI,CULTVOICE by S.S.D.PRODUCTS,0,3,0,0,0,---,NO PLAY,---,5,0,0,0,---,NO PLAY,---,7,0,0,0,---,NO PLAY,---,9,0,0,0,---,FULLCOMBO CLEAR,---,0,0,0,0,---,NO PLAY,---,2025-09-17 20:38
Resort Anthem,中華急行,HAPPY HARDCORE,Ryu☆,2,0,0,0,0,---,NO PLAY,---,2,0,0,0,---,NO PLAY,---,8,0,0,0,---,NO PLAY,---,10,2189,1026,137,1,FULLCOMBO CLEAR,AAA,0,0,0,0,---,NO PLAY,---,2026-07-24 20:23
Resort Anthem,夕焼け ～Fading Day～,AURAL ADRENALINE,JAKAZiD,3,0,0,0,0,---,NO PLAY,---,5,0,0,0,---,NO PLAY,---,9,0,0,0,---,NO PLAY,---,11,2602,1205,192,1,FULLCOMBO CLEAR,AAA,0,0,0,0,---,NO PLAY,---,2026-07-05 15:44
Resort Anthem,旅人リラン,ELECLORE,XOGO BRYKK,6,0,0,0,0,---,NO PLAY,---,6,0,0,0,---,NO PLAY,---,9,0,0,0,---,NO PLAY,---,11,2366,1068,230,23,EX HARD CLEAR,AA,0,0,0,0,---,NO PLAY,---,2026-06-20 14:46
Resort Anthem,灼熱Beach Side Bunny,BROKEN SAMBA BREAK,DJ Mass MAD Izm*,15,3,0,0,0,---,NO PLAY,---,7,0,0,0,---,NO PLAY,---,10,1760,753,254,7,EX HARD CLEAR,AA,12,2542,1037,468,63,HARD CLEAR,A,0,0,0,0,---,NO PLAY,---,2026-08-16 16:47
Resort Anthem,黒髪乱れし修羅となりて,撫子メタル,村正クオリア,4,0,0,0,0,---,NO PLAY,---,4,0,0,0,---,NO PLAY,---,9,0,0,0,---,NO PLAY,---,12,3104,1396,312,2,EX HARD CLEAR,AAA,0,0,0,0,---,NO PLAY,---,2026-08-17 15:27
Lincle,24th Century BOY,EURO RAVE,Tatsh,1,0,0,0,0,---,NO PLAY,---,5,0,0,0,---,NO PLAY,---,9,0,0,0,---,NO PLAY,---,11,2605,1177,251,7,EX HARD CLEAR,AAA,0,0,0,0,---,NO PLAY,---,2026-05-04 13:35
Lincle,532nm,HARDCORE,Ryu☆,2,0,0,0,0,---,NO PLAY,---,3,0,0,0,---,NO PLAY,---,7,0,0,0,---,NO PLAY,---,11,2474,1148,178,3,EX HARD CLEAR,AAA,0,0,0,0,---,NO PLAY,---,2025-12-21 14:45
Lincle,A MINSTREL ～ ver. short-scape ～,LA FABELO,KANTASIA by S.S.D. PRODUCTS,3,0,0,0,0,---,NO PLAY,---,3,0,0,0,---,NO PLAY,---,6,0,0,0,---,NO PLAY,---,9,0,0,0,---,FULLCOMBO CLEAR,---,12,3705,1768,169,8,EX HARD CLEAR,AAA,2026-01-03 15:34
Lincle,Almace,TECHNO,Qrispy Joybox,2,0,0,0,0,---,NO PLAY,---,4,0,0,0,---,NO PLAY,---,8,0,0,0,---,NO PLAY,---,10,1842,843,156,0,FULLCOMBO CLEAR,AAA,0,0,0,0,---,NO PLAY,---,2025-12-26 14:28
Lincle,ANAGRAMS I to Y,DANCE POP,Mayumi Morinaga,0,0,0,0,0,---,NO PLAY,---,4,0,0,0,---,NO PLAY,---,7,0,0,0,---,NO PLAY,---,9,0,0,0,---,FULLCOMBO CLEAR,---,0,0,0,0,---,NO PLAY,---,2025-09-17 20:38
Lincle,BLACK.by X-Cross Fade,TECH-BREAKBEATS,DJ Mass MAD Izm*,44,0,0,0,0,---,NO PLAY,---,6,0,0,0,---,NO PLAY,---,10,1970,876,218,4,EX HARD CLEAR,AA,12,2942,1293,356,19,EX HARD CLEAR,AA,0,0,0,0,---,NO PLAY,---,2026-07-12 14:05
Lincle,CALL,WORLD/ELECTRONICA,猫叉Master,2,0,0,0,0,---,NO PLAY,---,2,0,0,0,---,NO PLAY,---,5,0,0,0,---,NO PLAY,---,8,0,0,0,---,FULLCOMBO CLEAR,---,11,2506,1159,188,3,FULLCOMBO CLEAR,AAA,2026-02-13 15:31
Lincle,Castle on the Moon,DANCE SPEED,青龍,5,1,0,0,0,---,NO PLAY,---,4,0,0,0,---,NO PLAY,---,9,0,0,0,---,NO PLAY,---,11,2219,1019,181,2,EX HARD CLEAR,AAA,0,0,0,0,---,NO PLAY,---,2026-02-13 16:42
Lincle,Change the World,SPEED POP,Tatsh feat.小田ユウ,0,0,0,0,0,---,NO PLAY,---,5,0,0,0,---,NO PLAY,---,7,0,0,0,---,NO PLAY,---,9,0,0,0,---,FULLCOMBO CLEAR,---,0,0,0,0,---,NO PLAY,---,2025-09-17 20:38
Lincle,DIAVOLO,TRANSCENDENTAL ETUDES,度胸兄弟,5,0,0,0,0,---,NO PLAY,---,6,0,0,0,---,NO PLAY,---,9,0,0,0,---,NO PLAY,---,12,2719,1165,389,44,HARD CLEAR,AA,0,0,0,0,---,NO PLAY,---,2025-12-26 15:02
Lincle,Drive Me Crazy,AKIBA RAVE,kors k feat.古川未鈴,0,0,0,0,0,---,NO PLAY,---,4,0,0,0,---,NO PLAY,---,7,0,0,0,---,NO PLAY,---,10,0,0,0,---,FULLCOMBO CLEAR,---,0,0,0,0,---,NO PLAY,---,2025-09-17 20:38
Lincle,Express Emotion,J-CORE,REDALiCE feat. Shihori,0,0,0,0,0,---,NO PLAY,---,4,0,0,0,---,NO PLAY,---,6,0,0,0,---,NO PLAY,---,10,0,0,0,---,FULLCOMBO CLEAR,---,0,0,0,0,---,NO PLAY,---,2025-09-17 20:38
Lincle,F,RENAISSANCE,D.J.Amuro,2,0,0,0,0,---,NO PLAY,---,5,0,0,0,---,NO PLAY,---,10,0,0,0,---,FULLCOMBO CLEAR,---,12,3252,1469,314,3,FULLCOMBO CLEAR,AAA,0,0,0,0,---,NO PLAY,---,2026-01-12 16:05
Lincle,Far east nightbird,DRUM'N'BASS,猫叉Master,0,2,0,0,0,---,NO PLAY,---,3,0,0,0,---,NO PLAY,---,7,0,0,0,---,NO PLAY,---,9,0,0,0,---,FULLCOMBO CLEAR,---,0,0,0,0,---,NO PLAY,---,2025-09-17 20:38
Lincle,fffff,HARD Pf,Five Hammer,1,0,0,0,0,---,NO PLAY,---,4,0,0,0,---,NO PLAY,---,10,0,0,0,---,FULLCOMBO CLEAR,---,12,2717,1194,329,35,EX HARD CLEAR,AA,0,0,0,0,---,NO PLAY,---,2025-12-24 16:01
Lincle,Flip Flap,CANDY HANDZ UP,kors k,3,1,0,0,0,---,NO PLAY,---,3,0,0,0,---,NO PLAY,---,7,0,0,0,---,NO PLAY,---,10,2102,980,142,1,FULLCOMBO CLEAR,AAA,0,0,0,0,---,NO PLAY,---,2026-03-30 18:36
Lincle,Follow Tomorrow,J-DANCE POP,HHH×MM×ST,1,0,0,0,0,---,NO PLAY,---,4,0,0,0,---,NO PLAY,---,8,0,0,0,---,NO PLAY,---,10,2115,982,151,1,FULLCOMBO CLEAR,AAA,0,0,0,0,---,NO PLAY,---,2026-01-25 13:56
Lincle,GIGANT,MARCHING ROCK,seiya-murai,1,0,0,0,0,---,NO PLAY,---,3,0,0,0,---,NO PLAY,---,6,0,0,0,---,NO PLAY,---,9,0,0,0,---,FULLCOMBO CLEAR,---,11,2755,1281,193,5,EX HARD CLEAR,AAA,2026-01-15 16:11
Lincle,HAERETICUS,ECCENTRIC,D.J.Amuro Vs MAX MAXIMIZER,3,0,0,0,0,---,NO PLAY,---,5,0,0,0,---,NO PLAY,---,10,0,0,0,---,FULLCOMBO CLEAR,---,12,2675,1186,303,29,EX HARD CLEAR,AA,0,0,0,0,---,NO PLAY,---,2026-04-17 14:09
Lincle,I'm so Happy,HAPPY HARDCORE,Ryu☆,6,2,0,0,0,---,NO PLAY,---,3,0,0,0,---,NO PLAY,---,8,0,0,0,---,NO PLAY,---,11,2202,1023,156,0,FULLCOMBO CLEAR,AAA,0,0,0,0,---,NO PLAY,---,2026-08-17 15:07
Lincle,In the Blackest Den,PROGRESSIVE ROCK,Bulluvegola,1,0,0,0,0,---,NO PLAY,---,5,0,0,0,---,NO PLAY,---,8,0,0,0,---,NO PLAY,---,11,2290,992,306,15,EX HARD CLEAR,AA,0,0,0,0,---,NO PLAY,---,2026-03-21 13:50
Lincle,Infinite cave,DRUM'N'BASS,猫叉Master+,1,0,0,0,0,---,NO PLAY,---,6,0,0,0,---,NO PLAY,---,9,0,0,0,---,NO PLAY,---,10,1927,900,127,5,FULLCOMBO CLEAR,AAA,0,0,0,0,---,NO PLAY,---,2026-03-03 12:43
Lincle,KYAMISAMA ONEGAI!,トレンディーポップス,Dr.Honda feat. Moe,5,0,0,0,0,---,NO PLAY,---,3,0,0,0,---,NO PLAY,---,6,0,0,0,---,NO PLAY,---,9,1944,884,176,0,FULLCOMBO CLEAR,AAA,11,2764,1219,326,3,EX HARD CLEAR,AA,2026-08-08 12:56
Lincle,LAX5 feat.Ryota Yoshinari,LOUD TECH,Katana Sounds,1,0,0,0,0,---,NO PLAY,---,6,0,0,0,---,NO PLAY,---,9,0,0,0,---,NO PLAY,---,10,2672,1262,148,2,FULLCOMBO CLEAR,AAA,0,0,0,0,---,NO PLAY,---,2025-11-15 14:05
Lincle,LETHEBOLG ～双神威に斬り咲けり～,PLATINUM J-POP ONE,ＴЁЯＲＡ,0,0,0,0,0,---,NO PLAY,---,5,0,0,0,---,NO PLAY,---,8,0,0,0,---,NO PLAY,---,10,0,0,0,---,FULLCOMBO CLEAR,---,0,0,0,0,---,NO PLAY,---,2025-09-17 20:38
Lincle,Liquid Crystal Girl feat. echo,ELECTRO,kmp,0,0,0,0,0,---,NO PLAY,---,2,0,0,0,---,NO PLAY,---,6,0,0,0,---,NO PLAY,---,9,0,0,0,---,FULLCOMBO CLEAR,---,0,0,0,0,---,NO PLAY,---,2025-09-17 20:38
Lincle,LOVE B.B.B,DRUM'N'BASS,SWAN K feat. Asuka M,1,0,0,0,0,---,NO PLAY,---,4,0,0,0,---,NO PLAY,---,8,0,0,0,---,NO PLAY,---,10,1913,904,105,1,FULLCOMBO CLEAR,AAA,0,0,0,0,---,NO PLAY,---,2026-04-23 13:40
Lincle,Lucky Days,DREAM TRANCE,Sota Fujimori feat. Kanako Hoshino,0,0,0,0,0,---,NO PLAY,---,4,0,0,0,---,NO PLAY,---,8,0,0,0,---,NO PLAY,---,10,0,0,0,---,FULLCOMBO CLEAR,---,0,0,0,0,---,NO PLAY,---,2025-09-17 20:38
Lincle,Mermaid girl-秋葉工房 MIX-,EURO BEAT,Remixed by DJ Command,0,0,0,0,0,---,NO PLAY,---,4,0,0,0,---,NO PLAY,---,6,0,0,0,---,NO PLAY,---,9,0,0,0,---,FULLCOMBO CLEAR,---,0,0,0,0,---,NO PLAY,---,2025-09-17 20:38
Lincle,Miami Sunset Drive,80's ELECTRO HOUSE,Dirty Androids,2,0,0,0,0,---,NO PLAY,---,4,0,0,0,---,NO PLAY,---,6,0,0,0,---,NO PLAY,---,9,1551,719,113,2,FULLCOMBO CLEAR,AAA,0,0,0,0,---,NO PLAY,---,2025-12-26 14:24
Lincle,NNRT,ELECTRO GOTHIC,Levaslater,2,0,0,0,0,---,NO PLAY,---,6,0,0,0,---,NO PLAY,---,10,0,0,0,---,FULLCOMBO CLEAR,---,12,3215,1494,227,10,EX HARD CLEAR,AAA,0,0,0,0,---,NO PLAY,---,2025-12-30 13:30
Lincle,Phoenix,HARD NRG,Hommarju,13,0,0,0,0,---,NO PLAY,---,5,0,0,0,---,NO PLAY,---,7,0,0,0,---,NO PLAY,---,10,2291,1047,197,2,FULLCOMBO CLEAR,AAA,12,3229,1386,457,43,HARD CLEAR,AA,2026-08-15 12:30
Lincle,prompt,NU PROGRESSIVE,wｘs ft.*spiLa*,1,0,0,0,0,---,NO PLAY,---,5,0,0,0,---,NO PLAY,---,8,0,0,0,---,NO PLAY,---,11,2575,1181,213,3,EX HARD CLEAR,AAA,0,0,0,0,---,NO PLAY,---,2026-04-07 14:02
Lincle,QUANTUM TELEPORTATION,TECHNO,L.E.D.,7,0,0,0,0,---,NO PLAY,---,7,0,0,0,---,NO PLAY,---,10,0,0,0,---,FULLCOMBO CLEAR,---,11,2707,1243,221,0,FULLCOMBO CLEAR,AAA,12,3197,1407,383,10,EX HARD CLEAR,AA,2026-06-18 21:36
Lincle,quaver♪,HAPPY,Risk Junk,3,1,0,0,0,---,NO PLAY,---,4,0,0,0,---,NO PLAY,---,9,0,0,0,---,NO PLAY,---,12,3125,1433,259,21,EX HARD CLEAR,AAA,0,0,0,0,---,NO PLAY,---,2026-01-22 16:12
Lincle,Quick Silver,RAVE FUSION,Mystic Moon,1,0,0,0,0,---,NO PLAY,---,5,0,0,0,---,NO PLAY,---,9,0,0,0,---,NO PLAY,---,11,2475,1144,187,0,FULLCOMBO CLEAR,AAA,0,0,0,0,---,NO PLAY,---,2026-01-04 15:13
Lincle,Release The Music,TECH DANCE,kors k,2,0,0,0,0,---,NO PLAY,---,4,0,0,0,---,NO PLAY,---,7,0,0,0,---,NO PLAY,---,10,1926,862,202,2,FULLCOMBO CLEAR,AAA,0,0,0,0,---,NO PLAY,---,2026-02-24 13:36
Lincle,RESISTANCE,MYSTERIOUS ROCK,セリカ,0,0,0,0,0,---,NO PLAY,---,3,0,0,0,---,NO PLAY,---,7,0,0,0,---,NO PLAY,---,10,0,0,0,---,FULLCOMBO CLEAR,---,0,0,0,0,---,NO PLAY,---,2025-09-17 20:38
Lincle,Round and Round,HYPER ELECTRO,Masayoshi Minoshima feat. 綾倉盟,2,0,0,0,0,---,NO PLAY,---,4,0,0,0,---,NO PLAY,---,6,0,0,0,---,NO PLAY,---,9,2004,923,158,1,FULLCOMBO CLEAR,AAA,0,0,0,0,---,NO PLAY,---,2025-11-01 14:32
Lincle,SA.YO.NA.RA. SUPER STAR,ONLY ONE FINALE,SUPER STAR 満-MITSURU-,0,0,0,0,0,---,NO PLAY,---,4,0,0,0,---,NO PLAY,---,8,0,0,0,---,NO PLAY,---,10,0,0,0,---,FULLCOMBO CLEAR,---,0,0,0,0,---,NO PLAY,---,2025-09-17 20:38
Lincle,Scharfrichter,HARD ROCK,Ashemu,2,0,0,0,0,---,NO PLAY,---,5,0,0,0,---,NO PLAY,---,9,0,0,0,---,NO PLAY,---,11,2754,1301,152,6,EX HARD CLEAR,AAA,0,0,0,0,---,NO PLAY,---,2026-08-02 13:58
Lincle,Several Words,VALIANT BEAT,CAPACITY GATE,0,0,0,0,0,---,NO PLAY,---,4,0,0,0,---,NO PLAY,---,8,0,0,0,---,NO PLAY,---,10,0,0,0,---,FULLCOMBO CLEAR,---,0,0,0,0,---,NO PLAY,---,2025-09-17 20:38
Lincle,SHADE,TECHNO,DJ MURASAME vs dj Killer,2,0,0,0,0,---,NO PLAY,---,5,0,0,0,---,FULLCOMBO CLEAR,---,9,0,0,0,---,FULLCOMBO CLEAR,---,11,2698,1257,184,2,FULLCOMBO CLEAR,AAA,0,0,0,0,---,NO PLAY,---,2026-04-23 14:49
Lincle,Snake Stick,TECH-BREAKBEATS,DJ Yoshitaka VS. DJ Mass MAD Izm*,24,0,0,0,0,---,NO PLAY,---,6,0,0,0,---,NO PLAY,---,10,1819,790,239,10,EX HARD CLEAR,AA,12,2387,1008,371,14,EX HARD CLEAR,AA,0,0,0,0,---,NO PLAY,---,2026-06-11 15:14
Lincle,Snow Goose,ELECTRIC POMP,Mutsuhiko Izumi,2,2,0,0,0,---,NO PLAY,---,3,0,0,0,---,NO PLAY,---,8,0,0,0,---,NO PLAY,---,11,2223,1006,211,0,FULLCOMBO CLEAR,AAA,0,0,0,0,---,NO PLAY,---,2026-05-09 13:17
Lincle,Star Trail,TRANCE,Nhato,2,0,0,0,0,---,NO PLAY,---,4,0,0,0,---,NO PLAY,---,7,0,0,0,---,NO PLAY,---,10,0,0,0,---,FULLCOMBO CLEAR,---,11,2380,1091,198,4,EX HARD CLEAR,AAA,2026-01-15 16:22
Lincle,The Limbo,CYBER PUNK,STN,29,0,0,0,0,---,NO PLAY,---,6,0,0,0,---,NO PLAY,---,10,0,0,0,---,FULLCOMBO CLEAR,---,12,3033,1375,283,4,EX HARD CLEAR,AAA,12,3478,1505,468,59,HARD CLEAR,AA,2026-04-13 16:46
Lincle,The Sampling Paradise,HARD TRANCE,Mamonis,4,0,0,0,0,---,NO PLAY,---,5,0,0,0,---,NO PLAY,---,9,0,0,0,---,NO PLAY,---,12,2752,1239,274,8,EX HARD CLEAR,AAA,0,0,0,0,---,NO PLAY,---,2026-06-03 16:18
Lincle,Thunderbolt,RAVERS DANCE SPEED,雷龍,1,0,0,0,0,---,NO PLAY,---,5,0,0,0,---,NO PLAY,---,9,0,0,0,---,NO PLAY,---,12,3446,1566,314,9,EX HARD CLEAR,AAA,0,0,0,0,---,NO PLAY,---,2025-12-28 16:22
Lincle,TITANS RETURN,DRUMSTEP,L.E.D.,25,2,0,0,0,---,NO PLAY,---,4,0,0,0,---,NO PLAY,---,8,0,0,0,---,NO PLAY,---,11,2303,1044,215,5,EX HARD CLEAR,AAA,12,2242,986,270,27,HARD CLEAR,AA,2026-08-15 12:56
Lincle,Todestrieb,SACRED TRANCE,Rche,21,0,0,0,0,---,NO PLAY,---,5,0,0,0,---,NO PLAY,---,9,0,0,0,---,NO PLAY,---,12,3226,1516,194,2,FULLCOMBO CLEAR,AAA,0,0,0,0,---,NO PLAY,---,2026-08-08 15:15
Lincle,Voxane,TECH DANCE,Remo-con,0,0,0,0,0,---,NO PLAY,---,3,0,0,0,---,NO PLAY,---,7,0,0,0,---,NO PLAY,---,9,0,0,0,---,FULLCOMBO CLEAR,---,0,0,0,0,---,NO PLAY,---,2025-09-17 20:38
Lincle,WONDER WALKER,HARD TRANCE,L.E.D.,2,0,0,0,0,---,NO PLAY,---,5,0,0,0,---,NO PLAY,---,9,0,0,0,---,NO PLAY,---,12,3516,1630,256,6,EX HARD CLEAR,AAA,0,0,0,0,---,NO PLAY,---,2026-08-07 21:32
Lincle,YAKSHA,TERROR CORE,Neulakyussra,2,0,0,0,0,---,NO PLAY,---,6,0,0,0,---,NO PLAY,---,10,0,0,0,---,FULLCOMBO CLEAR,---,12,3483,1563,357,18,EX HARD CLEAR,AA,0,0,0,0,---,NO PLAY,---,2026-01-03 14:46
Lincle,yellow head joe,TEK-TRANCE,S-C-U,5,0,0,0,0,---,NO PLAY,---,4,0,0,0,---,NO PLAY,---,8,0,0,0,---,NO PLAY,---,10,2127,983,161,0,FULLCOMBO CLEAR,AAA,12,2832,1274,284,6,EX HARD CLEAR,AA,2026-04-07 15:06
Lincle,Yellow Sunrise,DRUM'N'BASS,xac,0,0,0,0,0,---,NO PLAY,---,4,0,0,0,---,NO PLAY,---,7,0,0,0,---,NO PLAY,---,10,0,0,0,---,FULLCOMBO CLEAR,---,0,0,0,0,---,NO PLAY,---,2025-09-17 20:38
Lincle,ビューティフルレシート,HAPPY HARDCORE,Lucky Vacuum,0,1,0,0,0,---,NO PLAY,---,3,0,0,0,---,NO PLAY,---,8,0,0,0,---,NO PLAY,---,10,0,0,0,---,FULLCOMBO CLEAR,---,0,0,0,0,---,NO PLAY,---,2025-09-17 20:38
Lincle,ユミル,SYMPHONIC-TEK,MYTHOLOGIA by MLREC.,2,0,0,0,0,---,NO PLAY,---,3,0,0,0,---,NO PLAY,---,7,0,0,0,---,NO PLAY,---,11,2602,1193,216,2,FULLCOMBO CLEAR,AAA,0,0,0,0,---,NO PLAY,---,2026-08-07 20:29
Lincle,君のハートにロックオン,トレンディーフュージョン,Dr.Honda,8,0,0,0,0,---,NO PLAY,---,4,0,0,0,---,NO PLAY,---,9,0,0,0,---,NO PLAY,---,11,2463,1112,239,1,FULLCOMBO CLEAR,AAA,12,2920,1223,474,24,EX HARD CLEAR,AA,2026-06-10 15:05
Lincle,天空の夜明け,ANTHEM,Cuvelia,7,0,0,0,0,---,NO PLAY,---,7,0,0,0,---,NO PLAY,---,10,0,0,0,---,FULLCOMBO CLEAR,---,12,3477,1533,411,25,EX HARD CLEAR,AA,0,0,0,0,---,NO PLAY,---,2026-06-03 16:15
Lincle,子供の落書き帳,PROGRESSIVE,佐々木博史,1,0,0,0,0,---,NO PLAY,---,6,0,0,0,---,NO PLAY,---,10,0,0,0,---,FULLCOMBO CLEAR,---,12,2262,970,322,18,EX HARD CLEAR,AA,0,0,0,0,---,NO PLAY,---,2025-12-20 14:30
Lincle,恋する☆宇宙戦争っ！！,Hi-BLEEP,Prim,6,2,0,0,0,---,NO PLAY,---,5,0,0,0,---,NO PLAY,---,8,0,0,0,---,NO PLAY,---,12,3248,1466,316,4,EX HARD CLEAR,AA,12,3928,1717,494,25,EX HARD CLEAR,AA,2026-03-26 14:37
Lincle,突撃!ガラスのニーソ姫!,電波,山本椛 (monotone),1,0,0,0,0,---,NO PLAY,---,4,0,0,0,---,NO PLAY,---,7,0,0,0,---,NO PLAY,---,10,1980,932,116,0,FULLCOMBO CLEAR,AAA,0,0,0,0,---,NO PLAY,---,2025-09-21 13:39
Lincle,聖人の塔,BATTLE TRACK,Beridzebeth,13,0,0,0,0,---,NO PLAY,---,6,0,0,0,---,NO PLAY,---,10,0,0,0,---,FULLCOMBO CLEAR,---,12,2671,1220,231,31,EX HARD CLEAR,AA,12,3615,1579,457,71,HARD CLEAR,AA,2026-07-11 15:30
Lincle,蛇神,ORIENTAL MYTHOLOGY,Zektbach,15,2,0,0,0,---,NO PLAY,---,4,0,0,0,---,NO PLAY,---,8,0,0,0,---,NO PLAY,---,11,2598,1197,204,5,EX HARD CLEAR,AAA,12,3164,1389,386,25,EX HARD CLEAR,AA,2026-07-04 16:12
Lincle,衰色小町メランコリア,NEO CLASSICAL DANCE,iNO,0,0,0,0,0,---,NO PLAY,---,4,0,0,0,---,NO PLAY,---,7,0,0,0,---,NO PLAY,---,10,0,0,0,---,FULLCOMBO CLEAR,---,0,0,0,0,---,NO PLAY,---,2025-09-17 20:38
Lincle,陽炎,POP,星野奏子,0,0,0,0,0,---,NO PLAY,---,3,0,0,0,---,NO PLAY,---,6,0,0,0,---,NO PLAY,---,9,0,0,0,---,FULLCOMBO CLEAR,---,0,0,0,0,---,NO PLAY,---,2025-09-17 20:38
tricoro,405nm (Ryu☆mix),HARDCORE,Another Infinity,4,0,0,0,0,---,NO PLAY,---,5,0,0,0,---,NO PLAY,---,9,0,0,0,---,NO PLAY,---,11,2417,1127,163,2,FULLCOMBO CLEAR,AAA,0,0,0,0,---,NO PLAY,---,2026-07-11 15:57
tricoro,8bit Princess,CHIPTUNE,seiya-murai feat. ALT,4,0,0,0,0,---,NO PLAY,---,3,0,0,0,---,NO PLAY,---,6,0,0,0,---,NO PLAY,---,10,2516,1199,118,0,FULLCOMBO CLEAR,AAA,0,0,0,0,---,NO PLAY,---,2026-03-19 15:16
tricoro,Ascalon,ELECTRO POP,Qrispy Joybox,0,0,0,0,0,---,NO PLAY,---,5,0,0,0,---,NO PLAY,---,8,0,0,0,---,NO PLAY,---,10,0,0,0,---,FULLCOMBO CLEAR,---,0,0,0,0,---,NO PLAY,---,2025-09-17 20:38
tricoro,Beastie Starter,SPEEDCORE,GUHROOVY,5,0,0,0,0,---,NO PLAY,---,3,0,0,0,---,NO PLAY,---,7,0,0,0,---,NO PLAY,---,11,1963,894,175,4,EX HARD CLEAR,AA,0,0,0,0,---,NO PLAY,---,2026-01-16 14:13
tricoro,BLUE STRAGGLER,HARD DANCE,L.E.D.,0,0,0,0,0,---,NO PLAY,---,4,0,0,0,---,NO PLAY,---,7,0,0,0,---,NO PLAY,---,10,0,0,0,---,FULLCOMBO CLEAR,---,0,0,0,0,---,NO PLAY,---,2025-09-17 20:38
tricoro,BRAVE GLOW,SPACY TRANCE,SOUND HOLIC feat. Nana Takahashi,1,0,0,0,0,---,NO PLAY,---,4,0,0,0,---,NO PLAY,---,8,0,0,0,---,NO PLAY,---,10,2286,1041,204,3,FULLCOMBO CLEAR,AAA,0,0,0,0,---,NO PLAY,---,2026-07-17 12:52
tricoro,CONCEPTUAL,HARD REVOLUTION,Sota Fujimori 2nd Season,1,0,0,0,0,---,NO PLAY,---,5,0,0,0,---,NO PLAY,---,7,0,0,0,---,NO PLAY,---,11,2509,1149,211,5,EX HARD CLEAR,AAA,0,0,0,0,---,NO PLAY,---,2025-12-24 14:13
tricoro,Confiserie,HARD ELECTRIC POP,L.E.D. vs S-C-U,46,0,0,0,0,---,NO PLAY,---,5,0,0,0,---,NO PLAY,---,10,0,0,0,---,FULLCOMBO CLEAR,---,12,2965,1274,417,44,HARD CLEAR,AA,0,0,0,0,---,NO PLAY,---,2026-08-17 16:14
tricoro,connective,LOUNGE POP,猫叉Master feat.*spiLa*,0,0,0,0,0,---,NO PLAY,---,2,0,0,0,---,NO PLAY,---,6,0,0,0,---,NO PLAY,---,8,0,0,0,---,FULLCOMBO CLEAR,---,0,0,0,0,---,NO PLAY,---,2025-09-17 20:38
tricoro,Cookie Bouquets,BREAK CORE,L.E.D. vs TOMOSUKE fw.crimm,1,0,0,0,0,---,NO PLAY,---,5,0,0,0,---,NO PLAY,---,9,0,0,0,---,NO PLAY,---,11,3288,1581,126,1,FULLCOMBO CLEAR,AAA,0,0,0,0,---,NO PLAY,---,2025-12-11 15:33
tricoro,DAY DREAM,DARK PROGRESSIVE,Mutsuhiko Izumi,4,0,0,0,0,---,NO PLAY,---,5,0,0,0,---,NO PLAY,---,10,0,0,0,---,FULLCOMBO CLEAR,---,12,1758,753,252,15,EX HARD CLEAR,AA,0,0,0,0,---,NO PLAY,---,2026-01-03 16:12
tricoro,Devilz Staircase,SYMPHONIC BREAK BEATS,OSTER project,1,0,0,0,0,---,NO PLAY,---,3,0,0,0,---,NO PLAY,---,10,0,0,0,---,FULLCOMBO CLEAR,---,12,2893,1291,311,18,EX HARD CLEAR,AA,0,0,0,0,---,NO PLAY,---,2025-12-28 15:41
tricoro,Elemental Creation,HARD RENAISSANCE,dj TAKA meets DJ YOSHITAKA,7,1,0,0,0,---,NO PLAY,---,7,0,0,0,---,NO PLAY,---,10,0,0,0,---,FULLCOMBO CLEAR,---,12,3418,1484,450,53,HARD CLEAR,AA,0,0,0,0,---,NO PLAY,---,2026-02-05 16:06
tricoro,examination leave,VACATION DANCE,dj razzle dazzle,2,0,0,0,0,---,NO PLAY,---,6,0,0,0,---,NO PLAY,---,9,0,0,0,---,NO PLAY,---,11,3246,1548,150,3,EX HARD CLEAR,AAA,0,0,0,0,---,NO PLAY,---,2026-08-17 14:50
tricoro,FLOWER,TRANCE CORE,DJ YOSHITAKA,5,2,0,0,0,---,NO PLAY,---,6,0,0,0,---,NO PLAY,---,9,0,0,0,---,NO PLAY,---,11,2671,1225,221,1,FULLCOMBO CLEAR,AAA,0,0,0,0,---,NO PLAY,---,2026-08-15 11:01
tricoro,Fly you to the star,HANDZ UP,Another Infinity feat. Mayumi Morinaga,4,0,0,0,0,---,NO PLAY,---,4,0,0,0,---,NO PLAY,---,8,0,0,0,---,NO PLAY,---,10,2103,965,173,1,FULLCOMBO CLEAR,AAA,0,0,0,0,---,NO PLAY,---,2026-04-09 13:39
tricoro,GAIA,SPEED DANCE,猫叉L.E.D.Master+,3,0,0,0,0,---,NO PLAY,---,5,0,0,0,---,NO PLAY,---,10,0,0,0,---,FULLCOMBO CLEAR,---,12,3025,1377,271,8,EX HARD CLEAR,AAA,0,0,0,0,---,NO PLAY,---,2026-03-14 16:19
tricoro,GRADIUS 2012,KONAMI REMIX,Sota Fujimori,1,0,0,0,0,---,NO PLAY,---,5,0,0,0,---,NO PLAY,---,8,0,0,0,---,NO PLAY,---,10,2522,1157,208,1,FULLCOMBO CLEAR,AAA,0,0,0,0,---,NO PLAY,---,2025-10-26 13:37
tricoro,Hollywood Galaxy,DRUM'N'BASS,dj TAKA,1,0,0,0,0,---,NO PLAY,---,5,0,0,0,---,NO PLAY,---,10,0,0,0,---,FULLCOMBO CLEAR,---,12,2482,1126,230,10,EX HARD CLEAR,AAA,0,0,0,0,---,NO PLAY,---,2025-11-22 15:39
tricoro,Howling,NU RAVE,PON,1,0,0,0,0,---,NO PLAY,---,4,0,0,0,---,NO PLAY,---,7,0,0,0,---,NO PLAY,---,9,0,0,0,---,FULLCOMBO CLEAR,---,10,2427,1095,237,2,FULLCOMBO CLEAR,AAA,2025-11-30 13:34
tricoro,I know You know,NEW 80's,Suke+Suke feat.Ribbon,0,0,0,0,0,---,NO PLAY,---,3,0,0,0,---,NO PLAY,---,6,0,0,0,---,NO PLAY,---,9,0,0,0,---,FULLCOMBO CLEAR,---,0,0,0,0,---,NO PLAY,---,2025-09-17 20:38
tricoro,ILIAS,HYPER ELECTRO,Masayoshi Minoshima feat. 坂上なち,0,0,0,0,0,---,NO PLAY,---,4,0,0,0,---,NO PLAY,---,7,0,0,0,---,NO PLAY,---,10,0,0,0,---,FULLCOMBO CLEAR,---,0,0,0,0,---,NO PLAY,---,2025-09-17 20:38
tricoro,Illegal Function Call,ORBITALIC CORE,U1-ASAMi,15,0,0,0,0,---,NO PLAY,---,5,0,0,0,---,NO PLAY,---,9,0,0,0,---,NO PLAY,---,11,2347,1008,331,8,EX HARD CLEAR,AA,12,2911,1203,505,64,HARD CLEAR,A,2026-08-08 16:04
tricoro,In Heaven,HEAVENLY TRANCE,Sota Fujimori,0,0,0,0,0,---,NO PLAY,---,4,0,0,0,---,NO PLAY,---,7,0,0,0,---,NO PLAY,---,9,0,0,0,---,FULLCOMBO CLEAR,---,0,0,0,0,---,NO PLAY,---,2025-09-17 20:38
tricoro,JOMANDA,HARD RENAISSANCE,DJ YOSHITAKA,14,1,0,0,0,---,NO PLAY,---,6,0,0,0,---,NO PLAY,---,10,0,0,0,---,FULLCOMBO CLEAR,---,12,3204,1419,366,13,EX HARD CLEAR,AA,0,0,0,0,---,NO PLAY,---,2026-07-16 20:34
tricoro,Liberation,TRANCE,dj TAKA,10,0,0,0,0,---,NO PLAY,---,6,0,0,0,---,NO PLAY,---,9,0,0,0,---,NO PLAY,---,12,3392,1534,324,11,EX HARD CLEAR,AAA,0,0,0,0,---,NO PLAY,---,2026-07-26 14:48
tricoro,Light and Cyber…,HAPPY HARDCORE,Tatsh,3,0,0,0,0,---,NO PLAY,---,5,0,0,0,---,NO PLAY,---,9,0,0,0,---,NO PLAY,---,11,2894,1329,236,0,FULLCOMBO CLEAR,AAA,0,0,0,0,---,NO PLAY,---,2026-07-04 15:24
tricoro,Little Star,J-CORE,REDALiCE feat. Ayumi Nomiya,7,0,0,0,0,---,NO PLAY,---,5,0,0,0,---,NO PLAY,---,8,0,0,0,---,NO PLAY,---,12,2924,1333,258,4,EX HARD CLEAR,AAA,0,0,0,0,---,NO PLAY,---,2026-06-27 14:51
tricoro,LUV CAN SAVE U,NEO 80's EURO ELECTRO,HIDEKI NAGANUMA,2,0,0,0,0,---,NO PLAY,---,3,0,0,0,---,NO PLAY,---,7,0,0,0,---,NO PLAY,---,9,0,0,0,---,FULLCOMBO CLEAR,---,10,2580,1181,218,1,FULLCOMBO CLEAR,AAA,2026-03-14 14:40
tricoro,mnemoniq,JAZZ HOUSE,youhei shimizu,0,0,0,0,0,---,NO PLAY,---,4,0,0,0,---,NO PLAY,---,5,0,0,0,---,NO PLAY,---,8,0,0,0,---,FULLCOMBO CLEAR,---,0,0,0,0,---,NO PLAY,---,2025-09-17 20:38
tricoro,Neonlights,TECH DANCE,DJ Noriken,0,0,0,0,0,---,NO PLAY,---,4,0,0,0,---,NO PLAY,---,8,0,0,0,---,NO PLAY,---,10,0,0,0,---,FULLCOMBO CLEAR,---,0,0,0,0,---,NO PLAY,---,2025-09-17 20:38
tricoro,neu,NIENTE,少年ラジオ,1,1,0,0,0,---,NO PLAY,---,6,0,0,0,---,FULLCOMBO CLEAR,---,10,0,0,0,---,FULLCOMBO CLEAR,---,12,3494,1597,300,39,EX HARD CLEAR,AA,0,0,0,0,---,NO PLAY,---,2026-01-01 17:43
tricoro,New Decade IIDX Edition,SPEED DANCE CORE,Sota F.,2,1,0,0,0,---,NO PLAY,---,5,0,0,0,---,NO PLAY,---,9,0,0,0,---,NO PLAY,---,11,2840,1323,194,2,FULLCOMBO CLEAR,AAA,0,0,0,0,---,NO PLAY,---,2026-02-02 15:04
tricoro,New Lights,HARDCORE,kors k,0,0,0,0,0,---,NO PLAY,---,6,0,0,0,---,NO PLAY,---,9,0,0,0,---,NO PLAY,---,10,0,0,0,---,FULLCOMBO CLEAR,---,0,0,0,0,---,NO PLAY,---,2025-09-17 20:38
tricoro,Plan 8,HAPPY GABBA,Ryu☆,5,0,0,0,0,---,NO PLAY,---,6,0,0,0,---,NO PLAY,---,10,0,0,0,---,FULLCOMBO CLEAR,---,12,2765,1192,381,59,HARD CLEAR,AA,0,0,0,0,---,NO PLAY,---,2026-04-07 16:21
tricoro,planarian,ELECTRIC POP,S-C-U,2,0,0,0,0,---,NO PLAY,---,4,0,0,0,---,NO PLAY,---,8,0,0,0,---,NO PLAY,---,10,2427,1152,123,0,FULLCOMBO CLEAR,AAA,0,0,0,0,---,NO PLAY,---,2026-01-28 15:51
tricoro,POINT ZERO,DRUM'N'BASS,猫叉Master+,1,0,0,0,0,---,NO PLAY,---,4,0,0,0,---,NO PLAY,---,7,0,0,0,---,NO PLAY,---,10,1895,849,197,4,FULLCOMBO CLEAR,AA,0,0,0,0,---,NO PLAY,---,2026-08-08 12:02
tricoro,Praludium,CLASSICAL PIANO,Yuko Takahashi,2,0,0,0,0,---,NO PLAY,---,4,0,0,0,---,NO PLAY,---,8,0,0,0,---,NO PLAY,---,10,2089,951,187,1,FULLCOMBO CLEAR,AAA,0,0,0,0,---,NO PLAY,---,2026-03-03 12:30
tricoro,Proof of the existence,HARD ELECTRONICA,猫叉Master+,4,0,0,0,0,---,NO PLAY,---,6,0,0,0,---,NO PLAY,---,10,0,0,0,---,FULLCOMBO CLEAR,---,12,2851,1245,361,9,EX HARD CLEAR,AA,0,0,0,0,---,NO PLAY,---,2026-07-04 17:29
tricoro,Rainbow after snow,DRUM'N'BASS,猫叉Master feat.林ももこ,1,0,0,0,0,---,NO PLAY,---,4,0,0,0,---,NO PLAY,---,7,0,0,0,---,NO PLAY,---,10,2063,983,97,1,FULLCOMBO CLEAR,AAA,0,0,0,0,---,NO PLAY,---,2026-02-28 12:57
tricoro,Re:GENERATION,EMOTIONAL SENTENCE,TAG feat. ERi,1,1,0,0,0,---,NO PLAY,---,5,0,0,0,---,NO PLAY,---,8,0,0,0,---,NO PLAY,---,10,2083,945,193,0,FULLCOMBO CLEAR,AAA,0,0,0,0,---,NO PLAY,---,2025-11-15 14:35
tricoro,Reflection Into the EDEN,BOSSA ELECTRONICA,猫叉Master,0,0,0,0,0,---,NO PLAY,---,4,0,0,0,---,NO PLAY,---,7,0,0,0,---,NO PLAY,---,10,0,0,0,---,FULLCOMBO CLEAR,---,0,0,0,0,---,NO PLAY,---,2025-09-17 20:38
tricoro,rumrum triplets,LOUNGECORE,yu_tokiwa.djw,1,0,0,0,0,---,NO PLAY,---,5,0,0,0,---,NO PLAY,---,10,0,0,0,---,FULLCOMBO CLEAR,---,11,2744,1241,262,2,EX HARD CLEAR,AAA,0,0,0,0,---,NO PLAY,---,2026-04-23 12:48
tricoro,S!ck,DRUMSTEP,Eagle,2,0,0,0,0,---,NO PLAY,---,5,0,0,0,---,NO PLAY,---,8,0,0,0,---,NO PLAY,---,11,2475,1123,229,3,EX HARD CLEAR,AAA,0,0,0,0,---,NO PLAY,---,2026-01-25 14:50
tricoro,Saturn,PROGRESSIVE TRIBAL,Mr.Saturn,19,0,0,0,0,---,NO PLAY,---,7,0,0,0,---,NO PLAY,---,10,0,0,0,---,FULLCOMBO CLEAR,---,11,2395,1079,237,6,EX HARD CLEAR,AAA,12,2966,1273,420,31,HARD CLEAR,AA,2026-08-15 12:29
tricoro,Shining World,ELECTRO POP,DJ Genki feat. Yukacco,4,0,0,0,0,---,NO PLAY,---,6,0,0,0,---,NO PLAY,---,8,0,0,0,---,NO PLAY,---,9,1869,903,63,1,FULLCOMBO CLEAR,AAA,0,0,0,0,---,NO PLAY,---,2026-07-08 19:36
tricoro,SHION,HI-SPEED FANTASY TUNE,DJ YOSHITAKA,2,0,0,0,0,---,NO PLAY,---,4,0,0,0,---,NO PLAY,---,7,0,0,0,---,NO PLAY,---,10,2579,1230,119,3,FULLCOMBO CLEAR,AAA,0,0,0,0,---,NO PLAY,---,2026-03-17 14:32
tricoro,Sol Cosine Job 2,FREEFORM HARDCORE,DJ TECHNORCH,1,0,0,0,0,---,NO PLAY,---,6,0,0,0,---,NO PLAY,---,9,0,0,0,---,NO PLAY,---,12,2788,1213,362,10,EX HARD CLEAR,AA,0,0,0,0,---,NO PLAY,---,2025-10-03 13:00
tricoro,STULTI,GRAVIOL,MAX MAXIMIZER VS DJ TOTTO,3,0,0,0,0,---,NO PLAY,---,5,0,0,0,---,NO PLAY,---,10,0,0,0,---,FULLCOMBO CLEAR,---,12,2376,1063,250,20,EX HARD CLEAR,AA,0,0,0,0,---,NO PLAY,---,2026-01-28 17:00
tricoro,SYNC-ANTHEM,LATIN EURO,Tatsh feat. 星野奏子,2,0,0,0,0,---,NO PLAY,---,5,0,0,0,---,NO PLAY,---,10,0,0,0,---,FULLCOMBO CLEAR,---,12,3334,1520,294,11,EX HARD CLEAR,AAA,0,0,0,0,---,NO PLAY,---,2025-12-18 17:13
tricoro,Synergy For Angels,ORBITALIC REVOLUTION,TAG×U1-ASAMi,1,0,0,0,0,---,NO PLAY,---,4,0,0,0,---,NO PLAY,---,8,0,0,0,---,NO PLAY,---,11,2496,1115,266,3,FULLCOMBO CLEAR,AAA,0,0,0,0,---,NO PLAY,---,2026-03-15 15:58
tricoro,Take My Life,EUROBEAT,Y&Co.,4,0,0,0,0,---,NO PLAY,---,5,0,0,0,---,NO PLAY,---,8,0,0,0,---,NO PLAY,---,11,2719,1247,225,1,FULLCOMBO CLEAR,AAA,0,0,0,0,---,NO PLAY,---,2026-08-01 13:13
tricoro,Thor's Hammer,TRANSCENDENTAL ETUDES,ユニバーサル度胸兄弟,7,0,0,0,0,---,NO PLAY,---,5,0,0,0,---,NO PLAY,---,10,0,0,0,---,FULLCOMBO CLEAR,---,12,2468,1047,374,47,HARD CLEAR,A,0,0,0,0,---,NO PLAY,---,2026-05-31 17:32
tricoro,Time To Empress,TRANCE,dj TAKA feat.wac & secret K,6,0,0,0,0,---,NO PLAY,---,4,0,0,0,---,NO PLAY,---,9,0,0,0,---,NO PLAY,---,10,2377,1070,237,4,FULLCOMBO CLEAR,AAA,11,2905,1327,251,0,FULLCOMBO CLEAR,AAA,2026-08-08 12:53
tricoro,Timepiece phase II,PROGRESSIVE ROCK,佐々木博史,10,0,0,0,0,---,NO PLAY,---,5,0,0,0,---,NO PLAY,---,10,2000,888,224,2,FULLCOMBO CLEAR,AA,12,2737,1174,389,18,EX HARD CLEAR,AA,0,0,0,0,---,NO PLAY,---,2026-06-09 12:56
tricoro,Timepiece phase II (CN Ver.),PROGRESSIVE ROCK,佐々木博史,32,0,0,0,0,---,NO PLAY,---,6,0,0,0,---,NO PLAY,---,10,0,0,0,---,FULLCOMBO CLEAR,---,12,2523,1105,313,27,HARD CLEAR,AA,0,0,0,0,---,NO PLAY,---,2026-06-27 15:01
tricoro,True Blue,ESSENTIALLY,dj TAKA feat.AiMEE,1,0,0,0,0,---,NO PLAY,---,5,0,0,0,---,NO PLAY,---,10,0,0,0,---,FULLCOMBO CLEAR,---,12,3386,1520,346,3,FULLCOMBO CLEAR,AAA,0,0,0,0,---,NO PLAY,---,2025-10-12 15:37
tricoro,Valanga,ART CORE,DJ TOTTO,1,0,0,0,0,---,NO PLAY,---,7,0,0,0,---,NO PLAY,---,10,0,0,0,---,FULLCOMBO CLEAR,---,12,2989,1374,241,12,EX HARD CLEAR,AAA,0,0,0,0,---,NO PLAY,---,2025-10-17 15:16
tricoro,VALLIS-NERIA,TRANCE CORE,DJ YOSHITAKA,1,1,0,0,0,---,NO PLAY,---,6,0,0,0,---,NO PLAY,---,10,0,0,0,---,FULLCOMBO CLEAR,---,11,2712,1252,208,15,EX HARD CLEAR,AAA,0,0,0,0,---,NO PLAY,---,2025-09-22 14:26
tricoro,VEGA,UNIVERSAL J-CORE,REDALiCE,1,0,0,0,0,---,NO PLAY,---,5,0,0,0,---,NO PLAY,---,9,0,0,0,---,NO PLAY,---,11,2891,1339,213,9,EX HARD CLEAR,AAA,0,0,0,0,---,NO PLAY,---,2025-10-09 18:53
tricoro,ZED,DUB STEP,USAO,10,0,0,0,0,---,NO PLAY,---,5,0,0,0,---,NO PLAY,---,8,0,0,0,---,NO PLAY,---,11,2544,1158,228,0,FULLCOMBO CLEAR,AAA,12,2876,1213,450,18,EX HARD CLEAR,AA,2026-07-04 16:01
tricoro,Zirkfied,SPACE REQUIEM,iconoclasm,2,0,0,0,0,---,NO PLAY,---,5,0,0,0,---,NO PLAY,---,10,0,0,0,---,FULLCOMBO CLEAR,---,12,3306,1444,418,30,EX HARD CLEAR,AA,0,0,0,0,---,NO PLAY,---,2026-01-03 16:30
tricoro,ΕΛΠΙΣ,ROMANTIC SCHOOL VARIATIONS,dj TAKA,10,0,0,0,0,---,NO PLAY,---,6,0,0,0,---,NO PLAY,---,10,0,0,0,---,FULLCOMBO CLEAR,---,12,2877,1308,261,3,FULLCOMBO CLEAR,AAA,12,3091,1334,423,19,EX HARD CLEAR,AA,2026-03-19 15:28
tricoro,†渚の小悪魔ラヴリィ～レイディオ†(IIDX EDIT),Hi-CORE,夏色ビキニのPrim,3,1,0,0,0,---,NO PLAY,---,3,0,0,0,---,NO PLAY,---,9,0,0,0,---,NO PLAY,---,12,3130,1399,332,25,EX HARD CLEAR,AA,0,0,0,0,---,NO PLAY,---,2026-04-22 16:38
tricoro,お米の美味しい炊き方、そしてお米を食べることによるその効果。,お米タル,大日本鉄倶楽部【あさき＆９６】,8,0,0,0,0,---,NO PLAY,---,5,0,0,0,---,NO PLAY,---,8,0,0,0,---,NO PLAY,---,10,0,0,0,---,FULLCOMBO CLEAR,---,12,3078,1357,364,52,HARD CLEAR,AA,2026-05-28 14:53
tricoro,たまゆら,PROGRESSIVE,佐々木博史,3,0,0,0,0,---,NO PLAY,---,7,0,0,0,---,NO PLAY,---,10,0,0,0,---,FULLCOMBO CLEAR,---,12,2560,1184,192,7,EX HARD CLEAR,AAA,0,0,0,0,---,NO PLAY,---,2025-12-16 15:56
tricoro,アストライアの双皿,ZODIAC ORACLE 7,ZODIACSYNDICATE,3,0,0,0,0,---,NO PLAY,---,4,0,0,0,---,NO PLAY,---,9,0,0,0,---,NO PLAY,---,12,2840,1263,314,8,EX HARD CLEAR,AA,0,0,0,0,---,NO PLAY,---,2026-04-07 14:59
tricoro,カジノファイヤーことみちゃん,電波,ARM feat. 山本椛 + Brasscapsule,7,0,0,0,0,---,NO PLAY,---,4,0,0,0,---,NO PLAY,---,8,0,0,0,---,NO PLAY,---,11,2185,984,217,10,EX HARD CLEAR,AA,12,2866,1240,386,52,HARD CLEAR,AA,2026-07-12 14:03
tricoro,キャトられ恋はモ～モク,Hi-ν BLEEP,ギュ～っとしたいPrim,2,0,0,0,0,---,NO PLAY,---,6,0,0,0,---,NO PLAY,---,10,0,0,0,---,FULLCOMBO CLEAR,---,12,3302,1440,422,22,EX HARD CLEAR,AA,0,0,0,0,---,NO PLAY,---,2025-11-22 15:31
tricoro,シュレーディンガーの猫,TOY CONTEMPORARY,Cait Sith,1,0,0,0,0,---,NO PLAY,---,6,0,0,0,---,NO PLAY,---,10,0,0,0,---,FULLCOMBO CLEAR,---,12,3087,1413,261,8,EX HARD CLEAR,AAA,0,0,0,0,---,NO PLAY,---,2025-11-09 14:39
tricoro,トリカゴノ鳳凰,歌謡 DRUM & BASS,L.E.D. Vs. 幽閉サテライト,1,0,0,0,0,---,NO PLAY,---,6,0,0,0,---,NO PLAY,---,9,0,0,0,---,NO PLAY,---,12,3365,1504,357,12,EX HARD CLEAR,AA,0,0,0,0,---,NO PLAY,---,2025-12-03 14:35
tricoro,メイメツ、フラグメンツ,CYBER SYMPHONIC POP,中山真斗(Elements Garden)feat.桜川めぐ,1,0,0,0,0,---,NO PLAY,---,4,0,0,0,---,NO PLAY,---,8,0,0,0,---,NO PLAY,---,10,1768,791,186,0,FULLCOMBO CLEAR,AAA,0,0,0,0,---,NO PLAY,---,2025-11-03 18:11
tricoro,ラキラキ,LUCKY TECHNO,Mutsuhiko Izumi & S-C-U,1,0,0,0,0,---,NO PLAY,---,4,0,0,0,---,NO PLAY,---,8,0,0,0,---,NO PLAY,---,10,1855,869,117,3,FULLCOMBO CLEAR,AAA,0,0,0,0,---,NO PLAY,---,2026-07-16 19:28
tricoro,下弦の月,NEO CLASSICAL DANCE,iNO,0,0,0,0,0,---,NO PLAY,---,5,0,0,0,---,NO PLAY,---,7,0,0,0,---,NO PLAY,---,9,0,0,0,---,FULLCOMBO CLEAR,---,0,0,0,0,---,NO PLAY,---,2025-09-17 20:38
tricoro,仮想空間の旅人たち,TECHNO,DJ MURASAME,4,0,0,0,0,---,NO PLAY,---,5,0,0,0,---,NO PLAY,---,9,0,0,0,---,NO PLAY,---,11,2601,1175,251,3,FULLCOMBO CLEAR,AAA,12,3474,1574,326,3,EX HARD CLEAR,AAA,2026-06-27 14:34
tricoro,創世ノート,CREATOR,PON+wac,1,0,0,0,0,---,NO PLAY,---,4,0,0,0,---,NO PLAY,---,9,0,0,0,---,NO PLAY,---,11,2730,1260,210,5,EX HARD CLEAR,AAA,0,0,0,0,---,NO PLAY,---,2026-01-15 15:48
tricoro,即席！脳直★ミュージックシステム,AKIBA-POP,MOSAIC.WAV,2,0,0,0,0,---,NO PLAY,---,6,0,0,0,---,NO PLAY,---,10,0,0,0,---,FULLCOMBO CLEAR,---,12,3160,1401,358,14,EX HARD CLEAR,AA,0,0,0,0,---,NO PLAY,---,2026-02-11 16:11
tricoro,朧,FASCINATION,HHH×MM×ST,2,1,0,0,0,---,NO PLAY,---,4,0,0,0,---,NO PLAY,---,7,0,0,0,---,NO PLAY,---,10,1893,848,197,2,FULLCOMBO CLEAR,AAA,11,2341,1083,175,2,FULLCOMBO CLEAR,AAA,2026-07-26 13:53
tricoro,梅雪夜,想歌 梅,Qrispy Joybox feat.mao,1,0,0,0,0,---,NO PLAY,---,5,0,0,0,---,NO PLAY,---,7,0,0,0,---,NO PLAY,---,10,2018,944,130,0,FULLCOMBO CLEAR,AAA,0,0,0,0,---,NO PLAY,---,2025-12-01 12:31
tricoro,狂イ咲ケ焔ノ華,Hi-GOTH,覚醒ノPrim,2,0,0,0,0,---,NO PLAY,---,6,0,0,0,---,NO PLAY,---,10,0,0,0,---,FULLCOMBO CLEAR,---,12,3255,1455,345,7,EX HARD CLEAR,AA,0,0,0,0,---,NO PLAY,---,2026-05-04 13:41
tricoro,音楽,SILENT,弁士カンタビレオ,21,0,0,0,0,---,NO PLAY,---,5,0,0,0,---,NO PLAY,---,10,0,0,0,---,FULLCOMBO CLEAR,---,12,2409,1048,313,28,HARD CLEAR,AA,0,0,0,0,---,NO PLAY,---,2026-08-09 16:35
tricoro,龍と少女とデコヒーレンス,EPIC TECHNO,黒猫ダンジョン,8,0,0,0,0,---,NO PLAY,---,5,0,0,0,---,NO PLAY,---,8,0,0,0,---,NO PLAY,---,11,2702,1218,266,1,FULLCOMBO CLEAR,AAA,12,3073,1397,279,6,EX HARD CLEAR,AAA,2026-08-07 21:29
SPADA,Adularia,ARTCORE,DJ TOTTO,7,1,0,0,0,---,NO PLAY,---,6,0,0,0,---,NO PLAY,---,10,0,0,0,---,FULLCOMBO CLEAR,---,12,2576,1163,250,2,FULLCOMBO CLEAR,AAA,0,0,0,0,---,NO PLAY,---,2026-08-15 12:17
SPADA,ALBA -黎明-,HYPER GOTHIC BEAT,SOUND HOLIC feat. Nana Takahashi,6,0,0,0,0,---,NO PLAY,---,5,0,0,0,---,NO PLAY,---,8,0,0,0,---,NO PLAY,---,11,3012,1398,216,2,EX HARD CLEAR,AAA,12,3625,1673,279,10,EX HARD CLEAR,AAA,2026-05-14 14:21
SPADA,Ancient Scapes,DYNASTIC FREEFORM,Durandal,61,0,0,0,0,---,NO PLAY,---,6,0,0,0,---,NO PLAY,---,10,0,0,0,---,FULLCOMBO CLEAR,---,12,3236,1493,250,4,EX HARD CLEAR,AAA,12,3598,1552,494,24,EX HARD CLEAR,AA,2026-07-04 16:04
SPADA,ATHER,ASTRAL HARDCORE,TAG underground,2,0,0,0,0,---,NO PLAY,---,5,0,0,0,---,NO PLAY,---,8,0,0,0,---,NO PLAY,---,11,2599,1184,231,2,EX HARD CLEAR,AAA,12,2976,1376,224,21,EX HARD CLEAR,AAA,2025-12-21 14:34
SPADA,BLUE DRAGON(雷龍RemixIIDX),RAVERS DANCE SPEED,青龍,4,0,0,0,0,---,NO PLAY,---,7,0,0,0,---,NO PLAY,---,10,2148,1007,134,7,FULLCOMBO CLEAR,AAA,12,3035,1370,295,18,EX HARD CLEAR,AA,0,0,0,0,---,NO PLAY,---,2026-07-11 17:03
SPADA,BRAINSTORM,TRANCECORE MEETS GABBA,Hardcore United Tokyo(teranoid & DJ TECHNORCH),3,0,0,0,0,---,NO PLAY,---,4,0,0,0,---,NO PLAY,---,10,0,0,0,---,FULLCOMBO CLEAR,---,11,2603,1192,219,18,EX HARD CLEAR,AAA,0,0,0,0,---,NO PLAY,---,2025-09-22 14:54
SPADA,BRAVE OUT,ELECTRANCE,nomico / DOWNFORCE,2,0,0,0,0,---,NO PLAY,---,5,0,0,0,---,NO PLAY,---,8,0,0,0,---,NO PLAY,---,10,1971,896,179,1,FULLCOMBO CLEAR,AAA,11,2559,1174,211,4,FULLCOMBO CLEAR,AAA,2026-01-12 15:04
SPADA,Claiomh Solais,ILUZIO,DJ Yoshitaka VS S.S.D.,0,0,0,0,0,---,NO PLAY,---,2,0,0,0,---,NO PLAY,---,6,0,0,0,---,NO PLAY,---,9,0,0,0,---,FULLCOMBO CLEAR,---,0,0,0,0,---,NO PLAY,---,2025-09-17 20:38
SPADA,Cleopatrysm,PHARAO BEAM STEP,ピラミッ℃,1,0,0,0,0,---,NO PLAY,---,4,0,0,0,---,NO PLAY,---,8,0,0,0,---,NO PLAY,---,11,2423,1121,181,1,EX HARD CLEAR,AAA,0,0,0,0,---,NO PLAY,---,2025-11-08 13:58
SPADA,Close the World feat.a☆ru,J-CORE,天叢雲剣,16,0,0,0,0,---,NO PLAY,---,5,0,0,0,---,NO PLAY,---,10,0,0,0,---,FULLCOMBO CLEAR,---,12,3099,1419,261,21,EX HARD CLEAR,AAA,12,3330,1467,396,21,EX HARD CLEAR,AA,2026-05-28 13:35
SPADA,Critical Crystal,DANCE SPEED,青龍,2,1,0,0,0,---,NO PLAY,---,6,0,0,0,---,NO PLAY,---,8,0,0,0,---,NO PLAY,---,11,2724,1256,212,19,EX HARD CLEAR,AAA,0,0,0,0,---,NO PLAY,---,2026-07-04 16:45
SPADA,DARK LEGACY,DARK ELEMENT,BaSTeT,6,0,0,0,0,---,NO PLAY,---,6,0,0,0,---,NO PLAY,---,9,0,0,0,---,NO PLAY,---,12,3262,1482,298,20,EX HARD CLEAR,AAA,0,0,0,0,---,NO PLAY,---,2026-04-07 14:27
SPADA,Devilz Sacrifice -贖罪の羊-,SYMPHONIC BREAK BEATS,OSTER project,2,0,0,0,0,---,NO PLAY,---,5,0,0,0,---,NO PLAY,---,9,0,0,0,---,NO PLAY,---,11,2308,1069,170,6,EX HARD CLEAR,AAA,0,0,0,0,---,NO PLAY,---,2026-02-28 16:00
SPADA,diagram,GLITCH HOP,Expander,1,0,0,0,0,---,NO PLAY,---,3,0,0,0,---,NO PLAY,---,7,0,0,0,---,NO PLAY,---,11,2599,1167,265,7,EX HARD CLEAR,AAA,0,0,0,0,---,NO PLAY,---,2026-04-03 13:29
SPADA,Elektrick U-Phoria,UK HARDCORE,DJ Noriken,8,0,0,0,0,---,NO PLAY,---,6,0,0,0,---,NO PLAY,---,9,0,0,0,---,NO PLAY,---,11,2964,1404,156,1,FULLCOMBO CLEAR,AAA,12,3624,1651,322,25,EX HARD CLEAR,AA,2026-04-14 14:38
SPADA,Element of SPADA,HEALING POP,猫叉Master feat.霜月はるか,7,0,0,0,0,---,NO PLAY,---,3,0,0,0,---,NO PLAY,---,7,0,0,0,---,NO PLAY,---,9,0,0,0,---,FULLCOMBO CLEAR,---,11,3003,1449,105,1,FULLCOMBO CLEAR,AAA,2026-07-11 17:09
SPADA,Engraved Mark,HAPPY SAD CORE,Ryu☆ ∞ Des-ROW,4,0,0,0,0,---,NO PLAY,---,4,0,0,0,---,NO PLAY,---,8,0,0,0,---,NO PLAY,---,11,2232,1032,168,0,FULLCOMBO CLEAR,AAA,0,0,0,0,---,NO PLAY,---,2026-08-16 15:55
SPADA,EXTREME MACH COLLIDER,TECHNO,L.E.D.,3,0,0,0,0,---,NO PLAY,---,5,0,0,0,---,NO PLAY,---,8,0,0,0,---,NO PLAY,---,11,2375,1080,215,0,FULLCOMBO CLEAR,AAA,0,0,0,0,---,NO PLAY,---,2026-05-18 13:49
SPADA,Feel The Beat,HARDCORE RAVE,Falsion,18,0,0,0,0,---,NO PLAY,---,7,0,0,0,---,NO PLAY,---,10,0,0,0,---,FULLCOMBO CLEAR,---,12,3234,1448,338,9,EX HARD CLEAR,AA,12,3643,1568,507,44,HARD CLEAR,AA,2026-08-17 17:19
SPADA,Funny shuffle,JAG GLITCH,猫叉Master+,1,0,0,0,0,---,NO PLAY,---,3,0,0,0,---,NO PLAY,---,6,0,0,0,---,NO PLAY,---,11,2111,944,223,6,EX HARD CLEAR,AA,0,0,0,0,---,NO PLAY,---,2026-01-17 13:37
SPADA,HYENA,BIG BEAT,Hommarju,5,0,0,0,0,---,NO PLAY,---,6,0,0,0,---,NO PLAY,---,9,0,0,0,---,NO PLAY,---,11,2570,1157,256,1,FULLCOMBO CLEAR,AAA,12,3214,1402,410,21,EX HARD CLEAR,AA,2026-06-05 14:40
SPADA,Hypersonik,DRUM&BASS,Eagle,0,0,0,0,0,---,NO PLAY,---,5,0,0,0,---,NO PLAY,---,8,0,0,0,---,NO PLAY,---,10,0,0,0,---,FULLCOMBO CLEAR,---,0,0,0,0,---,NO PLAY,---,2025-09-17 20:38
SPADA,I will be back -オレは帰ってきた-,ONLY ONE MOMENT,SUPER STAR 満-MITSURU-,1,0,0,0,0,---,NO PLAY,---,6,0,0,0,---,NO PLAY,---,9,0,0,0,---,NO PLAY,---,11,2692,1231,230,7,EX HARD CLEAR,AAA,0,0,0,0,---,NO PLAY,---,2025-12-24 14:02
SPADA,Idola,REPLICANT CORE,iconoclasm feat.GUMI,1,0,0,0,0,---,NO PLAY,---,6,0,0,0,---,NO PLAY,---,10,0,0,0,---,FULLCOMBO CLEAR,---,12,3259,1488,283,12,EX HARD CLEAR,AAA,0,0,0,0,---,NO PLAY,---,2025-12-24 16:23
SPADA,Insane Techniques,Hi-TECH FULL ON,kors k,2,0,0,0,0,---,NO PLAY,---,4,0,0,0,---,NO PLAY,---,7,0,0,0,---,NO PLAY,---,11,2265,1030,205,12,EX HARD CLEAR,AAA,0,0,0,0,---,NO PLAY,---,2026-03-14 17:13
SPADA,INSOMNIA,FUNKOT,ジャカルタファンクブラザーズ,4,0,0,0,0,---,NO PLAY,---,4,0,0,0,---,NO PLAY,---,8,0,0,0,---,NO PLAY,---,12,2903,1324,255,30,EX HARD CLEAR,AA,0,0,0,0,---,NO PLAY,---,2026-06-20 15:28
SPADA,into the battlefield,SYMPHONIC BREAKS,the wandering bard,0,0,0,0,0,---,NO PLAY,---,4,0,0,0,---,NO PLAY,---,8,0,0,0,---,NO PLAY,---,10,0,0,0,---,FULLCOMBO CLEAR,---,0,0,0,0,---,NO PLAY,---,2025-09-17 20:38
SPADA,invoker,TRIBE CORE,Caladborg,11,0,0,0,0,---,NO PLAY,---,5,0,0,0,---,NO PLAY,---,9,0,0,0,---,NO PLAY,---,12,2948,1363,222,13,EX HARD CLEAR,AAA,12,3140,1384,372,12,EX HARD CLEAR,AA,2026-04-23 14:05
SPADA,IX,BLOOD METAL,dj TAKA VS DJ TOTTO feat.藍,7,0,0,0,0,---,NO PLAY,---,6,0,0,0,---,NO PLAY,---,11,2267,1041,185,0,FULLCOMBO CLEAR,AAA,12,3227,1400,427,50,HARD CLEAR,AA,0,0,0,0,---,NO PLAY,---,2026-08-01 15:38
SPADA,KAISER PHOENIX,HEAVY METAL,96,22,0,0,0,0,---,NO PLAY,---,7,0,0,0,---,NO PLAY,---,10,0,0,0,---,FULLCOMBO CLEAR,---,12,2912,1308,296,22,EX HARD CLEAR,AA,12,3163,1340,483,56,HARD CLEAR,AA,2026-02-13 16:56
SPADA,KHAMEN BREAK,PROGRESSIVE GOSPEL,くふおー,1,0,0,0,0,---,NO PLAY,---,3,0,0,0,---,NO PLAY,---,7,0,0,0,---,NO PLAY,---,11,2291,1048,195,11,EX HARD CLEAR,AAA,0,0,0,0,---,NO PLAY,---,2025-12-28 14:43
SPADA,Last Dance,HARD STACC,dj TAKA,2,0,0,0,0,---,NO PLAY,---,6,0,0,0,---,NO PLAY,---,10,0,0,0,---,FULLCOMBO CLEAR,---,12,2894,1298,298,14,EX HARD CLEAR,AA,0,0,0,0,---,NO PLAY,---,2026-03-21 15:46
SPADA,Lighting Shower,TRANCE POP,TAG,2,0,0,0,0,---,NO PLAY,---,4,0,0,0,---,NO PLAY,---,7,0,0,0,---,NO PLAY,---,11,2213,1011,191,2,FULLCOMBO CLEAR,AAA,0,0,0,0,---,NO PLAY,---,2026-05-10 15:52
SPADA,M.D.Injection,PIECED DOWNBEAT,Project B-,1,0,0,0,0,---,NO PLAY,---,3,0,0,0,---,NO PLAY,---,6,0,0,0,---,NO PLAY,---,10,2253,1039,175,2,FULLCOMBO CLEAR,AAA,0,0,0,0,---,NO PLAY,---,2025-10-25 15:43
SPADA,m1dy Deluxe,TOKYO STYLE SPEEDCORE,m1dy,3,0,0,0,0,---,NO PLAY,---,6,0,0,0,---,NO PLAY,---,9,0,0,0,---,NO PLAY,---,11,2249,979,291,11,EX HARD CLEAR,AA,0,0,0,0,---,NO PLAY,---,2026-04-09 14:19
SPADA,MAD ATTACK,UPBEAT,HALFBY,32,0,0,0,0,---,NO PLAY,---,3,0,0,0,---,NO PLAY,---,6,0,0,0,---,NO PLAY,---,9,0,0,0,---,FULLCOMBO CLEAR,---,12,2218,922,374,19,EX HARD CLEAR,AA,2026-07-04 14:40
SPADA,MAGIC & LOVE,HAPPY CORE,DJ Genki feat. Yukacco,2,0,0,0,0,---,NO PLAY,---,5,0,0,0,---,NO PLAY,---,9,0,0,0,---,NO PLAY,---,11,2711,1246,219,6,EX HARD CLEAR,AAA,0,0,0,0,---,NO PLAY,---,2026-02-26 15:03
SPADA,Miracle 5ympho X,FRENCHCORE,USAO,16,0,0,0,0,---,NO PLAY,---,5,0,0,0,---,NO PLAY,---,8,0,0,0,---,NO PLAY,---,10,2489,1174,141,0,FULLCOMBO CLEAR,AAA,12,2521,1065,391,48,HARD CLEAR,AA,2026-05-08 12:23
SPADA,NPC World,ELECTRO POP,PON,6,0,0,0,0,---,NO PLAY,---,5,0,0,0,---,NO PLAY,---,8,0,0,0,---,NO PLAY,---,10,2141,998,145,0,FULLCOMBO CLEAR,AAA,0,0,0,0,---,NO PLAY,---,2026-01-04 14:45
SPADA,Odin,GABBER,Noizenecio,1,0,0,0,0,---,NO PLAY,---,4,0,0,0,---,NO PLAY,---,7,0,0,0,---,NO PLAY,---,10,1985,952,81,0,FULLCOMBO CLEAR,AAA,0,0,0,0,---,NO PLAY,---,2025-11-01 14:41
SPADA,Overload Frontier,HARDCORE RAVE,DJ Shimamura,5,0,0,0,0,---,NO PLAY,---,5,0,0,0,---,NO PLAY,---,8,0,0,0,---,NO PLAY,---,11,2371,1068,235,2,FULLCOMBO CLEAR,AA,0,0,0,0,---,NO PLAY,---,2026-06-10 16:03
SPADA,Pharaoh,ANCIENT CIVILIZATION,劇団レコード,2,0,0,0,0,---,NO PLAY,---,3,0,0,0,---,NO PLAY,---,8,0,0,0,---,NO PLAY,---,11,2303,1073,157,1,FULLCOMBO CLEAR,AAA,0,0,0,0,---,NO PLAY,---,2026-08-01 13:51
SPADA,PUNISHER,VARIANT RAVE,TAG×PON,1,0,0,0,0,---,NO PLAY,---,5,0,0,0,---,NO PLAY,---,9,0,0,0,---,NO PLAY,---,12,3228,1462,304,7,EX HARD CLEAR,AAA,0,0,0,0,---,NO PLAY,---,2025-12-09 16:05
SPADA,ra'am,RAVERS DANCE SPEED,雷龍,2,0,0,0,0,---,NO PLAY,---,8,0,0,0,---,NO PLAY,---,10,0,0,0,---,FULLCOMBO CLEAR,---,12,2466,1088,290,33,EX HARD CLEAR,AA,0,0,0,0,---,NO PLAY,---,2025-12-20 15:59
SPADA,rainbow guitar weeps,BRIGHTNESS,dj TAKA,5,0,0,0,0,---,NO PLAY,---,5,0,0,0,---,NO PLAY,---,9,0,0,0,---,NO PLAY,---,11,2546,1172,202,4,EX HARD CLEAR,AAA,0,0,0,0,---,NO PLAY,---,2026-02-13 16:45
SPADA,Recollection,POPS,Noria,0,0,0,0,0,---,NO PLAY,---,5,0,0,0,---,NO PLAY,---,7,0,0,0,---,NO PLAY,---,9,0,0,0,---,FULLCOMBO CLEAR,---,0,0,0,0,---,NO PLAY,---,2025-09-17 20:38
SPADA,refractive index,PSYCHEDELIC TRANCE,Sota Fujimori,2,0,0,0,0,---,NO PLAY,---,3,0,0,0,---,NO PLAY,---,7,0,0,0,---,NO PLAY,---,11,2424,1088,248,5,FULLCOMBO CLEAR,AAA,0,0,0,0,---,NO PLAY,---,2026-05-09 13:15
SPADA,RISE,DRUMSTEP,Dirty Androids,0,0,0,0,0,---,NO PLAY,---,5,0,0,0,---,NO PLAY,---,8,0,0,0,---,NO PLAY,---,10,0,0,0,---,FULLCOMBO CLEAR,---,0,0,0,0,---,NO PLAY,---,2025-09-17 20:38
SPADA,RIZING YOU UP,HAPPY HARDCORE,Ryu☆,3,0,0,0,0,---,NO PLAY,---,6,0,0,0,---,NO PLAY,---,9,0,0,0,---,NO PLAY,---,10,2459,1167,125,0,FULLCOMBO CLEAR,AAA,0,0,0,0,---,NO PLAY,---,2025-12-09 13:48
SPADA,SCHWARZSCHILD FIELD,FULL ON,L.E.D.,3,0,0,0,0,---,NO PLAY,---,6,0,0,0,---,NO PLAY,---,9,0,0,0,---,NO PLAY,---,11,2184,1001,182,13,EX HARD CLEAR,AA,0,0,0,0,---,NO PLAY,---,2026-06-18 20:35
SPADA,Sigmund,REQUIEM PSY,Gram,19,0,0,0,0,---,NO PLAY,---,7,0,0,0,---,NO PLAY,---,10,0,0,0,---,FULLCOMBO CLEAR,---,12,3336,1437,462,39,HARD CLEAR,AA,12,3562,1524,514,76,HARD CLEAR,AA,2026-05-28 14:26
SPADA,Squeeze,WITHOUT YOU TONIGHT-VI-,VENUS feat. Mutsuhiko Izumi,2,0,0,0,0,---,NO PLAY,---,5,0,0,0,---,NO PLAY,---,8,0,0,0,---,NO PLAY,---,11,2266,1030,206,1,FULLCOMBO CLEAR,AAA,0,0,0,0,---,NO PLAY,---,2026-08-15 11:04
SPADA,THE DETONATOR,NU STYLE GABBA,teranoid VS L.E.D.-G,1,0,0,0,0,---,NO PLAY,---,7,0,0,0,---,NO PLAY,---,10,0,0,0,---,FULLCOMBO CLEAR,---,11,3007,1392,223,6,EX HARD CLEAR,AAA,0,0,0,0,---,NO PLAY,---,2025-11-22 14:18
SPADA,Unicorn tail,BREAKBEATS TRANCE,DJ YOSHITAKA,1,0,0,0,0,---,NO PLAY,---,5,0,0,0,---,NO PLAY,---,9,0,0,0,---,NO PLAY,---,11,2901,1333,235,7,EX HARD CLEAR,AAA,0,0,0,0,---,NO PLAY,---,2025-11-08 14:24
SPADA,Valgus,MAINSTREAM HARDCORE,DJ Myosuke feat.Yukacco,1,0,0,0,0,---,NO PLAY,---,4,0,0,0,---,NO PLAY,---,7,0,0,0,---,NO PLAY,---,11,2196,1012,172,9,EX HARD CLEAR,AAA,0,0,0,0,---,NO PLAY,---,2026-05-03 15:32
SPADA,Verflucht,HARD NRG,Tyrfing,93,0,0,0,0,---,NO PLAY,---,6,0,0,0,---,NO PLAY,---,10,1987,921,145,3,FULLCOMBO CLEAR,AAA,12,3128,1368,392,6,EX HARD CLEAR,AA,12,3534,1475,584,62,HARD CLEAR,A,2026-08-17 17:29
SPADA,VOX UP,ROTTERDAM TECHNO,sampling masters MEGA vs 青龍,15,0,0,0,0,---,NO PLAY,---,8,0,0,0,---,NO PLAY,---,11,2714,1263,188,7,EX HARD CLEAR,AAA,12,3245,1487,271,36,HARD CLEAR,AA,0,0,0,0,---,NO PLAY,---,2026-08-17 16:29
SPADA,Wonder Girl feat. Kanae Asaba,EUROBEAT,Y&Co.,2,0,0,0,0,---,NO PLAY,---,4,0,0,0,---,NO PLAY,---,6,0,0,0,---,NO PLAY,---,11,2523,1143,237,5,EX HARD CLEAR,AAA,0,0,0,0,---,NO PLAY,---,2026-08-08 12:58
SPADA,お願いアインシュタイン,CYBER SYMPHONIC POP,中山真斗 feat.桜川めぐ,2,0,0,0,0,---,NO PLAY,---,5,0,0,0,---,NO PLAY,---,8,0,0,0,---,NO PLAY,---,10,2011,948,115,0,FULLCOMBO CLEAR,AAA,0,0,0,0,---,NO PLAY,---,2026-02-19 13:33
SPADA,アルストロメリア,BLOOM FUSION,TAG,1,1,0,0,0,---,NO PLAY,---,5,0,0,0,---,NO PLAY,---,8,0,0,0,---,NO PLAY,---,10,2295,1052,191,5,FULLCOMBO CLEAR,AAA,0,0,0,0,---,NO PLAY,---,2025-12-20 16:32
SPADA,デッドボヲルdeホームラン,ELECTRIC MANOUSH SWING,猫叉Masterβ2,1,0,0,0,0,---,NO PLAY,---,3,0,0,0,---,NO PLAY,---,9,0,0,0,---,NO PLAY,---,11,2434,1062,310,3,EX HARD CLEAR,AA,0,0,0,0,---,NO PLAY,---,2026-03-26 13:01
SPADA,バンブーソード・ガール,J-SPEEDMETAL,cosMo＠暴走P,1,1,0,0,0,---,NO PLAY,---,5,0,0,0,---,FULLCOMBO CLEAR,---,9,0,0,0,---,NO PLAY,---,11,2270,1027,216,3,EX HARD CLEAR,AAA,0,0,0,0,---,NO PLAY,---,2026-01-15 15:35
SPADA,廿,新世紀進歩的羽扇子音楽,DJ TECHNORCH,5,0,0,0,0,---,NO PLAY,---,5,0,0,0,---,NO PLAY,---,8,0,0,0,---,NO PLAY,---,10,2191,998,195,3,FULLCOMBO CLEAR,AAA,12,2969,1309,351,17,EX HARD CLEAR,AA,2026-08-17 17:04
SPADA,旋律のドグマ～Miserables～,JUVENILE DRUM & BASS,楓璃夢＝ジークフリード＝ファイエルローゼン,2,0,0,0,0,---,NO PLAY,---,6,0,0,0,---,NO PLAY,---,10,0,0,0,---,FULLCOMBO CLEAR,---,12,3564,1620,324,15,EX HARD CLEAR,AAA,0,0,0,0,---,NO PLAY,---,2026-01-17 15:33
SPADA,海神,HYDRO CORE,兎々,6,0,0,0,0,---,NO PLAY,---,7,0,0,0,---,NO PLAY,---,10,0,0,0,---,FULLCOMBO CLEAR,---,12,2892,1319,254,21,EX HARD CLEAR,AA,12,3209,1456,297,13,EX HARD CLEAR,AA,2026-04-13 15:09
SPADA,煉獄のエルフェリア,HARD SYMPHONIC,猫叉Master+,54,0,0,0,0,---,NO PLAY,---,7,0,0,0,---,NO PLAY,---,10,0,0,0,---,FULLCOMBO CLEAR,---,12,3287,1416,455,16,EX HARD CLEAR,AA,0,0,0,0,---,NO PLAY,---,2026-08-15 13:18
SPADA,牧神笛吹きて,ZODIAC ORACLE X,楽士ゾディアック,2,0,0,0,0,---,NO PLAY,---,4,0,0,0,---,NO PLAY,---,8,0,0,0,---,NO PLAY,---,11,1860,837,186,2,FULLCOMBO CLEAR,AAA,0,0,0,0,---,NO PLAY,---,2026-05-10 15:55
SPADA,疾風迅雷,ORIENTAL CORE,KUMOKIRI,55,0,0,0,0,---,NO PLAY,---,6,0,0,0,---,NO PLAY,---,10,0,0,0,---,FULLCOMBO CLEAR,---,12,2571,1135,301,14,EX HARD CLEAR,AA,12,2888,1258,372,49,HARD CLEAR,AA,2026-04-25 13:54
SPADA,罪と罰,HYPER J-POP,Xceon feat. Mayumi Morinaga,1,0,0,0,0,---,NO PLAY,---,5,0,0,0,---,NO PLAY,---,7,0,0,0,---,NO PLAY,---,10,1920,879,162,4,FULLCOMBO CLEAR,AA,0,0,0,0,---,NO PLAY,---,2026-08-02 14:19
SPADA,超!!遠距離らぶメ～ル,乙女EDM,ななひら,2,0,0,0,0,---,NO PLAY,---,3,0,0,0,---,NO PLAY,---,7,0,0,0,---,NO PLAY,---,10,2438,1102,234,3,FULLCOMBO CLEAR,AAA,0,0,0,0,---,NO PLAY,---,2026-04-11 13:59
SPADA,轟け！恋のビーンボール！！,ベースボールヒロイン,ダイナミック野球兄弟 v.s. クロスファイヤーPrim,2,0,0,0,0,---,NO PLAY,---,6,0,0,0,---,NO PLAY,---,10,0,0,0,---,FULLCOMBO CLEAR,---,12,3065,1336,393,28,EX HARD CLEAR,AA,0,0,0,0,---,NO PLAY,---,2026-02-13 15:46
PENDUAL,#The_Relentless,DUBCORE,DJ Noriken,16,0,0,0,0,---,NO PLAY,---,6,0,0,0,---,NO PLAY,---,9,0,0,0,---,NO PLAY,---,11,2716,1256,204,4,FULLCOMBO CLEAR,AAA,12,3670,1574,522,51,HARD CLEAR,AA,2026-08-16 17:58
PENDUAL,AFRO KNUCKLE,AFRO-SAMBA,猫叉Master+,4,0,0,0,0,---,NO PLAY,---,5,0,0,0,---,NO PLAY,---,8,0,0,0,---,NO PLAY,---,11,2250,1033,184,0,FULLCOMBO CLEAR,AAA,0,0,0,0,---,NO PLAY,---,2026-06-04 16:19
PENDUAL,Beat Radiance,NEO CLASSICAL DANCE,iNO,16,0,0,0,0,---,NO PLAY,---,5,0,0,0,---,NO PLAY,---,8,0,0,0,---,NO PLAY,---,10,2521,1195,131,5,FULLCOMBO CLEAR,AAA,12,3433,1637,159,2,EX HARD CLEAR,AAA,2026-08-17 16:03
PENDUAL,Beyond The Earth,WORLD/ELECTRONICA,猫叉Master,4,0,0,0,0,---,NO PLAY,---,5,0,0,0,---,NO PLAY,---,10,0,0,0,---,FULLCOMBO CLEAR,---,11,2842,1248,346,10,EX HARD CLEAR,AA,0,0,0,0,---,NO PLAY,---,2026-06-03 15:57
PENDUAL,Blaze it UP!,HARDCORE RAVE,DJ Shimamura,2,0,0,0,0,---,NO PLAY,---,5,0,0,0,---,NO PLAY,---,8,0,0,0,---,NO PLAY,---,11,2777,1290,197,1,FULLCOMBO CLEAR,AAA,0,0,0,0,---,NO PLAY,---,2026-07-11 13:03
PENDUAL,BLUE MIRAGE,NU STYLE GABBA,DJ CHUCKY,17,0,0,0,0,---,NO PLAY,---,5,0,0,0,---,NO PLAY,---,10,0,0,0,---,FULLCOMBO CLEAR,---,12,2527,1055,417,17,EX HARD CLEAR,AA,0,0,0,0,---,NO PLAY,---,2026-03-17 16:02
PENDUAL,Broken Sword,DUAL ANTIQUE,金獅子 VS 麒麟,12,0,0,0,0,---,NO PLAY,---,7,0,0,0,---,NO PLAY,---,10,0,0,0,---,FULLCOMBO CLEAR,---,12,3421,1578,265,3,EX HARD CLEAR,AAA,0,0,0,0,---,NO PLAY,---,2026-08-17 15:58
PENDUAL,Chain of pain,FULL ON,kors k VS 猫叉Master+,2,0,0,0,0,---,NO PLAY,---,4,0,0,0,---,NO PLAY,---,8,0,0,0,---,NO PLAY,---,10,2013,918,177,0,FULLCOMBO CLEAR,AAA,0,0,0,0,---,NO PLAY,---,2026-07-12 11:31
PENDUAL,chrono diver -fragment-,HEALING DRUM'N'BASS,猫叉Master feat.三澤 秋,11,0,0,0,0,---,NO PLAY,---,3,0,0,0,---,NO PLAY,---,6,0,0,0,---,NO PLAY,---,9,1741,844,53,0,FULLCOMBO CLEAR,AAA,10,2203,1075,53,1,FULLCOMBO CLEAR,AAA,2026-07-17 13:19
PENDUAL,CHRONO DIVER -NORNIR-,CYBER DRUM & BASS,L.E.D.,5,0,0,0,0,---,NO PLAY,---,5,0,0,0,---,NO PLAY,---,9,0,0,0,---,NO PLAY,---,11,2921,1369,183,2,EX HARD CLEAR,AAA,12,3925,1804,317,33,EX HARD CLEAR,AA,2026-06-03 14:28
PENDUAL,Chrono Diver -PENDULUMs-,CHRONO BREAKS,猫叉L.E.D.Master+,34,3,0,0,0,---,NO PLAY,---,7,0,0,0,---,NO PLAY,---,11,2537,1150,237,6,EX HARD CLEAR,AAA,12,3583,1560,463,61,HARD CLEAR,AA,0,0,0,0,---,NO PLAY,---,2026-08-15 10:57
PENDUAL,Chronos,PROGRESSIVE,TAG,9,0,0,0,0,---,NO PLAY,---,5,0,0,0,---,NO PLAY,---,8,0,0,0,---,NO PLAY,---,11,2168,985,198,1,FULLCOMBO CLEAR,AAA,11,2750,1240,270,6,EX HARD CLEAR,AAA,2026-08-08 13:33
PENDUAL,cinder,MAELSTROM,PHQUASE,1,0,0,0,0,---,NO PLAY,---,5,0,0,0,---,NO PLAY,---,9,0,0,0,---,NO PLAY,---,12,2829,1282,265,13,EX HARD CLEAR,AA,0,0,0,0,---,NO PLAY,---,2025-12-30 15:04
PENDUAL,COLOSSEUM,LOST GROUND,劇団レコード,2,0,0,0,0,---,NO PLAY,---,4,0,0,0,---,NO PLAY,---,7,0,0,0,---,NO PLAY,---,11,2205,1048,109,1,FULLCOMBO CLEAR,AAA,0,0,0,0,---,NO PLAY,---,2026-03-10 16:00
PENDUAL,Cosmic Cat,FUTURE BASS,8bit Moonside,4,0,0,0,0,---,NO PLAY,---,6,0,0,0,---,NO PLAY,---,9,0,0,0,---,NO PLAY,---,11,2134,975,184,0,FULLCOMBO CLEAR,AAA,12,2945,1332,281,14,EX HARD CLEAR,AAA,2026-07-04 15:28
PENDUAL,Despair of ELFERIA,HARD IRISH SYMPHONIC,猫叉Master,1,0,0,0,0,---,NO PLAY,---,7,0,0,0,---,NO PLAY,---,10,0,0,0,---,FULLCOMBO CLEAR,---,12,3808,1777,254,26,EX HARD CLEAR,AAA,0,0,0,0,---,NO PLAY,---,2025-12-09 15:24
PENDUAL,Discloze,Hi-TECH PSYTRANCE,lapix,4,0,0,0,0,---,NO PLAY,---,6,0,0,0,---,NO PLAY,---,9,0,0,0,---,NO PLAY,---,11,2431,1095,241,3,EX HARD CLEAR,AAA,0,0,0,0,---,NO PLAY,---,2026-07-12 13:36
PENDUAL,EBONY & IVORY,RAGTIME CHIPTUNE,OSTER project,6,0,0,0,0,---,NO PLAY,---,6,0,0,0,---,NO PLAY,---,9,0,0,0,---,NO PLAY,---,12,2709,1229,251,11,EX HARD CLEAR,AAA,12,3005,1287,431,34,HARD CLEAR,AA,2026-07-17 14:06
PENDUAL,entelecheia,SACRED TRANCE,Rche,3,0,0,0,0,---,NO PLAY,---,6,0,0,0,---,NO PLAY,---,10,0,0,0,---,FULLCOMBO CLEAR,---,12,2973,1352,269,10,EX HARD CLEAR,AAA,0,0,0,0,---,NO PLAY,---,2026-07-16 19:43
PENDUAL,Erosion Mark,FALLIN APART CORE,kors k REASM Des-ROW,1,0,0,0,0,---,NO PLAY,---,4,0,0,0,---,NO PLAY,---,8,0,0,0,---,NO PLAY,---,11,2050,960,130,2,FULLCOMBO CLEAR,AAA,0,0,0,0,---,NO PLAY,---,2025-10-04 14:31
PENDUAL,fallen leaves -IIDX edition-,WORLD/ELECTRONICA,猫叉Master,4,0,0,0,0,---,NO PLAY,---,6,0,0,0,---,NO PLAY,---,10,0,0,0,---,FULLCOMBO CLEAR,---,12,3055,1367,321,4,EX HARD CLEAR,AA,0,0,0,0,---,NO PLAY,---,2026-04-21 14:28
PENDUAL,FANTASTIC THREE,DUB COMEDY,ジャカルタファンクブラザーズ,7,0,0,0,0,---,NO PLAY,---,7,0,0,0,---,NO PLAY,---,10,0,0,0,---,FULLCOMBO CLEAR,---,12,2924,1322,280,13,EX HARD CLEAR,AA,0,0,0,0,---,NO PLAY,---,2026-05-16 14:40
PENDUAL,Flashes,DRUM'N'BASS,Dollscythe,18,0,0,0,0,---,NO PLAY,---,6,0,0,0,---,NO PLAY,---,9,0,0,0,---,NO PLAY,---,12,2890,1298,294,15,EX HARD CLEAR,AA,12,3624,1627,370,10,EX HARD CLEAR,AA,2026-06-02 14:55
PENDUAL,Gravigazer,PROGRESSIVE SCHRANZ,DJ TOTTO,3,0,0,0,0,---,NO PLAY,---,5,0,0,0,---,NO PLAY,---,10,0,0,0,---,FULLCOMBO CLEAR,---,12,2653,1177,299,11,EX HARD CLEAR,AA,0,0,0,0,---,NO PLAY,---,2026-04-21 13:42
PENDUAL,GUILTY,TECHNO,D.J.SETUP,9,0,0,0,0,---,NO PLAY,---,5,0,0,0,---,NO PLAY,---,8,0,0,0,---,NO PLAY,---,10,0,0,0,---,FULLCOMBO CLEAR,---,12,2705,1232,241,3,EX HARD CLEAR,AA,2026-08-01 15:04
PENDUAL,HELL SCAPER -Last Escape Remix-,GABBAH,Remixed by DJ TECHNORCH fw.GUHROOVY,3,0,0,0,0,---,NO PLAY,---,5,0,0,0,---,NO PLAY,---,8,0,0,0,---,NO PLAY,---,11,2613,1195,223,4,EX HARD CLEAR,AAA,0,0,0,0,---,NO PLAY,---,2026-07-12 14:21
PENDUAL,Hello Happiness,HAPPY HARDCORE,P*Light feat. mow*2,1,0,0,0,0,---,NO PLAY,---,5,0,0,0,---,NO PLAY,---,9,0,0,0,---,NO PLAY,---,11,2144,970,204,5,EX HARD CLEAR,AAA,0,0,0,0,---,NO PLAY,---,2025-12-30 13:08
PENDUAL,illuminate,SYNTHETIC EDM,Sota Fujimori,1,0,0,0,0,---,NO PLAY,---,3,0,0,0,---,NO PLAY,---,8,0,0,0,---,NO PLAY,---,10,2077,926,225,1,FULLCOMBO CLEAR,AA,0,0,0,0,---,NO PLAY,---,2025-10-17 13:48
PENDUAL,IMPLANTATION,GOA TRANCE,TOMOSUKE,3,0,0,0,0,---,NO PLAY,---,5,0,0,0,---,NO PLAY,---,10,0,0,0,---,FULLCOMBO CLEAR,---,12,1944,853,238,24,EX HARD CLEAR,AA,0,0,0,0,---,NO PLAY,---,2026-08-07 22:21
PENDUAL,In The Breeze,HYBRID,96 & Sota ft. Mayumi Morinaga,0,0,0,0,0,---,NO PLAY,---,4,0,0,0,---,NO PLAY,---,7,0,0,0,---,NO PLAY,---,9,0,0,0,---,FULLCOMBO CLEAR,---,0,0,0,0,---,NO PLAY,---,2025-09-17 20:38
PENDUAL,Invitation from Mr.C,HOLIC,C-Show,1,0,0,0,0,---,NO PLAY,---,6,0,0,0,---,NO PLAY,---,9,0,0,0,---,NO PLAY,---,12,2411,1075,261,32,EX HARD CLEAR,AA,0,0,0,0,---,NO PLAY,---,2025-12-20 14:57
PENDUAL,IXION,PSYCHEDELIC TRANCE,L.E.D.,1,0,0,0,0,---,NO PLAY,---,5,0,0,0,---,NO PLAY,---,8,0,0,0,---,NO PLAY,---,9,2037,960,117,2,FULLCOMBO CLEAR,AAA,0,0,0,0,---,NO PLAY,---,2025-12-01 12:15
PENDUAL,Line 4 Ruin,ELECTRO TECH,Ryu☆,2,0,0,0,0,---,NO PLAY,---,4,0,0,0,---,NO PLAY,---,9,0,0,0,---,NO PLAY,---,11,2618,1233,152,2,FULLCOMBO CLEAR,AAA,0,0,0,0,---,NO PLAY,---,2026-02-13 15:11
PENDUAL,Monopole.,ARTCORE ROCK,cosMo＠暴走P,1,0,0,0,0,---,NO PLAY,---,4,0,0,0,---,NO PLAY,---,8,0,0,0,---,NO PLAY,---,12,2939,1301,337,22,EX HARD CLEAR,AA,0,0,0,0,---,NO PLAY,---,2025-12-28 17:38
PENDUAL,NEO GENERATOR SEVEN,MAINSTREAM HARDCORE,L.E.D.-G,2,0,0,0,0,---,NO PLAY,---,5,0,0,0,---,NO PLAY,---,9,0,0,0,---,NO PLAY,---,12,3009,1368,273,9,EX HARD CLEAR,AAA,0,0,0,0,---,NO PLAY,---,2025-12-09 16:12
PENDUAL,Night sky,PUMPCORE,USAO,1,0,0,0,0,---,NO PLAY,---,6,0,0,0,---,NO PLAY,---,9,0,0,0,---,NO PLAY,---,11,2721,1262,197,10,EX HARD CLEAR,AAA,0,0,0,0,---,NO PLAY,---,2025-12-14 14:20
PENDUAL,No Tears,HARD EDM,RoughSketch feat.Aikapin,2,0,0,0,0,---,NO PLAY,---,6,0,0,0,---,NO PLAY,---,9,0,0,0,---,NO PLAY,---,11,2387,1119,149,7,EX HARD CLEAR,AAA,0,0,0,0,---,NO PLAY,---,2026-06-20 14:37
PENDUAL,PENDUAL TALISMAN,SYSTEM BGM,猫叉L.E.D.Master,1,0,0,0,0,---,NO PLAY,---,5,0,0,0,---,NO PLAY,---,8,0,0,0,---,NO PLAY,---,11,2431,1129,173,2,FULLCOMBO CLEAR,AAA,0,0,0,0,---,NO PLAY,---,2025-09-21 14:05
PENDUAL,Rave*it!! Rave*it!!,EDM SPEED,機龍,12,0,0,0,0,---,NO PLAY,---,6,0,0,0,---,NO PLAY,---,9,0,0,0,---,NO PLAY,---,12,2971,1369,233,25,EX HARD CLEAR,AAA,0,0,0,0,---,NO PLAY,---,2026-03-26 13:43
PENDUAL,Realize Maze,SOLITUDE,movies (moimoi×Xceon×Dai.),2,0,0,0,0,---,NO PLAY,---,6,0,0,0,---,NO PLAY,---,9,0,0,0,---,NO PLAY,---,11,2769,1283,203,2,FULLCOMBO CLEAR,AAA,0,0,0,0,---,NO PLAY,---,2026-08-01 13:44
PENDUAL,Reflux,TRANCESTEP,Eagle,8,0,0,0,0,---,NO PLAY,---,5,0,0,0,---,NO PLAY,---,9,0,0,0,---,NO PLAY,---,12,2686,1198,290,17,EX HARD CLEAR,AA,0,0,0,0,---,NO PLAY,---,2026-01-17 14:08
PENDUAL,Sakura Mirage,CHIPCORE,Ryu☆,1,0,0,0,0,---,NO PLAY,---,6,0,0,0,---,NO PLAY,---,8,0,0,0,---,NO PLAY,---,11,2210,1033,144,0,FULLCOMBO CLEAR,AAA,0,0,0,0,---,NO PLAY,---,2026-01-28 15:13
PENDUAL,SAMSARA,DIMENSION WAVE,SOUND HOLIC feat. Nana Takahashi,1,0,0,0,0,---,NO PLAY,---,4,0,0,0,---,NO PLAY,---,7,0,0,0,---,NO PLAY,---,10,1933,911,111,2,FULLCOMBO CLEAR,AAA,0,0,0,0,---,NO PLAY,---,2026-03-10 15:01
PENDUAL,Say YEEEAHH,EDM,kors k,2,0,0,0,0,---,NO PLAY,---,6,0,0,0,---,NO PLAY,---,9,0,0,0,---,NO PLAY,---,12,2918,1309,300,9,EX HARD CLEAR,AA,0,0,0,0,---,NO PLAY,---,2026-07-12 12:53
PENDUAL,Scarlet Moon,J-CORE,REDALiCE feat. Ayumi Nomiya,1,0,0,0,0,---,NO PLAY,---,6,0,0,0,---,NO PLAY,---,9,0,0,0,---,NO PLAY,---,11,2542,1172,198,4,EX HARD CLEAR,AAA,0,0,0,0,---,NO PLAY,---,2026-01-07 14:36
PENDUAL,Scars of FAUNA,WORLD/ELECTRONICA,猫叉Master,1,0,0,0,0,---,NO PLAY,---,5,0,0,0,---,NO PLAY,---,8,0,0,0,---,NO PLAY,---,11,2713,1261,191,0,FULLCOMBO CLEAR,AAA,0,0,0,0,---,NO PLAY,---,2025-12-09 14:34
PENDUAL,Shooting Fireball,MUSIC GAME TRADITIONAL,dj TAKA,2,0,0,0,0,---,NO PLAY,---,6,0,0,0,---,NO PLAY,---,10,0,0,0,---,FULLCOMBO CLEAR,---,12,3547,1626,295,11,EX HARD CLEAR,AAA,0,0,0,0,---,NO PLAY,---,2026-01-25 15:45
PENDUAL,Sounds Of Summer,UK HARDCORE,Hommarju,3,0,0,0,0,---,NO PLAY,---,6,0,0,0,---,NO PLAY,---,10,0,0,0,---,FULLCOMBO CLEAR,---,12,2750,1276,198,9,EX HARD CLEAR,AAA,0,0,0,0,---,NO PLAY,---,2026-07-11 16:53
PENDUAL,SpaceLand☆TOYBOX,RAGTIME FUTURE POP,OSTER project,3,0,0,0,0,---,NO PLAY,---,6,0,0,0,---,NO PLAY,---,9,0,0,0,---,NO PLAY,---,12,2695,1241,213,9,EX HARD CLEAR,AAA,0,0,0,0,---,NO PLAY,---,2026-01-08 15:36
PENDUAL,Sweet Radar,ELECTRO POP,DJ Genki feat. Yukacco,1,0,0,0,0,---,NO PLAY,---,4,0,0,0,---,NO PLAY,---,7,0,0,0,---,NO PLAY,---,10,1940,927,86,2,FULLCOMBO CLEAR,AAA,0,0,0,0,---,NO PLAY,---,2025-12-09 13:36
PENDUAL,Symmetry,EPIC ELECTRONICA,猫叉Master,11,0,0,0,0,---,NO PLAY,---,6,0,0,0,---,NO PLAY,---,10,0,0,0,---,FULLCOMBO CLEAR,---,12,2952,1331,290,0,FULLCOMBO CLEAR,AAA,0,0,0,0,---,NO PLAY,---,2026-07-12 12:59
PENDUAL,TA・DA ☆ YO・SHI,EUROBEAT,Y&Co.,0,0,0,0,0,---,NO PLAY,---,5,0,0,0,---,NO PLAY,---,8,0,0,0,---,NO PLAY,---,10,0,0,0,---,FULLCOMBO CLEAR,---,0,0,0,0,---,NO PLAY,---,2025-09-17 20:38
PENDUAL,The Least 100sec,PROGRESSIVE,Sasaki Hirofumi,1,0,0,0,0,---,NO PLAY,---,5,0,0,0,---,NO PLAY,---,9,0,0,0,---,NO PLAY,---,12,2521,1089,343,16,EX HARD CLEAR,AA,0,0,0,0,---,NO PLAY,---,2025-11-30 14:24
PENDUAL,TIEFSEE,DEEP SPECTRUM,SOUND HOLIC Vs. dj TAKA feat. YURiCa,2,0,0,0,0,---,NO PLAY,---,6,0,0,0,---,NO PLAY,---,9,0,0,0,---,NO PLAY,---,12,3179,1457,265,2,FULLCOMBO CLEAR,AAA,0,0,0,0,---,NO PLAY,---,2026-03-26 13:17
PENDUAL,TOXIC VIBRATION,MELODIC SPEED METAL,SOUND HOLIC Vs. T.Kakuta feat. YURiCa,2,0,0,0,0,---,NO PLAY,---,7,0,0,0,---,NO PLAY,---,10,0,0,0,---,FULLCOMBO CLEAR,---,12,3227,1411,405,22,EX HARD CLEAR,AA,0,0,0,0,---,NO PLAY,---,2026-01-31 14:55
PENDUAL,Vulkan,GYPSYCORE,Hommarju,2,0,0,0,0,---,NO PLAY,---,5,0,0,0,---,NO PLAY,---,9,0,0,0,---,NO PLAY,---,11,2781,1280,221,2,FULLCOMBO CLEAR,AAA,0,0,0,0,---,NO PLAY,---,2026-08-07 20:48
PENDUAL,We're so Happy (P*Light Remix) IIDX ver.,HAPPY HARDCORE,Remixed by P*Light,3,0,0,0,0,---,NO PLAY,---,6,0,0,0,---,NO PLAY,---,10,0,0,0,---,FULLCOMBO CLEAR,---,12,3368,1534,300,10,EX HARD CLEAR,AA,0,0,0,0,---,NO PLAY,---,2026-02-26 15:33
PENDUAL,ZZ,INTELLIGENCE,D.J.Amuro,6,1,0,0,0,---,NO PLAY,---,6,0,0,0,---,NO PLAY,---,10,0,0,0,---,FULLCOMBO CLEAR,---,12,2749,1242,265,1,FULLCOMBO CLEAR,AAA,0,0,0,0,---,NO PLAY,---,2026-05-08 13:16
PENDUAL,それは花火のような恋,Hi-歌謡コア,夏色バーニングラブ☆Prim,1,3,0,0,0,---,NO PLAY,---,6,0,0,0,---,NO PLAY,---,10,0,0,0,---,FULLCOMBO CLEAR,---,12,3571,1641,289,19,EX HARD CLEAR,AAA,0,0,0,0,---,NO PLAY,---,2025-12-20 15:04
PENDUAL,とろぴかる倶楽部,TROPICAL,HALFBY,3,0,0,0,0,---,NO PLAY,---,5,0,0,0,---,NO PLAY,---,8,0,0,0,---,NO PLAY,---,11,2102,969,164,11,EX HARD CLEAR,AAA,0,0,0,0,---,NO PLAY,---,2026-04-23 14:31
PENDUAL,ぷろぐれっしぶ時空少女！うらしまたろ子ちゃん！,ぷろぐれっしぶ電波,ARM(IOSYS) feat. 山本椛,1,0,0,0,0,---,NO PLAY,---,5,0,0,0,---,NO PLAY,---,7,0,0,0,---,NO PLAY,---,11,2366,1095,176,2,FULLCOMBO CLEAR,AAA,0,0,0,0,---,NO PLAY,---,2025-11-15 14:58
PENDUAL,もっと！モット！ときめき feat. 松下,きらめきコア,シャイニング度胸兄弟,1,0,0,0,0,---,NO PLAY,---,6,0,0,0,---,NO PLAY,---,9,0,0,0,---,NO PLAY,---,11,2436,1068,300,13,EX HARD CLEAR,AA,0,0,0,0,---,NO PLAY,---,2025-11-15 15:10
PENDUAL,ドッキン☆サマーあばんちゅーる,ドタバタ☆夏休み,L.E.D.-G + Qrispy Joybox + ARM feat. ななひら,2,0,0,0,0,---,NO PLAY,---,5,0,0,0,---,NO PLAY,---,8,0,0,0,---,NO PLAY,---,11,2617,1198,221,5,EX HARD CLEAR,AAA,0,0,0,0,---,NO PLAY,---,2026-03-15 16:26
PENDUAL,パ→ピ→プ→Yeah!,電波ソング,ヒゲドライバー join. shully & Nimo,1,2,0,0,0,---,NO PLAY,---,6,0,0,0,---,NO PLAY,---,9,0,0,0,---,NO PLAY,---,11,2399,1127,145,2,FULLCOMBO CLEAR,AAA,0,0,0,0,---,NO PLAY,---,2025-10-09 17:45
PENDUAL,ベィスドロップ・フリークス,A-STYLE DRUMSTEP,かめりあ feat. ななひら,3,0,0,0,0,---,NO PLAY,---,4,0,0,0,---,NO PLAY,---,7,0,0,0,---,NO PLAY,---,10,2103,976,151,2,FULLCOMBO CLEAR,AAA,11,2156,939,278,21,EX HARD CLEAR,AA,2026-01-25 15:04
PENDUAL,リリーゼと炎龍レーヴァテイン,OLDSTYLE GAMEMUSIC,黒猫ダンジョン,1,0,0,0,0,---,NO PLAY,---,6,0,0,0,---,NO PLAY,---,10,0,0,0,---,FULLCOMBO CLEAR,---,12,3176,1449,278,4,EX HARD CLEAR,AAA,0,0,0,0,---,NO PLAY,---,2025-10-12 17:10
PENDUAL,共鳴遊戯の華,ASTRAL DRUM & BASS,アイテール魔導士隊,2,0,0,0,0,---,NO PLAY,---,7,0,0,0,---,NO PLAY,---,10,0,0,0,---,FULLCOMBO CLEAR,---,12,3247,1409,429,22,EX HARD CLEAR,AA,0,0,0,0,---,NO PLAY,---,2025-11-08 16:04
PENDUAL,十六夜セツナ,HYPER J-POP,Xceon feat.Mayumi Morinaga,2,0,0,0,0,---,NO PLAY,---,5,0,0,0,---,NO PLAY,---,7,0,0,0,---,NO PLAY,---,10,2107,988,131,1,FULLCOMBO CLEAR,AAA,0,0,0,0,---,NO PLAY,---,2025-11-09 13:39
PENDUAL,千年ノ理,WORLD/ELECTRONICA,猫叉Master,19,0,0,0,0,---,NO PLAY,---,6,0,0,0,---,NO PLAY,---,9,0,0,0,---,NO PLAY,---,12,2957,1371,215,3,FULLCOMBO CLEAR,AAA,12,3759,1670,419,18,EX HARD CLEAR,AA,2026-07-04 17:36
PENDUAL,取り残された美術(Arranged:HiZuMi),HYPER J-POP,幽閉サテライト feat. senya,1,1,0,0,0,---,NO PLAY,---,5,0,0,0,---,NO PLAY,---,8,0,0,0,---,NO PLAY,---,10,2041,943,155,8,FULLCOMBO CLEAR,AAA,0,0,0,0,---,NO PLAY,---,2026-02-05 17:12
PENDUAL,夏色DIARY - L.E.D.-G STYLE MIX -,HAPPY SUMMER CORE,猫叉王子 feat.L.E.D.-G,7,0,0,0,0,---,NO PLAY,---,6,0,0,0,---,NO PLAY,---,10,0,0,0,---,FULLCOMBO CLEAR,---,12,2833,1273,287,5,EX HARD CLEAR,AAA,0,0,0,0,---,NO PLAY,---,2026-06-20 15:14
PENDUAL,妖隠し -あやかしかくし-,DRUM'N'WALTZ,DJ TOTTO feat.3L,0,0,0,0,0,---,NO PLAY,---,5,0,0,0,---,NO PLAY,---,9,0,0,0,---,NO PLAY,---,10,0,0,0,---,FULLCOMBO CLEAR,---,0,0,0,0,---,NO PLAY,---,2025-09-17 20:38
PENDUAL,少年は空を辿る,ムラクモ,Power Of Nature,2,0,0,0,0,---,NO PLAY,---,6,0,0,0,---,NO PLAY,---,10,0,0,0,---,FULLCOMBO CLEAR,---,12,2910,1273,364,23,EX HARD CLEAR,AA,0,0,0,0,---,NO PLAY,---,2026-01-25 17:32
PENDUAL,恋は白帯、サンシロー,KANA-POP,星野奏子,2,0,0,0,0,---,NO PLAY,---,3,0,0,0,---,NO PLAY,---,6,0,0,0,---,NO PLAY,---,9,0,0,0,---,FULLCOMBO CLEAR,---,11,2638,1254,130,2,FULLCOMBO CLEAR,AAA,2026-08-01 14:06
PENDUAL,打打打打打打打打打打,JAPANESE TRADITIONAL,ヒゲドライバー join. SELEN,2,1,0,0,0,---,NO PLAY,---,5,0,0,0,---,NO PLAY,---,8,0,0,0,---,NO PLAY,---,11,2420,1106,208,2,EX HARD CLEAR,AAA,0,0,0,0,---,NO PLAY,---,2025-12-07 13:44
PENDUAL,時空トラベローグ,TIME TRIP JAZZ,SWING HOLIC feat. A～YA,1,0,0,0,0,---,NO PLAY,---,6,0,0,0,---,NO PLAY,---,9,0,0,0,---,NO PLAY,---,11,2391,1048,295,20,EX HARD CLEAR,AA,0,0,0,0,---,NO PLAY,---,2026-01-17 13:46
PENDUAL,白露の風,想歌 風,Qrispy Joybox feat. 常盤ゆう,0,0,0,0,0,---,NO PLAY,---,2,0,0,0,---,NO PLAY,---,6,0,0,0,---,NO PLAY,---,9,0,0,0,---,FULLCOMBO CLEAR,---,0,0,0,0,---,NO PLAY,---,2025-09-17 20:38
PENDUAL,紅牡丹,J-CORE,DJ NAGAI feat. a☆ru,3,3,0,0,0,---,NO PLAY,---,6,0,0,0,---,NO PLAY,---,9,0,0,0,---,NO PLAY,---,12,2649,1234,181,2,FULLCOMBO CLEAR,AAA,0,0,0,0,---,NO PLAY,---,2026-04-19 16:34
PENDUAL,表裏一体！？怪盗いいんちょの悩み,Hi-FUNK BREAKS,◇◆噂の怪盗少女 ぷらずま★彡Prim◇◆,6,0,0,0,0,---,NO PLAY,---,6,0,0,0,---,NO PLAY,---,10,0,0,0,---,FULLCOMBO CLEAR,---,12,3280,1491,298,6,EX HARD CLEAR,AAA,12,3738,1591,556,88,HARD CLEAR,AA,2026-08-09 16:26
PENDUAL,超青少年ノ為ノ超多幸ナ超古典的超舞曲,PIECED EUPHORIA,Project B-,13,0,0,0,0,---,NO PLAY,---,6,0,0,0,---,NO PLAY,---,9,0,0,0,---,NO PLAY,---,11,2431,1107,217,1,FULLCOMBO CLEAR,AAA,12,3529,1555,419,24,EX HARD CLEAR,AA,2026-05-28 14:12
PENDUAL,鬼天,ASURA TEK CORE,兎々,2,0,0,0,0,---,NO PLAY,---,6,0,0,0,---,NO PLAY,---,9,0,0,0,---,NO PLAY,---,11,2297,1044,209,0,FULLCOMBO CLEAR,AAA,0,0,0,0,---,NO PLAY,---,2026-01-28 15:08
PENDUAL,Ｘ↑Ｘ↓,新世紀進歩的羽扇子音楽,DJ TECHNORCH,1,0,0,0,0,---,NO PLAY,---,5,0,0,0,---,NO PLAY,---,8,0,0,0,---,NO PLAY,---,11,2691,1235,221,6,EX HARD CLEAR,AAA,0,0,0,0,---,NO PLAY,---,2026-01-15 16:00
copula,199024club -Re:BounceKiller-,TECH BREAKBEATS,DJ Mass MAD Izm*,14,0,0,0,0,---,NO PLAY,---,5,0,0,0,---,NO PLAY,---,10,1515,648,219,0,FULLCOMBO CLEAR,AA,12,2020,840,340,13,EX HARD CLEAR,AA,0,0,0,0,---,NO PLAY,---,2026-06-28 15:50
copula,Acid Pumper,HARD DANCE,ni-21,3,0,0,0,0,---,NO PLAY,---,4,0,0,0,---,NO PLAY,---,9,0,0,0,---,NO PLAY,---,11,2285,1044,197,16,EX HARD CLEAR,AAA,0,0,0,0,---,NO PLAY,---,2026-01-04 14:54
copula,Angelic Jelly,HAPPY で HARDCORE,t+pazolite,3,0,0,0,0,---,NO PLAY,---,6,0,0,0,---,NO PLAY,---,9,0,0,0,---,NO PLAY,---,11,2545,1171,203,11,EX HARD CLEAR,AAA,0,0,0,0,---,NO PLAY,---,2026-04-23 15:39
copula,AO-1,DANCE EXPRESS,電龍,2,0,0,0,0,---,NO PLAY,---,7,0,0,0,---,NO PLAY,---,10,0,0,0,---,FULLCOMBO CLEAR,---,12,2571,1178,215,18,EX HARD CLEAR,AAA,0,0,0,0,---,NO PLAY,---,2026-01-03 17:43
copula,Arcana,UPLIFTING TRANCE,Maozon,2,0,0,0,0,---,NO PLAY,---,6,0,0,0,---,NO PLAY,---,8,0,0,0,---,NO PLAY,---,10,2095,957,181,0,FULLCOMBO CLEAR,AAA,0,0,0,0,---,NO PLAY,---,2026-07-03 20:16
copula,Aublia,POST J-TRADITIONAL,onoken feat. ALIAKE,3,0,0,0,0,---,NO PLAY,---,5,0,0,0,---,NO PLAY,---,8,0,0,0,---,NO PLAY,---,11,2371,1093,185,6,EX HARD CLEAR,AAA,0,0,0,0,---,NO PLAY,---,2026-04-23 15:45
copula,Battle Train -IIDX Edition-,HARD DANCE,Sota Fujimori,6,0,0,0,0,---,NO PLAY,---,4,0,0,0,---,NO PLAY,---,10,0,0,0,---,FULLCOMBO CLEAR,---,11,2983,1349,285,8,EX HARD CLEAR,AA,0,0,0,0,---,NO PLAY,---,2026-06-05 15:00
copula,Blue Spring Express,DREAM CORE,DJ Scratch & Bend,16,0,0,0,0,---,NO PLAY,---,7,0,0,0,---,NO PLAY,---,10,0,0,0,---,FULLCOMBO CLEAR,---,12,2826,1220,386,14,EX HARD CLEAR,AA,0,0,0,0,---,NO PLAY,---,2026-06-09 14:07
copula,Central Station,FUTURE BASS,Recycle,5,0,0,0,0,---,NO PLAY,---,5,0,0,0,---,NO PLAY,---,8,0,0,0,---,NO PLAY,---,10,2214,1007,200,1,FULLCOMBO CLEAR,AAA,0,0,0,0,---,NO PLAY,---,2026-02-21 13:42
copula,chaos eater -IIDX edition-,HARD STEP,猫叉Master+,1,0,0,0,0,---,NO PLAY,---,5,0,0,0,---,NO PLAY,---,9,0,0,0,---,NO PLAY,---,11,2453,1139,175,4,EX HARD CLEAR,AAA,0,0,0,0,---,NO PLAY,---,2025-11-15 14:46
copula,CODE:1 [revision1.0.1],TECHNO,HEXA,5,0,0,0,0,---,NO PLAY,---,5,0,0,0,---,NO PLAY,---,9,0,0,0,---,NO PLAY,---,12,2721,1194,333,11,EX HARD CLEAR,AA,0,0,0,0,---,NO PLAY,---,2026-07-04 17:35
copula,Daily Lunch Special,ラッキーハードコア,Lucky Vacuum,3,0,0,0,0,---,NO PLAY,---,6,0,0,0,---,NO PLAY,---,9,0,0,0,---,NO PLAY,---,11,2864,1377,110,2,FULLCOMBO CLEAR,AAA,0,0,0,0,---,NO PLAY,---,2026-04-17 13:21
copula,Damage Per Second,CYBER DRUMSTEP,Maozon,1,0,0,0,0,---,NO PLAY,---,4,0,0,0,---,NO PLAY,---,7,0,0,0,---,NO PLAY,---,9,0,0,0,---,FULLCOMBO CLEAR,---,10,2216,1068,80,1,FULLCOMBO CLEAR,AAA,2026-01-25 14:03
copula,Derelict Star feat. Ryu*,HARD DANCE,Remo-con,1,0,0,0,0,---,NO PLAY,---,6,0,0,0,---,NO PLAY,---,9,0,0,0,---,NO PLAY,---,11,2441,1138,165,9,EX HARD CLEAR,AAA,0,0,0,0,---,NO PLAY,---,2025-11-02 14:45
copula,Devil's Gear,MAINSTREAM HARDCORE,DJ Myosuke,24,0,0,0,0,---,NO PLAY,---,6,0,0,0,---,NO PLAY,---,10,0,0,0,---,FULLCOMBO CLEAR,---,12,3064,1364,336,24,EX HARD CLEAR,AA,0,0,0,0,---,NO PLAY,---,2026-04-07 14:18
copula,DIAMOND CROSSING,HARD ELECTRIC POP,S-C-U vs L.E.D.,3,0,0,0,0,---,NO PLAY,---,7,0,0,0,---,NO PLAY,---,10,0,0,0,---,FULLCOMBO CLEAR,---,12,2800,1266,268,17,EX HARD CLEAR,AA,0,0,0,0,---,NO PLAY,---,2026-01-16 16:40
copula,do the thing feat. Kanae Asaba,EDM,MK,2,0,0,0,0,---,NO PLAY,---,3,0,0,0,---,NO PLAY,---,8,0,0,0,---,NO PLAY,---,10,2111,967,177,2,FULLCOMBO CLEAR,AAA,0,0,0,0,---,NO PLAY,---,2025-12-11 14:18
copula,Donkey Donk,DONK,Ryu☆,2,0,0,0,0,---,NO PLAY,---,6,0,0,0,---,NO PLAY,---,9,0,0,0,---,NO PLAY,---,10,2135,995,145,0,FULLCOMBO CLEAR,AAA,0,0,0,0,---,NO PLAY,---,2026-05-14 12:02
copula,Dynamite,HYBRID TWERK,USAO,13,3,0,0,0,---,NO PLAY,---,7,0,0,0,---,NO PLAY,---,10,2446,1202,42,0,FULLCOMBO CLEAR,AAA,12,3535,1647,241,24,EX HARD CLEAR,AAA,0,0,0,0,---,NO PLAY,---,2026-07-12 14:18
copula,Everlasting Last,J-DANCE POP,HHH×MM×ST,0,0,0,0,0,---,NO PLAY,---,4,0,0,0,---,NO PLAY,---,8,0,0,0,---,NO PLAY,---,10,0,0,0,---,FULLCOMBO CLEAR,---,0,0,0,0,---,NO PLAY,---,2025-09-17 20:38
copula,Exchange Place,FUTURE JERSEY,Dirty Androids,0,0,0,0,0,---,NO PLAY,---,4,0,0,0,---,NO PLAY,---,7,0,0,0,---,NO PLAY,---,9,0,0,0,---,FULLCOMBO CLEAR,---,0,0,0,0,---,NO PLAY,---,2025-09-17 20:38
copula,GENERATE feat.綾倉盟,ELECTRONIC DANCE,Masayoshi Minoshima,1,0,0,0,0,---,NO PLAY,---,5,0,0,0,---,NO PLAY,---,8,0,0,0,---,NO PLAY,---,10,2134,968,198,1,FULLCOMBO CLEAR,AAA,0,0,0,0,---,NO PLAY,---,2026-02-13 14:03
copula,Go Faraway,TRAPSTYLE,DJ Noriken feat. Yukacco,1,0,0,0,0,---,NO PLAY,---,5,0,0,0,---,NO PLAY,---,7,0,0,0,---,NO PLAY,---,10,2309,1075,159,0,FULLCOMBO CLEAR,AAA,0,0,0,0,---,NO PLAY,---,2025-12-28 13:54
copula,GOBBLE,CANTERBURY&BEAT,Kimitaka Matsumae,2,0,0,0,0,---,NO PLAY,---,4,0,0,0,---,NO PLAY,---,7,0,0,0,---,NO PLAY,---,11,1562,713,136,6,EX HARD CLEAR,AAA,0,0,0,0,---,NO PLAY,---,2026-03-26 12:35
copula,Godspeed,JOINT WORK,dj TAKA xxx 猫叉Master xxx L.E.D.,1,0,0,0,0,---,NO PLAY,---,7,0,0,0,---,NO PLAY,---,10,0,0,0,---,FULLCOMBO CLEAR,---,12,2805,1240,325,16,EX HARD CLEAR,AA,0,0,0,0,---,NO PLAY,---,2025-12-28 15:35
copula,Grand Chariot,HARD ART CORE,xi,5,0,0,0,0,---,NO PLAY,---,7,0,0,0,---,NO PLAY,---,10,0,0,0,---,FULLCOMBO CLEAR,---,12,2984,1312,360,29,EX HARD CLEAR,AA,0,0,0,0,---,NO PLAY,---,2026-01-25 16:38
copula,Highcharge Divolt,BEMANIZED DIGITAL ROCK,HuΣeR,2,0,0,0,0,---,NO PLAY,---,6,0,0,0,---,NO PLAY,---,10,0,0,0,---,FULLCOMBO CLEAR,---,12,2619,1226,167,4,EX HARD CLEAR,AAA,0,0,0,0,---,NO PLAY,---,2026-04-25 16:01
copula,Inner Spirit,HiTECH FULLON,lapix,2,0,0,0,0,---,NO PLAY,---,5,0,0,0,---,NO PLAY,---,9,0,0,0,---,NO PLAY,---,11,2621,1200,221,6,EX HARD CLEAR,AAA,0,0,0,0,---,NO PLAY,---,2026-06-10 15:35
copula,Journey,WORLD/ELECTRONICA,猫叉Master,3,0,0,0,0,---,NO PLAY,---,3,0,0,0,---,NO PLAY,---,6,0,0,0,---,NO PLAY,---,9,0,0,0,---,FULLCOMBO CLEAR,---,11,2967,1412,143,8,EX HARD CLEAR,AAA,2026-01-25 17:26
copula,Konzert V,JUNGLE CLASSIC,Remo-con vs. dj TAKA,2,0,0,0,0,---,NO PLAY,---,6,0,0,0,---,NO PLAY,---,10,0,0,0,---,FULLCOMBO CLEAR,---,12,2968,1346,276,25,EX HARD CLEAR,AA,0,0,0,0,---,NO PLAY,---,2026-02-26 15:19
copula,La dolce primavera,PRIMAVERA JAZZ WALTZ,OSTER project,0,0,0,0,0,---,NO PLAY,---,4,0,0,0,---,NO PLAY,---,8,0,0,0,---,NO PLAY,---,10,0,0,0,---,FULLCOMBO CLEAR,---,0,0,0,0,---,NO PLAY,---,2025-09-17 20:38
copula,M4K3 1T B0UNC3,HDM,kors k,2,0,0,0,0,---,NO PLAY,---,7,0,0,0,---,NO PLAY,---,10,0,0,0,---,FULLCOMBO CLEAR,---,12,2790,1283,224,18,EX HARD CLEAR,AAA,0,0,0,0,---,NO PLAY,---,2026-03-14 16:16
copula,Musik LoverZ,HARDSTYLE,RoughSketch,0,0,0,0,0,---,NO PLAY,---,5,0,0,0,---,NO PLAY,---,7,0,0,0,---,NO PLAY,---,10,0,0,0,---,FULLCOMBO CLEAR,---,0,0,0,0,---,NO PLAY,---,2025-09-17 20:38
copula,NANAIRO,METAL POPS,LIQU@。,1,0,0,0,0,---,NO PLAY,---,5,0,0,0,---,NO PLAY,---,9,0,0,0,---,NO PLAY,---,10,2399,1104,191,2,FULLCOMBO CLEAR,AAA,0,0,0,0,---,NO PLAY,---,2026-01-04 14:48
copula,Nightmare before oversleep,SORROW STEP,猫叉Master,2,0,0,0,0,---,NO PLAY,---,7,0,0,0,---,NO PLAY,---,10,0,0,0,---,FULLCOMBO CLEAR,---,12,2694,1246,202,19,EX HARD CLEAR,AAA,0,0,0,0,---,NO PLAY,---,2025-12-30 13:40
copula,NINJA IS DEAD IIDX ver.,SHINOBI SPEED,P*Light,3,0,0,0,0,---,NO PLAY,---,6,0,0,0,---,NO PLAY,---,9,0,0,0,---,NO PLAY,---,12,2802,1312,178,3,EX HARD CLEAR,AAA,0,0,0,0,---,NO PLAY,---,2026-04-25 15:59
copula,NO LIMIT -オレ達に限界は無い-,ONLY ONE DANCE MUSIC,SUPER STAR 満-MITSURU- vs. 伝説のダンサー マイク,6,0,0,0,0,---,NO PLAY,---,4,0,0,0,---,NO PLAY,---,6,0,0,0,---,NO PLAY,---,10,2134,999,136,0,FULLCOMBO CLEAR,AAA,0,0,0,0,---,NO PLAY,---,2026-06-27 12:24
copula,Nowhere,ELECTRO TRANCE,Nhato,0,0,0,0,0,---,NO PLAY,---,4,0,0,0,---,NO PLAY,---,8,0,0,0,---,NO PLAY,---,10,0,0,0,---,FULLCOMBO CLEAR,---,0,0,0,0,---,NO PLAY,---,2025-09-17 20:38
copula,NZM,END ROLL,The 4th,34,0,0,0,0,---,NO PLAY,---,6,0,0,0,---,NO PLAY,---,9,0,0,0,---,NO PLAY,---,12,3061,1373,315,30,EX HARD CLEAR,AA,0,0,0,0,---,NO PLAY,---,2026-03-21 15:44
copula,On the FM,RADIO SHOWCASE,C-Show,1,0,0,0,0,---,NO PLAY,---,6,0,0,0,---,NO PLAY,---,8,0,0,0,---,NO PLAY,---,11,2561,1170,221,9,EX HARD CLEAR,AAA,0,0,0,0,---,NO PLAY,---,2025-10-25 13:53
copula,Outbreak,FRENCHCORE,USAO,2,0,0,0,0,---,NO PLAY,---,6,0,0,0,---,NO PLAY,---,9,0,0,0,---,NO PLAY,---,11,2856,1351,154,4,FULLCOMBO CLEAR,AAA,0,0,0,0,---,NO PLAY,---,2026-02-24 13:56
copula,POSSESSION,PSYCHIC FLASH,TAG underground,3,3,0,0,0,---,NO PLAY,---,7,0,0,0,---,NO PLAY,---,10,0,0,0,---,FULLCOMBO CLEAR,---,12,2739,1277,185,25,EX HARD CLEAR,AAA,0,0,0,0,---,NO PLAY,---,2025-10-12 14:42
copula,quick master (reform version),J-TEKNO,youhei shimizu,0,0,0,0,0,---,NO PLAY,---,1,0,0,0,---,NO PLAY,---,3,0,0,0,---,NO PLAY,---,5,0,0,0,---,FULLCOMBO CLEAR,---,0,0,0,0,---,NO PLAY,---,2025-09-17 20:38
copula,refrain,TRANCE,dj TAKA feat.AiMEE,1,0,0,0,0,---,NO PLAY,---,6,0,0,0,---,NO PLAY,---,10,0,0,0,---,FULLCOMBO CLEAR,---,12,3262,1460,342,15,EX HARD CLEAR,AA,0,0,0,0,---,NO PLAY,---,2025-12-24 15:19
copula,Rock It,HARDCORE,Hommarju,2,0,0,0,0,---,NO PLAY,---,5,0,0,0,---,FULLCOMBO CLEAR,---,8,0,0,0,---,NO PLAY,---,11,2712,1225,262,1,FULLCOMBO CLEAR,AAA,0,0,0,0,---,NO PLAY,---,2026-04-11 14:09
copula,Routing,JAZZY-ELECTRO,かめりあ,1,0,0,0,0,---,NO PLAY,---,6,0,0,0,---,NO PLAY,---,9,0,0,0,---,NO PLAY,---,11,2248,971,306,16,EX HARD CLEAR,AA,0,0,0,0,---,NO PLAY,---,2026-01-25 16:56
copula,Sephirot,TRANCE,SHIKI,1,0,0,0,0,---,NO PLAY,---,5,0,0,0,---,NO PLAY,---,8,0,0,0,---,NO PLAY,---,10,2168,1000,168,4,FULLCOMBO CLEAR,AAA,0,0,0,0,---,NO PLAY,---,2026-07-12 12:50
copula,Set U Free feat. Kanae Asaba,HARD TRANCE,Y&Co.,1,0,0,0,0,---,NO PLAY,---,4,0,0,0,---,NO PLAY,---,8,0,0,0,---,NO PLAY,---,10,2341,1072,197,1,FULLCOMBO CLEAR,AAA,0,0,0,0,---,NO PLAY,---,2026-02-19 14:02
copula,SHELTER OF THE MIND,ROCKIN' DRUM&BASS,YURiCa/花たん,3,0,0,0,0,---,NO PLAY,---,6,0,0,0,---,NO PLAY,---,9,0,0,0,---,NO PLAY,---,11,2890,1360,170,1,FULLCOMBO CLEAR,AAA,0,0,0,0,---,NO PLAY,---,2026-07-24 20:59
copula,STARLiGHT,DANCE SPEED GOLD,星龍,1,0,0,0,0,---,NO PLAY,---,5,0,0,0,---,NO PLAY,---,9,0,0,0,---,NO PLAY,---,11,2525,1161,203,14,EX HARD CLEAR,AAA,0,0,0,0,---,NO PLAY,---,2025-11-23 13:39
copula,STARLIGHT DANCEHALL,HAPPY EMOTION,P*Light,3,0,0,0,0,---,NO PLAY,---,6,0,0,0,---,NO PLAY,---,9,0,0,0,---,NO PLAY,---,11,2475,1144,187,0,FULLCOMBO CLEAR,AAA,12,2964,1316,332,23,EX HARD CLEAR,AA,2026-01-01 15:20
copula,StrayedCatz,FANTASY,削除,2,0,0,0,0,---,NO PLAY,---,6,0,0,0,---,NO PLAY,---,10,0,0,0,---,FULLCOMBO CLEAR,---,12,2449,1061,327,19,EX HARD CLEAR,AA,0,0,0,0,---,NO PLAY,---,2025-12-30 14:15
copula,Super Duper Racers,HARDCORE,kors k & Numb'n'dub,16,0,0,0,0,---,NO PLAY,---,4,0,0,0,---,NO PLAY,---,8,0,0,0,---,NO PLAY,---,10,2175,987,201,0,FULLCOMBO CLEAR,AAA,12,3343,1521,301,3,EX HARD CLEAR,AAA,2026-08-07 21:30
copula,SURVIVOR,GRAVITY POP,SOUND HOLIC Vs. ZYTOKINE feat. Nana Takahashi,2,0,0,0,0,---,NO PLAY,---,4,0,0,0,---,NO PLAY,---,7,0,0,0,---,NO PLAY,---,9,1886,879,128,0,FULLCOMBO CLEAR,AAA,0,0,0,0,---,NO PLAY,---,2025-11-23 13:36
copula,Tori-no-kimochi,WORLD/ELECTRONICA,猫叉Master+,0,0,0,0,0,---,NO PLAY,---,1,0,0,0,---,NO PLAY,---,6,0,0,0,---,NO PLAY,---,10,0,0,0,---,FULLCOMBO CLEAR,---,0,0,0,0,---,NO PLAY,---,2025-09-17 20:38
copula,Triple Counter,RISK + VACUUM,DJ YOSHITAKA meets dj TAKA,2,0,0,0,0,---,NO PLAY,---,7,0,0,0,---,NO PLAY,---,10,0,0,0,---,FULLCOMBO CLEAR,---,12,3530,1597,336,20,EX HARD CLEAR,AA,0,0,0,0,---,NO PLAY,---,2026-02-16 15:06
copula,Uh-Oh,CANDY RAVE,kors k,3,0,0,0,0,---,NO PLAY,---,5,0,0,0,---,NO PLAY,---,8,0,0,0,---,NO PLAY,---,11,2210,1010,190,6,EX HARD CLEAR,AAA,0,0,0,0,---,NO PLAY,---,2026-07-11 15:52
copula,Violet Pulse,GLITCH ELECTRO,G.K,11,0,0,0,0,---,NO PLAY,---,2,0,0,0,---,NO PLAY,---,8,0,0,0,---,NO PLAY,---,10,2107,924,259,7,FULLCOMBO CLEAR,AA,12,3501,1510,481,15,EX HARD CLEAR,AA,2026-08-02 14:04
copula,Violet Rose,LATIN JAZZ TRIO,OSTER project,7,0,0,0,0,---,NO PLAY,---,7,0,0,0,---,NO PLAY,---,9,0,0,0,---,NO PLAY,---,11,2374,1072,230,1,FULLCOMBO CLEAR,AAA,0,0,0,0,---,NO PLAY,---,2026-06-10 14:57
copula,Welcome,HARDCORE,Uraken,2,0,0,0,0,---,NO PLAY,---,4,0,0,0,---,NO PLAY,---,10,0,0,0,---,FULLCOMBO CLEAR,---,11,2462,1129,204,1,FULLCOMBO CLEAR,AAA,12,3057,1386,285,4,EX HARD CLEAR,AAA,2026-01-16 14:45
copula,X,RENAISSANCE,D.J.Amuro,4,0,0,0,0,---,NO PLAY,---,7,0,0,0,---,NO PLAY,---,10,0,0,0,---,FULLCOMBO CLEAR,---,12,3375,1485,405,12,EX HARD CLEAR,AA,0,0,0,0,---,NO PLAY,---,2026-03-21 15:38
copula,ZEPHYRANTHES,BLOOM CORE,TAG,4,0,0,0,0,---,NO PLAY,---,5,0,0,0,---,NO PLAY,---,9,0,0,0,---,NO PLAY,---,11,2669,1207,255,17,EX HARD CLEAR,AAA,12,3401,1501,399,18,EX HARD CLEAR,AA,2026-04-07 15:02
copula,か・し・ま・し☆PUMP UP！,SUMMER WORKOUT,miko,2,0,0,0,0,---,NO PLAY,---,6,0,0,0,---,NO PLAY,---,9,0,0,0,---,NO PLAY,---,11,2590,1166,258,6,EX HARD CLEAR,AAA,0,0,0,0,---,NO PLAY,---,2026-02-19 13:59
copula,めいさいアイドル☆あいむちゃん♪,電波デステクノ,DJ SHARPNEL feat. みらい,4,0,0,0,0,---,NO PLAY,---,7,0,0,0,---,NO PLAY,---,10,0,0,0,---,FULLCOMBO CLEAR,---,12,3006,1338,330,7,EX HARD CLEAR,AA,0,0,0,0,---,NO PLAY,---,2026-08-07 21:47
copula,オルタネイトβ,HYPER J-POP,Xceon feat. Mayumi Morinaga,1,0,0,0,0,---,NO PLAY,---,4,0,0,0,---,NO PLAY,---,7,0,0,0,---,NO PLAY,---,10,2146,1019,108,3,FULLCOMBO CLEAR,AAA,0,0,0,0,---,NO PLAY,---,2025-10-17 15:10
copula,ギョギョっと人魚 爆婚ブライダル,Hi-RESORT電波,海の底からマーメイド Prim by ARM×狐夢想,0,0,0,0,0,---,NO PLAY,---,4,0,0,0,---,NO PLAY,---,8,0,0,0,---,NO PLAY,---,10,0,0,0,---,FULLCOMBO CLEAR,---,0,0,0,0,---,NO PLAY,---,2025-09-17 20:38
copula,シュッパツシンコウ・シサカンコ,KANA-POP,星野奏子,1,0,0,0,0,---,NO PLAY,---,5,0,0,0,---,NO PLAY,---,8,0,0,0,---,NO PLAY,---,10,2293,1072,149,1,FULLCOMBO CLEAR,AAA,0,0,0,0,---,NO PLAY,---,2025-10-09 15:44
copula,セロトニン,ORBITALICTRO,U1 overground,2,0,0,0,0,---,NO PLAY,---,6,0,0,0,---,NO PLAY,---,9,0,0,0,---,NO PLAY,---,11,2138,974,190,6,EX HARD CLEAR,AAA,0,0,0,0,---,NO PLAY,---,2026-01-22 14:27
copula,少女アリスと箱庭幻想コンチェルト,空想ファンタジーシリーズ,DJ TOTTO,0,0,0,0,0,---,NO PLAY,---,5,0,0,0,---,NO PLAY,---,8,0,0,0,---,NO PLAY,---,10,0,0,0,---,FULLCOMBO CLEAR,---,0,0,0,0,---,NO PLAY,---,2025-09-17 20:38
copula,明鏡止水,禅ジャズ,TOMOSUKE feat. あさき,1,0,0,0,0,---,NO PLAY,---,5,0,0,0,---,NO PLAY,---,9,0,0,0,---,NO PLAY,---,11,2571,1159,253,7,EX HARD CLEAR,AAA,0,0,0,0,---,NO PLAY,---,2026-01-17 15:07
copula,星屑ディスタンシア,GLITCH JAZZ,ARM feat. 普透明度 + Brasscapsule,0,0,0,0,0,---,NO PLAY,---,4,0,0,0,---,NO PLAY,---,6,0,0,0,---,NO PLAY,---,10,0,0,0,---,FULLCOMBO CLEAR,---,0,0,0,0,---,NO PLAY,---,2025-09-17 20:38
copula,朝焼けから始まるボクらの小さな旅,ARTCORE ROCK,cosMo＠暴走P,1,0,0,0,0,---,NO PLAY,---,5,0,0,0,---,NO PLAY,---,9,0,0,0,---,NO PLAY,---,11,2344,1077,190,5,EX HARD CLEAR,AAA,0,0,0,0,---,NO PLAY,---,2025-10-12 13:42
copula,灼熱 Pt.2 Long Train Running,BROKEN SAMBA BREAK,DJ Mass MAD Izm*,8,3,0,0,0,---,NO PLAY,---,7,0,0,0,---,NO PLAY,---,11,1869,807,255,15,EX HARD CLEAR,AA,12,2716,1054,608,58,HARD CLEAR,A,0,0,0,0,---,NO PLAY,---,2026-08-01 16:22
copula,真 地獄超特急 -HELL or HELL-,新世紀進歩的羽扇子音楽,DJ TECHNORCH Vs. L.E.D.Light-G,28,0,0,0,0,---,NO PLAY,---,7,0,0,0,---,NO PLAY,---,10,0,0,0,---,FULLCOMBO CLEAR,---,12,2823,1221,381,36,HARD CLEAR,AA,0,0,0,0,---,NO PLAY,---,2026-08-08 15:46
copula,紫陽花 -AZISAI-,ORIENTAL TECHDANCE,Camellia Vs. Expander,4,2,0,0,0,---,NO PLAY,---,7,0,0,0,---,NO PLAY,---,10,0,0,0,---,FULLCOMBO CLEAR,---,12,2541,1112,317,12,EX HARD CLEAR,AA,12,2853,1175,503,36,HARD CLEAR,AA,2026-07-03 22:25
copula,追想快晴テーマパーク,FUTURE E-POP,PHQUASE,2,0,0,0,0,---,NO PLAY,---,6,0,0,0,---,NO PLAY,---,10,0,0,0,---,FULLCOMBO CLEAR,---,11,2885,1339,207,14,EX HARD CLEAR,AAA,0,0,0,0,---,NO PLAY,---,2026-05-21 15:22
copula,量子の海のリントヴルム,エピックプログレ,黒猫ダンジョン,1,0,0,0,0,---,NO PLAY,---,6,0,0,0,---,NO PLAY,---,9,0,0,0,---,NO PLAY,---,11,2684,1214,256,6,EX HARD CLEAR,AAA,0,0,0,0,---,NO PLAY,---,2025-12-07 13:48
copula,駅猫のワルツ,にゃんコア,ミニョンヌ鉄道兄弟,2,0,0,0,0,---,NO PLAY,---,6,0,0,0,---,NO PLAY,---,10,0,0,0,---,FULLCOMBO CLEAR,---,12,2427,1010,407,44,HARD CLEAR,AA,0,0,0,0,---,NO PLAY,---,2025-12-14 17:14
copula,麗 ～うらら～,WINTER GLOW,SOUND HOLIC feat. Nana Takahashi,1,1,0,0,0,---,NO PLAY,---,5,0,0,0,---,NO PLAY,---,9,0,0,0,---,NO PLAY,---,11,2442,1128,186,4,FULLCOMBO CLEAR,AAA,0,0,0,0,---,NO PLAY,---,2025-12-21 15:07
SINOBUZ,!Viva!,TRIBAL HOUSE,Ryu*,0,0,0,0,0,---,NO PLAY,---,5,0,0,0,---,NO PLAY,---,8,0,0,0,---,NO PLAY,---,10,0,0,0,---,FULLCOMBO CLEAR,---,0,0,0,0,---,NO PLAY,---,2025-09-17 20:38
SINOBUZ,#MAGiCVLGiRL_TRVP_B3VTZ,NEON/TWERKCORE,DJ Noriken,7,0,0,0,0,---,NO PLAY,---,6,0,0,0,---,NO PLAY,---,9,0,0,0,---,NO PLAY,---,12,3170,1463,244,14,EX HARD CLEAR,AAA,0,0,0,0,---,NO PLAY,---,2026-03-23 12:41
SINOBUZ,(This Is Not) The Angels,BIG BEAT/BREAKBEATS,Hommarju,1,0,0,0,0,---,NO PLAY,---,4,0,0,0,---,NO PLAY,---,8,0,0,0,---,NO PLAY,---,11,2464,1121,222,8,FULLCOMBO CLEAR,AAA,0,0,0,0,---,NO PLAY,---,2025-10-19 15:31
SINOBUZ,Amazing Mirage,HiTECH FULLON,lapix,3,2,0,0,0,---,NO PLAY,---,5,0,0,0,---,NO PLAY,---,9,0,0,0,---,NO PLAY,---,11,2434,1110,214,2,EX HARD CLEAR,AAA,12,2948,1321,306,13,EX HARD CLEAR,AA,2026-01-28 16:57
SINOBUZ,AO-∞,DANCE SPEED,青龍,2,0,0,0,0,---,NO PLAY,---,6,0,0,0,---,NO PLAY,---,9,0,0,0,---,NO PLAY,---,10,2470,1110,250,2,FULLCOMBO CLEAR,AAA,0,0,0,0,---,NO PLAY,---,2026-02-05 14:33
SINOBUZ,Apocalypse,EPIC D'N'B,Morrigan feat. リリィ,3,0,0,0,0,---,NO PLAY,---,5,0,0,0,---,NO PLAY,---,9,0,0,0,---,NO PLAY,---,12,3263,1500,263,5,EX HARD CLEAR,AAA,0,0,0,0,---,NO PLAY,---,2026-04-25 16:08
SINOBUZ,Around The Galaxy,UPLIFTING TRANCE,NISH,3,0,0,0,0,---,NO PLAY,---,5,0,0,0,---,NO PLAY,---,9,0,0,0,---,NO PLAY,---,11,3069,1396,277,0,FULLCOMBO CLEAR,AAA,0,0,0,0,---,NO PLAY,---,2026-06-28 14:07
SINOBUZ,AsiaN distractive,WORLD,猫叉劇団,1,0,0,0,0,---,NO PLAY,---,5,0,0,0,---,NO PLAY,---,8,0,0,0,---,NO PLAY,---,11,2424,1118,188,4,FULLCOMBO CLEAR,AAA,0,0,0,0,---,NO PLAY,---,2026-05-08 12:29
SINOBUZ,BabeL ～Grand Story～,SPIRAL STAIRS,Ako Atak,2,0,0,0,0,---,NO PLAY,---,6,0,0,0,---,NO PLAY,---,10,0,0,0,---,FULLCOMBO CLEAR,---,11,2609,1192,225,4,EX HARD CLEAR,AAA,0,0,0,0,---,NO PLAY,---,2026-02-02 16:04
SINOBUZ,Be A Star,ALTERNATIVE TECHNO POP,PHQUASE feat.ぁゅ,1,0,0,0,0,---,NO PLAY,---,4,0,0,0,---,NO PLAY,---,9,0,0,0,---,NO PLAY,---,11,2606,1210,186,3,FULLCOMBO CLEAR,AAA,0,0,0,0,---,NO PLAY,---,2026-03-19 15:50
SINOBUZ,Beat Juggling Mix,DJ BATTLE,Hommarju,5,0,0,0,0,---,NO PLAY,---,6,0,0,0,---,NO PLAY,---,9,0,0,0,---,NO PLAY,---,11,1960,868,224,4,EX HARD CLEAR,AA,0,0,0,0,---,NO PLAY,---,2026-05-10 15:46
SINOBUZ,Believe in you,HARDCORE RAVE,DJ Shimamura feat. Renna,1,0,0,0,0,---,NO PLAY,---,5,0,0,0,---,NO PLAY,---,8,0,0,0,---,NO PLAY,---,10,2338,1124,90,0,FULLCOMBO CLEAR,AAA,0,0,0,0,---,NO PLAY,---,2025-10-26 13:41
SINOBUZ,Beyond The Seven,TRANCE,Nhato,1,0,0,0,0,---,NO PLAY,---,4,0,0,0,---,NO PLAY,---,7,0,0,0,---,NO PLAY,---,11,2514,1156,202,2,FULLCOMBO CLEAR,AAA,0,0,0,0,---,NO PLAY,---,2025-10-12 15:07
SINOBUZ,BREAK OVER,FESTIVAL SOUND,MASAYOSHI IIMORI,1,0,0,0,0,---,NO PLAY,---,5,0,0,0,---,NO PLAY,---,9,0,0,0,---,NO PLAY,---,11,2209,1018,173,4,FULLCOMBO CLEAR,AAA,0,0,0,0,---,NO PLAY,---,2026-02-24 14:15
SINOBUZ,Breakin' Chain,MOOMBAHCORE,REDALiCE feat. MONICO,1,0,0,0,0,---,NO PLAY,---,4,0,0,0,---,NO PLAY,---,8,0,0,0,---,NO PLAY,---,10,2122,970,182,5,FULLCOMBO CLEAR,AAA,0,0,0,0,---,NO PLAY,---,2025-10-03 11:58
SINOBUZ,BroGamer,SUPER ULTIMATE HYPER CORE,USAO,10,0,0,0,0,---,NO PLAY,---,7,0,0,0,---,NO PLAY,---,9,0,0,0,---,NO PLAY,---,11,2839,1306,227,10,EX HARD CLEAR,AAA,12,4139,1864,411,49,HARD CLEAR,AA,2026-08-16 17:27
SINOBUZ,Caterpillar,HARD TRAP,Eagle,2,0,0,0,0,---,NO PLAY,---,6,0,0,0,---,NO PLAY,---,10,0,0,0,---,FULLCOMBO CLEAR,---,12,2705,1208,289,22,EX HARD CLEAR,AA,0,0,0,0,---,NO PLAY,---,2026-07-12 12:29
SINOBUZ,crew,ANTHEM,beatnation Records,2,0,0,0,0,---,NO PLAY,---,3,0,0,0,---,FULLCOMBO CLEAR,---,8,0,0,0,---,FULLCOMBO CLEAR,---,11,2696,1235,226,2,FULLCOMBO CLEAR,AAA,0,0,0,0,---,NO PLAY,---,2026-06-28 14:25
SINOBUZ,Cyber True Color,DREAM COLLABORATION,kors k vs Sota Fujimori,3,0,0,0,0,---,NO PLAY,---,5,0,0,0,---,NO PLAY,---,9,0,0,0,---,NO PLAY,---,11,2166,977,212,3,FULLCOMBO CLEAR,AAA,0,0,0,0,---,NO PLAY,---,2026-06-04 16:01
SINOBUZ,DORNWALD ～Junge～,ARCHAIC TALE EP1,DJ TOTTO,7,0,0,0,0,---,NO PLAY,---,6,0,0,0,---,NO PLAY,---,10,0,0,0,---,FULLCOMBO CLEAR,---,12,3137,1356,425,17,EX HARD CLEAR,AA,0,0,0,0,---,NO PLAY,---,2026-05-14 13:42
SINOBUZ,ECHIDNA,HYBRID BUCHIAGE TRANCE,HuΣeR,6,0,0,0,0,---,NO PLAY,---,6,0,0,0,---,NO PLAY,---,10,0,0,0,---,FULLCOMBO CLEAR,---,12,2898,1272,354,28,EX HARD CLEAR,AA,0,0,0,0,---,NO PLAY,---,2026-06-28 15:53
SINOBUZ,Egret and Willow,FUTURE BEATS,Dirty Androids,1,0,0,0,0,---,NO PLAY,---,6,0,0,0,---,NO PLAY,---,8,0,0,0,---,NO PLAY,---,11,2528,1176,176,6,EX HARD CLEAR,AAA,0,0,0,0,---,NO PLAY,---,2026-01-01 15:36
SINOBUZ,elemental bender feat. Kanae Asaba,EDM,MK,0,0,0,0,0,---,NO PLAY,---,3,0,0,0,---,NO PLAY,---,6,0,0,0,---,NO PLAY,---,8,0,0,0,---,FULLCOMBO CLEAR,---,0,0,0,0,---,NO PLAY,---,2025-09-17 20:38
SINOBUZ,FUZIN RIZIN,HYPER DIGIMETAL,SOUND HOLIC feat. Nana Takahashi & 709sec.,3,0,0,0,0,---,NO PLAY,---,5,0,0,0,---,NO PLAY,---,9,0,0,0,---,NO PLAY,---,12,3433,1559,315,17,EX HARD CLEAR,AAA,0,0,0,0,---,NO PLAY,---,2026-01-04 16:43
SINOBUZ,Go Ahead!!,TRANCE CORE,Ryu☆ Vs. Sota,15,0,0,0,0,---,NO PLAY,---,7,0,0,0,---,NO PLAY,---,10,0,0,0,---,FULLCOMBO CLEAR,---,12,2266,972,322,33,HARD CLEAR,AA,0,0,0,0,---,NO PLAY,---,2026-03-12 12:10
SINOBUZ,GuNGNiR,REQUIEM PSY,Gram,95,0,0,0,0,---,NO PLAY,---,7,0,0,0,---,NO PLAY,---,11,2495,1128,239,3,EX HARD CLEAR,AAA,12,3273,1381,511,54,HARD CLEAR,AA,12,3578,1450,678,82,CLEAR,A,2026-08-17 16:36
SINOBUZ,HADES,HARDSTYLE,Massive New Krew,8,2,0,0,0,---,NO PLAY,---,5,0,0,0,---,NO PLAY,---,9,0,0,0,---,NO PLAY,---,12,2794,1244,306,12,EX HARD CLEAR,AA,0,0,0,0,---,NO PLAY,---,2026-01-28 17:18
SINOBUZ,HAPPY★RUSH,HAPPY,P*Light,2,0,0,0,0,---,NO PLAY,---,4,0,0,0,---,NO PLAY,---,9,0,0,0,---,NO PLAY,---,11,2680,1232,216,9,EX HARD CLEAR,AAA,0,0,0,0,---,NO PLAY,---,2026-05-31 16:54
SINOBUZ,Honey Trap,HYPER TRAP,Expander,5,0,0,0,0,---,NO PLAY,---,5,0,0,0,---,NO PLAY,---,8,0,0,0,---,NO PLAY,---,11,2304,1042,220,2,FULLCOMBO CLEAR,AAA,0,0,0,0,---,NO PLAY,---,2026-05-16 11:33
SINOBUZ,INVISIBLE STRIX,NEUROFUNK,L.E.D.,1,0,0,0,0,---,NO PLAY,---,6,0,0,0,---,NO PLAY,---,10,0,0,0,---,FULLCOMBO CLEAR,---,11,2488,1171,146,1,FULLCOMBO CLEAR,AAA,0,0,0,0,---,NO PLAY,---,2025-10-09 16:33
SINOBUZ,Lost wing at.0,DRUM'N'BASS,猫叉Master+,3,0,0,0,0,---,NO PLAY,---,5,0,0,0,---,NO PLAY,---,8,0,0,0,---,NO PLAY,---,11,2275,1030,215,1,FULLCOMBO CLEAR,AAA,0,0,0,0,---,NO PLAY,---,2026-05-18 13:15
SINOBUZ,Macuilxochitl,PIANO CONTEMPORARY,TOMOSUKE,1,3,0,0,0,---,NO PLAY,---,7,0,0,0,---,NO PLAY,---,10,0,0,0,---,FULLCOMBO CLEAR,---,11,3028,1381,266,4,FULLCOMBO CLEAR,AAA,0,0,0,0,---,NO PLAY,---,2025-12-01 12:43
SINOBUZ,Magical,KAWAII FUTURE BASS,Snail's House,1,0,0,0,0,---,NO PLAY,---,4,0,0,0,---,NO PLAY,---,6,0,0,0,---,NO PLAY,---,10,1832,832,168,3,FULLCOMBO CLEAR,AAA,0,0,0,0,---,NO PLAY,---,2026-05-16 11:18
SINOBUZ,Mare Nectaris,EXPERIMENTAL,神楽,109,0,0,0,0,---,NO PLAY,---,7,0,0,0,---,NO PLAY,---,11,1946,864,218,6,FULLCOMBO CLEAR,AA,12,2961,1206,549,62,FAILED,A,0,0,0,0,---,NO PLAY,---,2026-08-17 17:01
SINOBUZ,Modular Technology,TECHNO,Sota Fujimori,3,0,0,0,0,---,NO PLAY,---,6,0,0,0,---,NO PLAY,---,10,0,0,0,---,FULLCOMBO CLEAR,---,11,2440,1098,244,5,EX HARD CLEAR,AAA,0,0,0,0,---,NO PLAY,---,2026-06-05 14:20
SINOBUZ,Music is The Answer,TURBOFUNK,C-Show,4,0,0,0,0,---,NO PLAY,---,4,0,0,0,---,NO PLAY,---,8,0,0,0,---,NO PLAY,---,10,1687,747,193,0,FULLCOMBO CLEAR,AA,0,0,0,0,---,NO PLAY,---,2026-01-15 14:34
SINOBUZ,nostos,NOSTALGIA,Setaria Virtuoso,2,0,0,0,0,---,NO PLAY,---,5,0,0,0,---,NO PLAY,---,8,0,0,0,---,NO PLAY,---,11,2372,1055,262,5,EX HARD CLEAR,AA,0,0,0,0,---,NO PLAY,---,2026-06-10 15:11
SINOBUZ,OOO,BUBBLEGUM DANCE,Ryu☆ feat.moimoi,1,0,0,0,0,---,NO PLAY,---,3,0,0,0,---,NO PLAY,---,7,0,0,0,---,NO PLAY,---,10,0,0,0,---,FULLCOMBO CLEAR,---,11,2526,1196,134,0,FULLCOMBO CLEAR,AAA,2025-12-11 15:05
SINOBUZ,OTENAMI Hurricane,POP BREAKCORE,t+pazolite,1,0,0,0,0,---,NO PLAY,---,6,0,0,0,---,NO PLAY,---,10,0,0,0,---,FULLCOMBO CLEAR,---,12,2857,1286,285,27,EX HARD CLEAR,AA,0,0,0,0,---,NO PLAY,---,2026-01-01 16:09
SINOBUZ,PAPAYAPA BASS,MONDO-GROOVE BASSHOUSE,かめりあ feat. ななひら,2,0,0,0,0,---,NO PLAY,---,5,0,0,0,---,NO PLAY,---,8,0,0,0,---,NO PLAY,---,11,2602,1195,212,2,FULLCOMBO CLEAR,AAA,0,0,0,0,---,NO PLAY,---,2026-07-05 15:46
SINOBUZ,Piano Samurai,BEAT PIANO MUSIC,maras k(marasy+kors k),2,0,0,0,0,---,NO PLAY,---,5,0,0,0,---,NO PLAY,---,9,0,0,0,---,NO PLAY,---,10,2305,1059,187,0,FULLCOMBO CLEAR,AAA,0,0,0,0,---,NO PLAY,---,2026-02-05 14:30
SINOBUZ,Quakes,HARD BREAK BEATS,dj Hellix,10,0,0,0,0,---,NO PLAY,---,6,0,0,0,---,NO PLAY,---,10,0,0,0,---,FULLCOMBO CLEAR,---,12,2686,1142,402,16,EX HARD CLEAR,AA,0,0,0,0,---,NO PLAY,---,2026-06-05 15:30
SINOBUZ,RAIN,TRANCE,dj TAKA,3,0,0,0,0,---,NO PLAY,---,6,0,0,0,---,NO PLAY,---,9,0,0,0,---,NO PLAY,---,12,3009,1381,247,6,EX HARD CLEAR,AAA,0,0,0,0,---,NO PLAY,---,2026-08-08 15:43
SINOBUZ,Rave Cannon,SPEED RAVE,kors k,6,0,0,0,0,---,NO PLAY,---,5,0,0,0,---,NO PLAY,---,9,0,0,0,---,NO PLAY,---,12,3019,1359,301,11,EX HARD CLEAR,AA,0,0,0,0,---,NO PLAY,---,2026-07-26 14:41
SINOBUZ,Remedy feat. Kanae Asaba,哀愁EUROBEAT,Y&Co.,0,0,0,0,0,---,NO PLAY,---,5,0,0,0,---,NO PLAY,---,8,0,0,0,---,NO PLAY,---,10,0,0,0,---,FULLCOMBO CLEAR,---,0,0,0,0,---,NO PLAY,---,2025-09-17 20:38
SINOBUZ,ROTTERDAM SHOGUN,RDM,ABDI from ジャカルタファンクブラザーズ,1,3,0,0,0,---,NO PLAY,---,6,0,0,0,---,NO PLAY,---,9,0,0,0,---,NO PLAY,---,11,2466,1178,110,3,FULLCOMBO CLEAR,AAA,0,0,0,0,---,NO PLAY,---,2026-02-02 16:14
SINOBUZ,SAMURAI-Scramble,TECH BREAKBEATS,DJ Mass MAD Izm*,8,0,0,0,0,---,NO PLAY,---,5,0,0,0,---,NO PLAY,---,9,0,0,0,---,NO PLAY,---,11,2086,890,306,15,EX HARD CLEAR,AA,12,2292,890,512,67,HARD CLEAR,A,2026-05-28 16:14
SINOBUZ,Sarutobi Champion is 拙者,PIECED MAKIBISHI,Project B-,6,0,0,0,0,---,NO PLAY,---,6,0,0,0,---,NO PLAY,---,9,0,0,0,---,NO PLAY,---,11,2031,920,191,8,EX HARD CLEAR,AA,0,0,0,0,---,NO PLAY,---,2026-07-03 21:03
SINOBUZ,SAY BAY,SHINOBI RAVE,P*Light,1,0,0,0,0,---,NO PLAY,---,5,0,0,0,---,NO PLAY,---,8,0,0,0,---,NO PLAY,---,12,2455,1065,325,14,EX HARD CLEAR,AA,0,0,0,0,---,NO PLAY,---,2025-12-24 16:37
SINOBUZ,Seaside Labyrinth,80's SYNTH FUNK,Dirty Androids,2,0,0,0,0,---,NO PLAY,---,4,0,0,0,---,NO PLAY,---,7,0,0,0,---,NO PLAY,---,9,1713,771,171,1,FULLCOMBO CLEAR,AAA,0,0,0,0,---,NO PLAY,---,2025-11-30 13:25
SINOBUZ,Selfish Sweet,R&B,OSTER project feat. かなたん,2,0,0,0,0,---,NO PLAY,---,3,0,0,0,---,NO PLAY,---,5,0,0,0,---,NO PLAY,---,9,0,0,0,---,FULLCOMBO CLEAR,---,11,2326,999,328,22,EX HARD CLEAR,AA,2025-09-20 12:39
SINOBUZ,SEQUENCE CAT,TECHNO,SLEDLAKE (SLAKE & L.E.D.),2,0,0,0,0,---,NO PLAY,---,5,0,0,0,---,NO PLAY,---,10,0,0,0,---,FULLCOMBO CLEAR,---,11,2646,1211,224,1,FULLCOMBO CLEAR,AAA,0,0,0,0,---,NO PLAY,---,2026-06-28 14:22
SINOBUZ,shuriken,CHIPTUNE,ヒゲドライバー,1,0,0,0,0,---,NO PLAY,---,4,0,0,0,---,NO PLAY,---,6,0,0,0,---,NO PLAY,---,10,2302,1045,212,2,FULLCOMBO CLEAR,AA,0,0,0,0,---,NO PLAY,---,2026-07-24 21:15
SINOBUZ,SINOBUZ Fantasy,CANDY ROCK,Noria,0,0,0,0,0,---,NO PLAY,---,6,0,0,0,---,NO PLAY,---,9,0,0,0,---,NO PLAY,---,10,0,0,0,---,FULLCOMBO CLEAR,---,0,0,0,0,---,NO PLAY,---,2025-09-17 20:38
SINOBUZ,Sky High,ANTHEM,Cuvelia,2,3,0,0,0,---,NO PLAY,---,6,0,0,0,---,NO PLAY,---,10,0,0,0,---,FULLCOMBO CLEAR,---,12,3354,1479,396,13,EX HARD CLEAR,AA,0,0,0,0,---,NO PLAY,---,2026-01-25 16:59
SINOBUZ,Snakey Kung-fu,ASIAN CONTEMPORARY,金獅子 vs 麒麟 feat. 獏,4,0,0,0,0,---,NO PLAY,---,6,0,0,0,---,NO PLAY,---,10,0,0,0,---,FULLCOMBO CLEAR,---,12,3173,1468,237,18,EX HARD CLEAR,AAA,0,0,0,0,---,NO PLAY,---,2026-04-17 13:26
SINOBUZ,Steel Edge,DRUM&BASS,Maozon,2,0,0,0,0,---,NO PLAY,---,5,0,0,0,---,NO PLAY,---,8,0,0,0,---,NO PLAY,---,12,2995,1402,191,3,FULLCOMBO CLEAR,AAA,0,0,0,0,---,NO PLAY,---,2026-07-26 14:22
SINOBUZ,Summerlights(IIDX Edition),HARDCORE RAVE,DJ Noriken,4,0,0,0,0,---,NO PLAY,---,6,0,0,0,---,NO PLAY,---,9,0,0,0,---,NO PLAY,---,12,2852,1301,250,3,EX HARD CLEAR,AAA,0,0,0,0,---,NO PLAY,---,2026-06-27 14:39
SINOBUZ,Super Rush,HARDTEK,kors k,3,0,0,0,0,---,NO PLAY,---,6,0,0,0,---,NO PLAY,---,9,0,0,0,---,NO PLAY,---,12,3395,1633,129,19,EX HARD CLEAR,AAA,0,0,0,0,---,NO PLAY,---,2026-04-03 13:56
SINOBUZ,Surf on the Light,ELECTRO FUSION,Tomoyuki Uchida,3,0,0,0,0,---,NO PLAY,---,4,0,0,0,---,NO PLAY,---,8,0,0,0,---,NO PLAY,---,10,2143,1012,119,5,FULLCOMBO CLEAR,AAA,0,0,0,0,---,NO PLAY,---,2026-05-14 11:43
SINOBUZ,The Commanders,HARDSTYLE,USAO,0,0,0,0,0,---,NO PLAY,---,5,0,0,0,---,NO PLAY,---,8,0,0,0,---,NO PLAY,---,10,0,0,0,---,FULLCOMBO CLEAR,---,0,0,0,0,---,NO PLAY,---,2025-09-17 20:38
SINOBUZ,TOGAKUSHI,HARD TRANCE,SETUP,4,0,0,0,0,---,NO PLAY,---,5,0,0,0,---,NO PLAY,---,10,0,0,0,---,FULLCOMBO CLEAR,---,12,2412,1097,218,3,EX HARD CLEAR,AAA,0,0,0,0,---,NO PLAY,---,2026-05-09 13:42
SINOBUZ,Umbral,UPLIFTING TRANCE,Maozon,5,0,0,0,0,---,NO PLAY,---,3,0,0,0,---,NO PLAY,---,7,0,0,0,---,NO PLAY,---,10,1799,837,125,0,FULLCOMBO CLEAR,AAA,12,2863,1315,233,1,FULLCOMBO CLEAR,AAA,2026-07-03 20:19
SINOBUZ,Venom,JUMP UP/HARDCORE,kors k vs L.E.D.-G,1,0,0,0,0,---,NO PLAY,---,6,0,0,0,---,NO PLAY,---,10,0,0,0,---,FULLCOMBO CLEAR,---,12,2928,1371,186,13,EX HARD CLEAR,AAA,0,0,0,0,---,NO PLAY,---,2025-12-11 16:49
SINOBUZ,Vermilion,HARD HOUSE,Remo-con,2,0,0,0,0,---,NO PLAY,---,5,0,0,0,---,NO PLAY,---,8,0,0,0,---,NO PLAY,---,10,1870,850,170,3,FULLCOMBO CLEAR,AAA,0,0,0,0,---,NO PLAY,---,2025-12-25 14:14
SINOBUZ,Warrior,MAINSTREAM HARDCORE,DJ CHUCKY feat. Jonjo,1,0,0,0,0,---,NO PLAY,---,5,0,0,0,---,NO PLAY,---,8,0,0,0,---,NO PLAY,---,10,2344,1104,136,4,EX HARD CLEAR,AAA,0,0,0,0,---,NO PLAY,---,2025-11-22 13:29
SINOBUZ,XINOBIKILL,CYBER JAZZSTEP,SOUND HOLIC feat. Nana Takahashi,3,0,0,0,0,---,NO PLAY,---,6,0,0,0,---,NO PLAY,---,9,0,0,0,---,NO PLAY,---,11,2673,1224,225,3,FULLCOMBO CLEAR,AAA,0,0,0,0,---,NO PLAY,---,2026-06-10 15:44
SINOBUZ,yamabiko (SINOBUZ Edition),夏の夕暮れと、DUBSTEP。,かめりあ,1,0,0,0,0,---,NO PLAY,---,5,0,0,0,---,NO PLAY,---,8,0,0,0,---,NO PLAY,---,11,2422,1105,212,3,FULLCOMBO CLEAR,AAA,0,0,0,0,---,NO PLAY,---,2025-12-24 14:16
SINOBUZ,Yellow Sketch(RX-Ver.S.P.L.),ALTERNATIVE ELECTRO,高田雅史,1,0,0,0,0,---,NO PLAY,---,4,0,0,0,---,NO PLAY,---,9,0,0,0,---,NO PLAY,---,11,2555,1127,301,1,EX HARD CLEAR,AA,0,0,0,0,---,NO PLAY,---,2026-05-03 15:55
SINOBUZ,〆,HiTECH,lapix,3,0,0,0,0,---,NO PLAY,---,6,0,0,0,---,NO PLAY,---,9,0,0,0,---,NO PLAY,---,12,3393,1546,301,9,EX HARD CLEAR,AAA,0,0,0,0,---,NO PLAY,---,2026-02-13 16:59
SINOBUZ,ちらちら・はらはら,ACEDIA,NU-KO,0,0,0,0,0,---,NO PLAY,---,3,0,0,0,---,NO PLAY,---,5,0,0,0,---,NO PLAY,---,7,0,0,0,---,FULLCOMBO CLEAR,---,0,0,0,0,---,NO PLAY,---,2025-09-17 20:38
SINOBUZ,イザナミノナゲキ,WORLD/ELECTRONICA,猫叉Master,2,0,0,0,0,---,NO PLAY,---,6,0,0,0,---,NO PLAY,---,9,0,0,0,---,NO PLAY,---,12,3020,1388,244,3,EX HARD CLEAR,AAA,0,0,0,0,---,NO PLAY,---,2026-05-14 14:03
SINOBUZ,ディッシュウォッシャー◎彡おいわちゃん,ネオスカ電波,ARM×狐夢想 feat. 山本椛,2,0,0,0,0,---,NO PLAY,---,3,0,0,0,---,NO PLAY,---,7,0,0,0,---,NO PLAY,---,11,2333,1072,189,5,FULLCOMBO CLEAR,AAA,0,0,0,0,---,NO PLAY,---,2026-07-12 14:13
SINOBUZ,九尾狐夜行,ORIENTAL FUSION,天狐,1,0,0,0,0,---,NO PLAY,---,5,0,0,0,---,NO PLAY,---,9,0,0,0,---,NO PLAY,---,12,2694,1231,232,15,EX HARD CLEAR,AA,0,0,0,0,---,NO PLAY,---,2026-01-01 17:40
SINOBUZ,冬椿 ft. Kanae Asaba,HYPER ENKA POP,Xceon,2,1,0,0,0,---,NO PLAY,---,5,0,0,0,---,NO PLAY,---,7,0,0,0,---,NO PLAY,---,10,0,0,0,---,FULLCOMBO CLEAR,---,11,2770,1276,218,6,FULLCOMBO CLEAR,AAA,2026-01-12 15:19
SINOBUZ,刃図羅,LAST ARTS,猫叉Master vs HuΣeR,1,0,0,0,0,---,NO PLAY,---,6,0,0,0,---,NO PLAY,---,10,0,0,0,---,FULLCOMBO CLEAR,---,12,3120,1419,282,8,EX HARD CLEAR,AAA,0,0,0,0,---,NO PLAY,---,2025-12-25 15:16
SINOBUZ,忍恋花,忍歌,黒脛,1,0,0,0,0,---,NO PLAY,---,5,0,0,0,---,NO PLAY,---,9,0,0,0,---,NO PLAY,---,11,2071,939,193,2,FULLCOMBO CLEAR,AAA,0,0,0,0,---,NO PLAY,---,2025-11-15 14:49
SINOBUZ,恋はどう？モロ◎波動OK☆方程式!!,理系ポップ,あべにゅうぷろじぇくと feat. 佐倉紗織 produced by ave;new,0,0,0,0,0,---,NO PLAY,---,5,0,0,0,---,NO PLAY,---,8,0,0,0,---,NO PLAY,---,10,0,0,0,---,FULLCOMBO CLEAR,---,0,0,0,0,---,NO PLAY,---,2025-09-17 20:38
SINOBUZ,月雪に舞う華のように,FOREST SNOW,猫叉Master,0,0,0,0,0,---,NO PLAY,---,5,0,0,0,---,NO PLAY,---,7,0,0,0,---,NO PLAY,---,10,0,0,0,---,FULLCOMBO CLEAR,---,0,0,0,0,---,NO PLAY,---,2025-09-17 20:38
SINOBUZ,次葉 -turn the page-,POP ROCK,小寺可南子,1,0,0,0,0,---,NO PLAY,---,4,0,0,0,---,NO PLAY,---,8,0,0,0,---,NO PLAY,---,10,1901,909,83,3,FULLCOMBO CLEAR,AAA,0,0,0,0,---,NO PLAY,---,2025-09-28 16:23
SINOBUZ,津軽雪,MICHINOKU,罠師 VS 安室,10,0,0,0,0,---,NO PLAY,---,7,0,0,0,---,NO PLAY,---,10,0,0,0,---,FULLCOMBO CLEAR,---,12,3443,1552,339,10,EX HARD CLEAR,AA,0,0,0,0,---,NO PLAY,---,2026-06-03 14:41
SINOBUZ,火影,HIP HOP,RoughSkreamZ feat.楽天斎,3,0,0,0,0,---,NO PLAY,---,5,0,0,0,---,NO PLAY,---,9,0,0,0,---,NO PLAY,---,12,2417,1038,341,21,EX HARD CLEAR,AA,0,0,0,0,---,NO PLAY,---,2026-07-12 13:17
SINOBUZ,焔極OVERKILL,HARDCORE,RoughSketch Vs. L.E.D.-G,7,0,0,0,0,---,NO PLAY,---,6,0,0,0,---,NO PLAY,---,10,1965,900,165,8,EX HARD CLEAR,AA,12,3060,1318,424,35,HARD CLEAR,AA,0,0,0,0,---,NO PLAY,---,2026-03-21 17:27
SINOBUZ,獅子霞麗ノ舞,DRAMATIC WALTZ,HuΣeR,0,0,0,0,0,---,NO PLAY,---,4,0,0,0,---,NO PLAY,---,6,0,0,0,---,NO PLAY,---,9,0,0,0,---,FULLCOMBO CLEAR,---,0,0,0,0,---,NO PLAY,---,2025-09-17 20:38
SINOBUZ,禍根,ORBITALIC FUTURE BASS,U1 overground,1,0,0,0,0,---,NO PLAY,---,5,0,0,0,---,NO PLAY,---,9,0,0,0,---,NO PLAY,---,11,2376,1076,224,5,EX HARD CLEAR,AAA,0,0,0,0,---,NO PLAY,---,2026-01-04 15:10
SINOBUZ,童話回廊,空想ファンタジーシリーズ,DJ TOTTO,2,0,0,0,0,---,NO PLAY,---,5,0,0,0,---,NO PLAY,---,9,0,0,0,---,NO PLAY,---,12,2836,1275,286,5,EX HARD CLEAR,AAA,0,0,0,0,---,NO PLAY,---,2026-01-17 15:24
SINOBUZ,鴉,CROSSBREED,L.E.D.-G,3,0,0,0,0,---,NO PLAY,---,7,0,0,0,---,NO PLAY,---,10,0,0,0,---,FULLCOMBO CLEAR,---,11,2539,1189,161,0,FULLCOMBO CLEAR,AAA,0,0,0,0,---,NO PLAY,---,2026-08-01 14:03
CANNON BALLERS,1001 -ESCAPE-,JAZZ ROCK,SOUND HOLIC feat. Nana Takahashi,4,0,0,0,0,---,NO PLAY,---,5,0,0,0,---,NO PLAY,---,8,0,0,0,---,NO PLAY,---,10,2425,1112,201,1,FULLCOMBO CLEAR,AAA,0,0,0,0,---,NO PLAY,---,2026-02-21 13:34
CANNON BALLERS,255,HYPER SPEED RAVE,255,39,0,0,0,0,---,NO PLAY,---,6,0,0,0,---,NO PLAY,---,9,0,0,0,---,NO PLAY,---,12,2822,1230,362,37,HARD CLEAR,AA,0,0,0,0,---,NO PLAY,---,2026-08-17 16:26
CANNON BALLERS,AA -rebuild-,RENAISSANCE,D.J.Amuro,3,0,0,0,0,---,NO PLAY,---,7,0,0,0,---,NO PLAY,---,10,0,0,0,---,FULLCOMBO CLEAR,---,12,3141,1398,345,8,EX HARD CLEAR,AA,0,0,0,0,---,NO PLAY,---,2026-03-12 15:07
CANNON BALLERS,Abraxas,DUBSTEP,SYUNN,2,0,0,0,0,---,NO PLAY,---,5,0,0,0,---,NO PLAY,---,9,0,0,0,---,NO PLAY,---,11,2244,1023,198,4,EX HARD CLEAR,AAA,0,0,0,0,---,NO PLAY,---,2026-02-16 14:22
CANNON BALLERS,ACCELERATE,SYNTH-TECH,Sota Fujimori,0,0,0,0,0,---,NO PLAY,---,6,0,0,0,---,NO PLAY,---,8,0,0,0,---,NO PLAY,---,10,0,0,0,---,FULLCOMBO CLEAR,---,0,0,0,0,---,NO PLAY,---,2025-09-17 20:38
CANNON BALLERS,Alpheratz,PIANO TRANCE,Xceon,7,0,0,0,0,---,NO PLAY,---,2,0,0,0,---,NO PLAY,---,5,0,0,0,---,NO PLAY,---,9,0,0,0,---,FULLCOMBO CLEAR,---,11,2693,1236,221,0,FULLCOMBO CLEAR,AAA,2026-07-12 12:14
CANNON BALLERS,Amor De Verao,熱帯 THE BASS,かめりあ feat. ななひら,1,0,0,0,0,---,NO PLAY,---,4,0,0,0,---,NO PLAY,---,8,0,0,0,---,NO PLAY,---,11,2127,959,209,1,FULLCOMBO CLEAR,AAA,0,0,0,0,---,NO PLAY,---,2026-02-28 13:35
CANNON BALLERS,ANAGMA,PSY TECH DANCE,C-Show,0,0,0,0,0,---,NO PLAY,---,5,0,0,0,---,NO PLAY,---,8,0,0,0,---,NO PLAY,---,10,0,0,0,---,FULLCOMBO CLEAR,---,0,0,0,0,---,NO PLAY,---,2025-09-17 20:38
CANNON BALLERS,ANCHOR,STYLISH CROSSOVER,BEMANI Sound Team "HuΣeR Vs. SYUNN",2,0,0,0,0,---,NO PLAY,---,7,0,0,0,---,NO PLAY,---,10,0,0,0,---,FULLCOMBO CLEAR,---,12,3193,1423,347,23,EX HARD CLEAR,AA,0,0,0,0,---,NO PLAY,---,2026-03-19 16:06
CANNON BALLERS,Antigravity,HARDCORE DANCE SPEED,t+pazolite,10,0,0,0,0,---,NO PLAY,---,6,0,0,0,---,NO PLAY,---,10,0,0,0,---,FULLCOMBO CLEAR,---,12,2623,1125,373,13,EX HARD CLEAR,AA,0,0,0,0,---,NO PLAY,---,2026-04-22 17:00
CANNON BALLERS,Arca,GENESIS,BEMANI Sound Team "Akhuta Works",9,0,0,0,0,---,NO PLAY,---,5,0,0,0,---,NO PLAY,---,9,0,0,0,---,NO PLAY,---,12,2877,1307,263,2,EX HARD CLEAR,AAA,0,0,0,0,---,NO PLAY,---,2026-08-07 21:07
CANNON BALLERS,Around the Future,CYBERCORE,Maozon vs. C-Show,2,0,0,0,0,---,NO PLAY,---,6,0,0,0,---,NO PLAY,---,9,0,0,0,---,NO PLAY,---,11,2392,1096,200,7,EX HARD CLEAR,AAA,0,0,0,0,---,NO PLAY,---,2026-01-19 13:15
CANNON BALLERS,Back Spin Sweeper,WAGON WHEEL TRANCE,DJ TOTTO,5,0,0,0,0,---,NO PLAY,---,6,0,0,0,---,NO PLAY,---,9,0,0,0,---,NO PLAY,---,11,2091,954,183,10,FULLCOMBO CLEAR,AAA,0,0,0,0,---,NO PLAY,---,2026-01-04 14:57
CANNON BALLERS,Battleground,SCHRANZ,kors k,3,0,0,0,0,---,NO PLAY,---,6,0,0,0,---,NO PLAY,---,9,0,0,0,---,NO PLAY,---,11,2497,1152,193,0,FULLCOMBO CLEAR,AAA,0,0,0,0,---,NO PLAY,---,2026-08-01 12:54
CANNON BALLERS,Be a Hero!,DIGITAL THRASH PUNK,中島由貴,4,0,0,0,0,---,NO PLAY,---,4,0,0,0,---,NO PLAY,---,9,0,0,0,---,NO PLAY,---,11,2878,1316,246,1,FULLCOMBO CLEAR,AAA,0,0,0,0,---,NO PLAY,---,2026-05-21 15:30
CANNON BALLERS,Best of Me,CYBER LIQUID FUNK,Maozon,1,0,0,0,0,---,NO PLAY,---,4,0,0,0,---,NO PLAY,---,8,0,0,0,---,NO PLAY,---,10,2077,966,145,0,FULLCOMBO CLEAR,AAA,0,0,0,0,---,NO PLAY,---,2025-10-26 13:44
CANNON BALLERS,Boomy and The Boost,NEO JUNGLE,Eagle,5,2,0,0,0,---,NO PLAY,---,6,0,0,0,---,NO PLAY,---,9,0,0,0,---,NO PLAY,---,12,3195,1438,319,13,EX HARD CLEAR,AA,0,0,0,0,---,NO PLAY,---,2026-07-12 12:32
CANNON BALLERS,Break Stasis,DRUMSTEP/HARDCORE,Hommarju & Akira Complex,1,0,0,0,0,---,NO PLAY,---,6,0,0,0,---,NO PLAY,---,9,0,0,0,---,NO PLAY,---,10,2390,1123,144,0,FULLCOMBO CLEAR,AAA,0,0,0,0,---,NO PLAY,---,2026-07-03 20:22
CANNON BALLERS,ChaserXX,CYBERNETICS PIANO HOUSE,HuΣeR,18,0,0,0,0,---,NO PLAY,---,6,0,0,0,---,NO PLAY,---,9,0,0,0,---,NO PLAY,---,11,2591,1164,263,2,FULLCOMBO CLEAR,AAA,12,3274,1414,446,34,HARD CLEAR,AA,2026-08-16 17:25
CANNON BALLERS,Chemical Cookie,FUTURE BASS,YUC'e,1,0,0,0,0,---,NO PLAY,---,5,0,0,0,---,NO PLAY,---,8,0,0,0,---,NO PLAY,---,10,1961,902,157,0,FULLCOMBO CLEAR,AAA,0,0,0,0,---,NO PLAY,---,2025-10-07 13:43
CANNON BALLERS,City Never Sleeps (IIDX Edition),DRUM&BASS,Dirty Androids,3,0,0,0,0,---,NO PLAY,---,7,0,0,0,---,NO PLAY,---,9,0,0,0,---,NO PLAY,---,11,2526,1190,146,1,FULLCOMBO CLEAR,AAA,0,0,0,0,---,NO PLAY,---,2026-07-25 17:39
CANNON BALLERS,COSMIC☆WONDER☆REVOLUTION,COSMIC POP,猫叉Master+,0,0,0,0,0,---,NO PLAY,---,4,0,0,0,---,NO PLAY,---,7,0,0,0,---,NO PLAY,---,9,0,0,0,---,FULLCOMBO CLEAR,---,0,0,0,0,---,NO PLAY,---,2025-09-17 20:38
CANNON BALLERS,DEADHEAT,HARDCORE,DJ Myosuke,3,0,0,0,0,---,NO PLAY,---,6,0,0,0,---,NO PLAY,---,10,0,0,0,---,FULLCOMBO CLEAR,---,12,3066,1395,276,18,EX HARD CLEAR,AAA,0,0,0,0,---,NO PLAY,---,2025-12-28 15:50
CANNON BALLERS,DEATH†ZIGOQ ～怒りの高速爆走野郎～,世紀末コア,L.E.D.ALiCE(DJ NAGAI Vs. BEMANI Sound Team "L.E.D.-G"),62,0,0,0,0,---,NO PLAY,---,7,0,0,0,---,NO PLAY,---,10,0,0,0,---,FULLCOMBO CLEAR,---,12,3476,1547,382,23,EX HARD CLEAR,AA,12,3585,1438,709,71,HARD CLEAR,A,2026-04-25 14:42
CANNON BALLERS,DropZ-Line-,PUMPCORE,Getty vs. DJ DiA,1,0,0,0,0,---,NO PLAY,---,7,0,0,0,---,NO PLAY,---,10,0,0,0,---,FULLCOMBO CLEAR,---,12,2810,1236,338,17,EX HARD CLEAR,AA,0,0,0,0,---,NO PLAY,---,2025-11-08 15:35
CANNON BALLERS,Eine Haube ～聖地の果てにあるもの～,VELLUM,AIKO OI,2,0,0,0,0,---,NO PLAY,---,5,0,0,0,---,NO PLAY,---,8,0,0,0,---,NO PLAY,---,11,2380,1097,186,9,EX HARD CLEAR,AAA,0,0,0,0,---,NO PLAY,---,2026-01-16 14:16
CANNON BALLERS,EMERALDAS,IRREGULAR DJENT STEP,BEMANI Sound Team "HuΣeR vs dj Hellix",7,3,0,0,0,---,NO PLAY,---,7,0,0,0,---,NO PLAY,---,11,2244,1028,188,16,EX HARD CLEAR,AAA,12,2927,1291,345,66,HARD CLEAR,AA,0,0,0,0,---,NO PLAY,---,2026-04-17 15:12
CANNON BALLERS,encounter,DRUM'N'BASS,猫叉Master+,1,0,0,0,0,---,NO PLAY,---,5,0,0,0,---,NO PLAY,---,9,0,0,0,---,NO PLAY,---,12,3015,1372,271,6,FULLCOMBO CLEAR,AAA,0,0,0,0,---,NO PLAY,---,2025-12-24 15:00
CANNON BALLERS,Exhaust Hype,HARD BASS HOUSE,DJ Noriken,1,0,0,0,0,---,NO PLAY,---,5,0,0,0,---,NO PLAY,---,9,0,0,0,---,NO PLAY,---,11,2575,1170,235,0,FULLCOMBO CLEAR,AAA,0,0,0,0,---,NO PLAY,---,2026-05-01 13:20
CANNON BALLERS,Expanded !!,MIDDLE EASTERN TWERK,BEMANI Sound Team "Expander",3,0,0,0,0,---,NO PLAY,---,4,0,0,0,---,NO PLAY,---,8,0,0,0,---,NO PLAY,---,10,2540,1221,98,1,FULLCOMBO CLEAR,AAA,0,0,0,0,---,NO PLAY,---,2026-01-16 13:40
CANNON BALLERS,Fervidex,ARTCORE,Feryquitous,6,0,0,0,0,---,NO PLAY,---,5,0,0,0,---,NO PLAY,---,9,0,0,0,---,NO PLAY,---,11,2591,1238,115,1,FULLCOMBO CLEAR,AAA,0,0,0,0,---,NO PLAY,---,2026-08-17 14:48
CANNON BALLERS,FREEDOM,HYPER DUBSTEP,USAO,4,0,0,0,0,---,NO PLAY,---,5,0,0,0,---,NO PLAY,---,8,0,0,0,---,NO PLAY,---,11,2765,1298,169,2,FULLCOMBO CLEAR,AAA,0,0,0,0,---,NO PLAY,---,2026-07-11 16:55
CANNON BALLERS,From Time To Time,TECH HOUSE,sanodg,0,0,0,0,0,---,NO PLAY,---,4,0,0,0,---,NO PLAY,---,9,0,0,0,---,NO PLAY,---,10,0,0,0,---,FULLCOMBO CLEAR,---,0,0,0,0,---,NO PLAY,---,2025-09-17 20:38
CANNON BALLERS,FUTURE is Dead,HOLIC,C-Show,1,0,0,0,0,---,NO PLAY,---,5,0,0,0,---,NO PLAY,---,8,0,0,0,---,FULLCOMBO CLEAR,---,11,2052,951,150,8,EX HARD CLEAR,AAA,0,0,0,0,---,NO PLAY,---,2025-10-09 18:08
CANNON BALLERS,Get Up! feat. Kanae Asaba,TROPICAL HOUSE,MK,0,0,0,0,0,---,NO PLAY,---,3,0,0,0,---,NO PLAY,---,7,0,0,0,---,NO PLAY,---,9,0,0,0,---,FULLCOMBO CLEAR,---,0,0,0,0,---,NO PLAY,---,2025-09-17 20:38
CANNON BALLERS,HAT TRICK,HANDZ STYLE,P*Light,2,0,0,0,0,---,NO PLAY,---,5,0,0,0,---,NO PLAY,---,8,0,0,0,---,NO PLAY,---,10,2043,941,161,0,FULLCOMBO CLEAR,AAA,0,0,0,0,---,NO PLAY,---,2025-12-14 14:13
CANNON BALLERS,Hella Deep,FREESTYLE,MASAYOSHI IIMORI,9,0,0,0,0,---,NO PLAY,---,4,0,0,0,---,NO PLAY,---,7,0,0,0,---,NO PLAY,---,10,1722,788,146,2,EX HARD CLEAR,AAA,0,0,0,0,---,NO PLAY,---,2026-06-27 12:52
CANNON BALLERS,HYPE THE CORE,GABBA,DJ CHUCKY,2,0,0,0,0,---,NO PLAY,---,6,0,0,0,---,NO PLAY,---,10,0,0,0,---,FULLCOMBO CLEAR,---,11,2790,1289,212,13,EX HARD CLEAR,AAA,0,0,0,0,---,NO PLAY,---,2026-01-12 15:33
CANNON BALLERS,I Love You,EURO TRANCE,O/iviA,1,0,0,0,0,---,NO PLAY,---,5,0,0,0,---,NO PLAY,---,9,0,0,0,---,NO PLAY,---,11,2524,1155,214,0,FULLCOMBO CLEAR,AAA,0,0,0,0,---,NO PLAY,---,2026-04-17 13:54
CANNON BALLERS,Illusionary Waterlily,EMOTIONAL RAVE EUPHORIA,DJ Noriken,2,0,0,0,0,---,NO PLAY,---,6,0,0,0,---,NO PLAY,---,10,0,0,0,---,FULLCOMBO CLEAR,---,12,3083,1355,373,27,EX HARD CLEAR,AA,0,0,0,0,---,NO PLAY,---,2026-01-12 16:17
CANNON BALLERS,Initiation,00's TECHNO,BEMANI Sound Team "謎の勢力",13,3,0,0,0,---,NO PLAY,---,7,0,0,0,---,NO PLAY,---,10,0,0,0,---,FULLCOMBO CLEAR,---,12,3347,1449,449,25,EX HARD CLEAR,AA,0,0,0,0,---,NO PLAY,---,2026-04-23 15:42
CANNON BALLERS,Life Is A Game ft.DD"ナカタ"Metal,UPTEMPO HARDCORE,RoughSketch,9,0,0,0,0,---,NO PLAY,---,6,0,0,0,---,NO PLAY,---,10,0,0,0,---,FULLCOMBO CLEAR,---,12,3152,1445,262,16,EX HARD CLEAR,AA,0,0,0,0,---,NO PLAY,---,2026-07-26 14:43
CANNON BALLERS,LUV DRIVE,POPCORE,RoughSketch feat.Aikapin,0,0,0,0,0,---,NO PLAY,---,5,0,0,0,---,NO PLAY,---,7,0,0,0,---,NO PLAY,---,10,0,0,0,---,FULLCOMBO CLEAR,---,0,0,0,0,---,NO PLAY,---,2025-09-17 20:38
CANNON BALLERS,MAXIVCORD,ADMIRABLE,BEMANI Sound Team "dj TAKA",2,0,0,0,0,---,NO PLAY,---,5,0,0,0,---,NO PLAY,---,9,0,0,0,---,NO PLAY,---,11,2278,1043,192,2,FULLCOMBO CLEAR,AAA,0,0,0,0,---,NO PLAY,---,2026-02-02 14:48
CANNON BALLERS,Midnight Lady,NU 80's DISCO FUNK,Dirty Androids,1,0,0,0,0,---,NO PLAY,---,4,0,0,0,---,NO PLAY,---,6,0,0,0,---,NO PLAY,---,9,1781,813,155,2,FULLCOMBO CLEAR,AAA,0,0,0,0,---,NO PLAY,---,2025-12-01 12:13
CANNON BALLERS,n'pa pa BBQ,FUTURE TERROR,YUC'e,3,0,0,0,0,---,NO PLAY,---,4,0,0,0,---,NO PLAY,---,8,0,0,0,---,NO PLAY,---,11,2511,1131,249,1,FULLCOMBO CLEAR,AAA,0,0,0,0,---,NO PLAY,---,2026-08-07 20:24
CANNON BALLERS,NITROUS CANNON,MACHINEGUN PSYSTYLE,かめりあ,2,0,0,0,0,---,NO PLAY,---,7,0,0,0,---,NO PLAY,---,10,0,0,0,---,FULLCOMBO CLEAR,---,12,3149,1375,399,21,EX HARD CLEAR,AA,0,0,0,0,---,NO PLAY,---,2026-04-09 14:57
CANNON BALLERS,No Limit 2 dAnce feat. 大山愛未,HYPER TECHNO,Y&Co.,1,0,0,0,0,---,NO PLAY,---,5,0,0,0,---,NO PLAY,---,8,0,0,0,---,NO PLAY,---,11,2137,974,189,2,FULLCOMBO CLEAR,AAA,0,0,0,0,---,NO PLAY,---,2026-03-05 14:14
CANNON BALLERS,Nothing but Theory,ULTRA JAZZFUNKTION,lapix,3,0,0,0,0,---,NO PLAY,---,5,0,0,0,---,NO PLAY,---,8,0,0,0,---,NO PLAY,---,11,2614,1204,206,1,FULLCOMBO CLEAR,AAA,12,3387,1538,311,4,EX HARD CLEAR,AAA,2026-01-15 16:54
CANNON BALLERS,O/D*20,TECHNO,Ryu*,6,0,0,0,0,---,NO PLAY,---,6,0,0,0,---,NO PLAY,---,8,0,0,0,---,NO PLAY,---,10,1972,913,146,0,FULLCOMBO CLEAR,AAA,12,3414,1510,394,24,EX HARD CLEAR,AA,2026-06-27 12:21
CANNON BALLERS,Only for now,PSYCHDELIC TRANCE,RINA SOUND PRODUCE : KAZUYA TAKASE,0,0,0,0,0,---,NO PLAY,---,4,0,0,0,---,NO PLAY,---,8,0,0,0,---,NO PLAY,---,10,0,0,0,---,FULLCOMBO CLEAR,---,0,0,0,0,---,NO PLAY,---,2025-09-17 20:38
CANNON BALLERS,Papilio ulysses,DRUMSTEP,BEMANI Sound Team "SYUNN",4,0,0,0,0,---,NO PLAY,---,7,0,0,0,---,NO PLAY,---,10,0,0,0,---,FULLCOMBO CLEAR,---,12,2638,1169,300,7,EX HARD CLEAR,AA,0,0,0,0,---,NO PLAY,---,2026-04-14 14:30
CANNON BALLERS,Persephone,HARDSTYLE,Massive New Krew,3,0,0,0,0,---,NO PLAY,---,6,0,0,0,---,NO PLAY,---,9,0,0,0,---,NO PLAY,---,12,2709,1227,255,12,EX HARD CLEAR,AA,0,0,0,0,---,NO PLAY,---,2026-01-16 16:04
CANNON BALLERS,Rampage,HARDCORE,USAO,3,0,0,0,0,---,NO PLAY,---,6,0,0,0,---,NO PLAY,---,10,0,0,0,---,FULLCOMBO CLEAR,---,12,3385,1576,233,6,EX HARD CLEAR,AAA,0,0,0,0,---,NO PLAY,---,2026-08-02 18:36
CANNON BALLERS,Raspberry Railgun,PANIC FUSION,OSTER project,6,0,0,0,0,---,NO PLAY,---,7,0,0,0,---,NO PLAY,---,10,0,0,0,---,FULLCOMBO CLEAR,---,12,2882,1304,274,1,FULLCOMBO CLEAR,AAA,0,0,0,0,---,NO PLAY,---,2026-06-27 14:15
CANNON BALLERS,REVOLVER,Hi-TECHDANCE,sky_delta,14,0,0,0,0,---,NO PLAY,---,5,0,0,0,---,NO PLAY,---,8,0,0,0,---,NO PLAY,---,11,2504,1122,260,4,FULLCOMBO CLEAR,AAA,12,2857,1232,393,14,EX HARD CLEAR,AA,2026-07-03 22:03
CANNON BALLERS,Sleepless days,THE WORLD EVOLVE,猫叉Master feat.Mayumi Morinaga,1,0,0,0,0,---,NO PLAY,---,4,0,0,0,---,NO PLAY,---,6,0,0,0,---,NO PLAY,---,9,1561,773,15,0,FULLCOMBO CLEAR,AAA,0,0,0,0,---,NO PLAY,---,2026-01-17 13:12
CANNON BALLERS,Slipstream,FUTURE CORE,lapix,1,0,0,0,0,---,NO PLAY,---,5,0,0,0,---,NO PLAY,---,9,0,0,0,---,NO PLAY,---,12,3200,1441,318,23,EX HARD CLEAR,AA,0,0,0,0,---,NO PLAY,---,2025-12-13 15:46
CANNON BALLERS,SPEED DEMON,HARDTEK,GUHROOVY feat. NO+CHIN,3,0,0,0,0,---,NO PLAY,---,5,0,0,0,---,NO PLAY,---,8,0,0,0,---,NO PLAY,---,10,2147,983,181,2,FULLCOMBO CLEAR,AAA,0,0,0,0,---,NO PLAY,---,2026-03-23 11:43
CANNON BALLERS,STARLIGHT JUNCTION,HEAV'NLY TRANCE,SOUND HOLIC feat. Nana Takahashi,4,0,0,0,0,---,NO PLAY,---,4,0,0,0,---,NO PLAY,---,8,0,0,0,---,NO PLAY,---,10,2096,954,188,1,FULLCOMBO CLEAR,AAA,11,2720,1271,178,1,FULLCOMBO CLEAR,AAA,2026-08-02 13:30
CANNON BALLERS,Static State,ELECTRO TRANCE,Nhato,5,0,0,0,0,---,NO PLAY,---,6,0,0,0,---,NO PLAY,---,9,0,0,0,---,NO PLAY,---,10,2191,992,207,1,FULLCOMBO CLEAR,AAA,0,0,0,0,---,NO PLAY,---,2026-03-09 14:20
CANNON BALLERS,Temple of Anubis,PSYSTYLE,Massive New Krew,3,0,0,0,0,---,NO PLAY,---,5,0,0,0,---,NO PLAY,---,8,0,0,0,---,NO PLAY,---,11,2436,1123,190,6,EX HARD CLEAR,AAA,0,0,0,0,---,NO PLAY,---,2026-08-17 14:43
CANNON BALLERS,THE CANNONBALLER,EUROBEAT,L.E.D. feat. YURiCa/花たん,3,2,0,0,0,---,NO PLAY,---,6,0,0,0,---,NO PLAY,---,10,0,0,0,---,FULLCOMBO CLEAR,---,11,3173,1462,249,5,EX HARD CLEAR,AAA,0,0,0,0,---,NO PLAY,---,2026-03-15 15:47
CANNON BALLERS,The Chase,TECH BREAKS,DJ Mass MAD Izm*,18,0,0,0,0,---,NO PLAY,---,5,0,0,0,---,NO PLAY,---,10,1152,485,182,12,EX HARD CLEAR,AA,12,1840,758,324,33,HARD CLEAR,AA,0,0,0,0,---,NO PLAY,---,2026-07-08 21:03
CANNON BALLERS,UMMU,OSHARave,t+pazolite,2,2,0,0,0,---,NO PLAY,---,6,0,0,0,---,NO PLAY,---,10,0,0,0,---,FULLCOMBO CLEAR,---,11,2784,1250,284,9,EX HARD CLEAR,AA,0,0,0,0,---,NO PLAY,---,2026-01-12 15:23
CANNON BALLERS,Usual Days-remix,DANCE POP,ota2,1,0,0,0,0,---,NO PLAY,---,5,0,0,0,---,NO PLAY,---,9,0,0,0,---,NO PLAY,---,11,2441,1111,219,10,FULLCOMBO CLEAR,AAA,0,0,0,0,---,NO PLAY,---,2026-02-02 15:11
CANNON BALLERS,Xperanza,HYBRID HARDCORE,aran,1,3,0,0,0,---,NO PLAY,---,7,0,0,0,---,NO PLAY,---,10,0,0,0,---,FULLCOMBO CLEAR,---,12,2959,1367,225,27,EX HARD CLEAR,AAA,0,0,0,0,---,NO PLAY,---,2025-10-12 14:03
CANNON BALLERS,うさ☆かめ 大戦争！,プログレッシブ徒競走,ARM×狐夢想 feat. I've : 柚子乃 & RINA,2,0,0,0,0,---,NO PLAY,---,6,0,0,0,---,NO PLAY,---,8,0,0,0,---,NO PLAY,---,11,2329,1065,199,2,FULLCOMBO CLEAR,AAA,0,0,0,0,---,NO PLAY,---,2026-02-24 14:08
CANNON BALLERS,エディブルフラワーの独白,HARD FRENCH,OSTER project feat. 常盤ゆう,1,0,0,0,0,---,NO PLAY,---,4,0,0,0,---,NO PLAY,---,8,0,0,0,---,NO PLAY,---,10,2099,996,107,2,FULLCOMBO CLEAR,AAA,0,0,0,0,---,NO PLAY,---,2025-12-24 13:17
CANNON BALLERS,シムルグの目醒め,NATURE,BEMANI Sound Team "DJ TOTTO" feat.rionos,26,0,0,0,0,---,NO PLAY,---,7,0,0,0,---,NO PLAY,---,10,0,0,0,---,FULLCOMBO CLEAR,---,12,2910,1259,392,47,HARD CLEAR,AA,0,0,0,0,---,NO PLAY,---,2026-08-17 17:25
CANNON BALLERS,ナイトシティー・アヴァンチュール,歌謡ニューウェーブ,森永真由美,0,0,0,0,0,---,NO PLAY,---,5,0,0,0,---,NO PLAY,---,7,0,0,0,---,NO PLAY,---,9,0,0,0,---,FULLCOMBO CLEAR,---,0,0,0,0,---,NO PLAY,---,2025-09-17 20:38
CANNON BALLERS,ハイ*ビスカス ft. Kanae Asaba,YANKEE CAR J TRANCE,Xceon,0,0,0,0,0,---,NO PLAY,---,4,0,0,0,---,NO PLAY,---,7,0,0,0,---,NO PLAY,---,10,0,0,0,---,FULLCOMBO CLEAR,---,0,0,0,0,---,NO PLAY,---,2025-09-17 20:38
CANNON BALLERS,バ→ビ→ブ→Bomb!,電波ソング,ヒゲドライバー join. 新菜まこ & 松平なな,1,0,0,0,0,---,NO PLAY,---,5,0,0,0,---,NO PLAY,---,9,0,0,0,---,NO PLAY,---,11,2343,1070,203,2,FULLCOMBO CLEAR,AAA,0,0,0,0,---,NO PLAY,---,2025-10-18 16:22
CANNON BALLERS,バスルーム ロマンス,CLASSIC MOTIF,BEMANI Sound Team "Saori Watanabe",0,0,0,0,0,---,NO PLAY,---,5,0,0,0,---,NO PLAY,---,8,0,0,0,---,NO PLAY,---,10,0,0,0,---,FULLCOMBO CLEAR,---,0,0,0,0,---,NO PLAY,---,2025-09-17 20:38
CANNON BALLERS,パラドキシカル・タイムリープトライアル(Short Ver.),AKIBA-POP,MOSAIC.WAV,1,0,0,0,0,---,NO PLAY,---,5,0,0,0,---,NO PLAY,---,9,0,0,0,---,NO PLAY,---,11,2589,1188,213,1,FULLCOMBO CLEAR,AAA,0,0,0,0,---,NO PLAY,---,2025-12-21 14:55
CANNON BALLERS,ラストセンチュリーメランコリック,FUTURE J-POP,DJ Taku aka ☆Taku Takahashi (m-flo),2,0,0,0,0,---,NO PLAY,---,5,0,0,0,---,NO PLAY,---,8,0,0,0,---,NO PLAY,---,10,2029,937,155,1,FULLCOMBO CLEAR,AAA,0,0,0,0,---,NO PLAY,---,2025-12-24 13:50
CANNON BALLERS,共犯ヘヴンズコード,ELEGANT SWING,D-Evoke（与那嶺雅人/小日向翔）,0,0,0,0,0,---,NO PLAY,---,3,0,0,0,---,NO PLAY,---,7,0,0,0,---,NO PLAY,---,10,0,0,0,---,FULLCOMBO CLEAR,---,0,0,0,0,---,NO PLAY,---,2025-09-17 20:38
CANNON BALLERS,命の標本,STRANGE WORLD MUSIC,志方あきこ,4,0,0,0,0,---,NO PLAY,---,4,0,0,0,---,NO PLAY,---,8,0,0,0,---,NO PLAY,---,11,2467,1127,213,4,FULLCOMBO CLEAR,AAA,0,0,0,0,---,NO PLAY,---,2026-08-01 13:47
CANNON BALLERS,東京神話,ORBITALIC GABBER STEP,DJ TECHNORCH feat.宇宙★海月 vs BEMANI Sound Team "U1-ASAMi",37,2,0,0,0,---,NO PLAY,---,6,0,0,0,---,NO PLAY,---,9,0,0,0,---,NO PLAY,---,12,2462,1084,294,21,EX HARD CLEAR,AA,0,0,0,0,---,NO PLAY,---,2026-06-20 15:00
CANNON BALLERS,神謳 -RESONANCE-,Hi-MYTH,SOUND HOLIC feat. Nana Takahashi Vs.GOD PHOENIX Prim,3,0,0,0,0,---,NO PLAY,---,7,0,0,0,---,NO PLAY,---,10,0,0,0,---,FULLCOMBO CLEAR,---,12,3653,1661,331,9,EX HARD CLEAR,AAA,0,0,0,0,---,NO PLAY,---,2026-03-26 12:38
CANNON BALLERS,純真可憐デザイア,EMOTIONAL ROCK,BEMANI Sound Team "HuΣeR" feat.Fernweh,4,1,0,0,0,---,NO PLAY,---,4,0,0,0,---,NO PLAY,---,8,0,0,0,---,NO PLAY,---,10,2247,1080,87,0,FULLCOMBO CLEAR,AAA,11,2803,1321,161,0,FULLCOMBO CLEAR,AAA,2026-01-15 15:45
CANNON BALLERS,草原の王女-軌跡を辿って-,JOURNEY SCENE,劇団レコード,1,0,0,0,0,---,NO PLAY,---,3,0,0,0,---,NO PLAY,---,7,0,0,0,---,NO PLAY,---,10,2121,968,185,2,FULLCOMBO CLEAR,AAA,0,0,0,0,---,NO PLAY,---,2026-08-02 13:42
Rootage,& Intelligence,MEGA MIX,lapix,3,0,0,0,0,---,NO PLAY,---,5,0,0,0,---,NO PLAY,---,9,0,0,0,---,NO PLAY,---,11,2912,1316,280,13,EX HARD CLEAR,AAA,0,0,0,0,---,NO PLAY,---,2026-06-10 15:32
Rootage,50th Memorial Songs -Beginning Story-,ANNIVERSARY,BEMANI Sound Team,1,2,0,0,0,---,NO PLAY,---,4,0,0,0,---,NO PLAY,---,8,0,0,0,---,NO PLAY,---,10,2379,1040,299,3,FULLCOMBO CLEAR,AA,0,0,0,0,---,NO PLAY,---,2026-08-02 14:06
Rootage,50th Memorial Songs -Flagship medley-,ANNIVERSARY,BEMANI Sound Team,1,2,0,0,0,---,NO PLAY,---,5,0,0,0,---,NO PLAY,---,8,0,0,0,---,NO PLAY,---,10,2079,950,179,2,FULLCOMBO CLEAR,AAA,0,0,0,0,---,NO PLAY,---,2025-10-26 13:58
Rootage,50th Memorial Songs -The BEMANI History-,ANNIVERSARY,BEMANI Sound Team,2,3,0,0,0,---,NO PLAY,---,5,0,0,0,---,NO PLAY,---,9,0,0,0,---,NO PLAY,---,11,2398,1078,242,2,EX HARD CLEAR,AAA,0,0,0,0,---,NO PLAY,---,2026-06-03 14:08
Rootage,50th Memorial Songs -二人の時 ～under the cherry blossoms～-,ANNIVERSARY,BEMANI Sound Team,3,3,0,0,0,---,NO PLAY,---,5,0,0,0,---,NO PLAY,---,8,0,0,0,---,NO PLAY,---,10,2494,1188,118,1,FULLCOMBO CLEAR,AAA,0,0,0,0,---,NO PLAY,---,2025-11-09 14:00
Rootage,Afterimage d'automne,ASYMMETRY ART,BEMANI Sound Team "猫叉劇団",4,0,0,0,0,---,NO PLAY,---,6,0,0,0,---,NO PLAY,---,9,0,0,0,---,NO PLAY,---,11,2640,1190,260,2,FULLCOMBO CLEAR,AAA,0,0,0,0,---,NO PLAY,---,2026-07-12 11:50
Rootage,BLACK JACKAL,DANCE MUSIC,Akira Complex,1,0,0,0,0,---,NO PLAY,---,5,0,0,0,---,NO PLAY,---,8,0,0,0,---,NO PLAY,---,10,2106,940,226,1,FULLCOMBO CLEAR,AAA,0,0,0,0,---,NO PLAY,---,2025-10-07 14:12
Rootage,BLOSSOM,BLOOM TRANCE,BEMANI Sound Team "TAG",4,0,0,0,0,---,NO PLAY,---,5,0,0,0,---,NO PLAY,---,8,0,0,0,---,NO PLAY,---,10,2328,1059,210,2,FULLCOMBO CLEAR,AAA,0,0,0,0,---,NO PLAY,---,2026-06-04 16:52
Rootage,Carmina,SYMPHONIC TRANCECORE,CANVAS feat. Quimar,2,3,0,0,0,---,NO PLAY,---,6,0,0,0,---,NO PLAY,---,10,0,0,0,---,FULLCOMBO CLEAR,---,12,3199,1370,459,50,HARD CLEAR,AA,0,0,0,0,---,NO PLAY,---,2026-04-11 16:54
Rootage,Carry Me Away,FUTURE CORE,lapix,1,3,0,0,0,---,NO PLAY,---,7,0,0,0,---,NO PLAY,---,9,0,0,0,---,NO PLAY,---,12,2911,1326,259,9,EX HARD CLEAR,AAA,0,0,0,0,---,NO PLAY,---,2025-12-28 15:33
Rootage,Catch Our Fire!,MARVELOUS CHEER,中島由貴,1,0,0,0,0,---,NO PLAY,---,6,0,0,0,---,NO PLAY,---,10,0,0,0,---,FULLCOMBO CLEAR,---,12,3309,1473,363,8,EX HARD CLEAR,AA,0,0,0,0,---,NO PLAY,---,2025-12-30 12:56
Rootage,CODE:0,BIG BEAT,BEMANI Sound Team "HEXA",31,0,0,0,0,---,NO PLAY,---,5,0,0,0,---,NO PLAY,---,9,0,0,0,---,NO PLAY,---,11,2655,1217,221,8,EX HARD CLEAR,AAA,12,3016,1285,446,18,HARD CLEAR,AA,2026-08-16 17:03
Rootage,CoMAAAAAAA,UPLIFTING ETHNIC,Ryu☆,23,0,0,0,0,---,NO PLAY,---,6,0,0,0,---,NO PLAY,---,9,0,0,0,---,NO PLAY,---,10,2296,1091,114,1,FULLCOMBO CLEAR,AAA,12,3535,1635,265,19,EX HARD CLEAR,AAA,2026-07-03 20:28
Rootage,COSMIC CYBER,BIGCORE,BEMANI Sound Team "Captain Sonic",2,0,0,0,0,---,NO PLAY,---,5,0,0,0,---,NO PLAY,---,9,0,0,0,---,NO PLAY,---,11,2701,1247,207,1,FULLCOMBO CLEAR,AAA,0,0,0,0,---,NO PLAY,---,2026-05-18 13:43
Rootage,Cranberry City ft. Luschel,GARAGE,lapix,0,0,0,0,0,---,NO PLAY,---,5,0,0,0,---,NO PLAY,---,8,0,0,0,---,NO PLAY,---,10,0,0,0,---,FULLCOMBO CLEAR,---,0,0,0,0,---,NO PLAY,---,2025-09-17 20:38
Rootage,dAuntl3ss,HARDER DANCE MUSIC,DJ Noriken,8,0,0,0,0,---,NO PLAY,---,6,0,0,0,---,NO PLAY,---,10,0,0,0,---,FULLCOMBO CLEAR,---,12,3129,1400,329,7,EX HARD CLEAR,AA,0,0,0,0,---,NO PLAY,---,2026-07-25 17:32
Rootage,Dr. Chemical & Killing Machine,INDUSTRIAL TECHNO,Hommarju,6,0,0,0,0,---,NO PLAY,---,5,0,0,0,---,NO PLAY,---,9,0,0,0,---,NO PLAY,---,12,3080,1414,252,5,FULLCOMBO CLEAR,AAA,0,0,0,0,---,NO PLAY,---,2026-03-19 15:45
Rootage,Drastic Dramatic,8BARS,KING & Princess,7,0,0,0,0,---,NO PLAY,---,7,0,0,0,---,NO PLAY,---,10,0,0,0,---,FULLCOMBO CLEAR,---,12,3162,1432,298,3,EX HARD CLEAR,AAA,0,0,0,0,---,NO PLAY,---,2026-08-17 15:29
Rootage,DRUNK MONKY,MINIMAL,DJ ODDBALL,7,0,0,0,0,---,NO PLAY,---,7,0,0,0,---,NO PLAY,---,10,0,0,0,---,FULLCOMBO CLEAR,---,12,1993,883,227,16,EX HARD CLEAR,AA,0,0,0,0,---,NO PLAY,---,2025-12-24 14:52
Rootage,Ember Lights,FUSION TRANCE,Nhato,2,0,0,0,0,---,NO PLAY,---,5,0,0,0,---,NO PLAY,---,9,0,0,0,---,NO PLAY,---,11,2510,1151,208,1,FULLCOMBO CLEAR,AAA,12,2832,1282,268,8,EX HARD CLEAR,AAA,2026-01-08 14:06
Rootage,EVANESCENT,PROGRESSIVE ROCK,SOUND HOLIC feat. Nana Takahashi,2,0,0,0,0,---,NO PLAY,---,6,0,0,0,---,NO PLAY,---,10,0,0,0,---,FULLCOMBO CLEAR,---,12,3145,1389,367,8,EX HARD CLEAR,AA,0,0,0,0,---,NO PLAY,---,2026-03-26 13:11
Rootage,Garuda,JUKE/FOOTWORK,kors k,1,0,0,0,0,---,NO PLAY,---,5,0,0,0,---,NO PLAY,---,9,0,0,0,---,NO PLAY,---,11,2384,1089,206,10,EX HARD CLEAR,AAA,0,0,0,0,---,NO PLAY,---,2026-03-12 14:25
Rootage,Geirskogul,CYBER DRUMSTEP,Maozon,2,0,0,0,0,---,NO PLAY,---,5,0,0,0,---,NO PLAY,---,8,0,0,0,---,NO PLAY,---,10,2103,979,145,0,FULLCOMBO CLEAR,AAA,0,0,0,0,---,NO PLAY,---,2025-11-01 14:38
Rootage,GENE,TECHNO GRAFFITI,VINCENT GANATCH,22,0,0,0,0,---,NO PLAY,---,7,0,0,0,---,FULLCOMBO CLEAR,---,10,0,0,0,---,FULLCOMBO CLEAR,---,12,3899,1771,357,4,EX HARD CLEAR,AAA,12,3088,1354,380,15,EX HARD CLEAR,AA,2026-08-17 15:18
Rootage,GIGA THRASH,DUBSTEP,Blacklolita,1,0,0,0,0,---,NO PLAY,---,6,0,0,0,---,NO PLAY,---,9,0,0,0,---,NO PLAY,---,11,2545,1172,201,1,FULLCOMBO CLEAR,AAA,0,0,0,0,---,NO PLAY,---,2026-02-13 16:31
Rootage,Glory,EDM,kradness,0,0,0,0,0,---,NO PLAY,---,4,0,0,0,---,NO PLAY,---,7,0,0,0,---,NO PLAY,---,9,0,0,0,---,FULLCOMBO CLEAR,---,0,0,0,0,---,NO PLAY,---,2025-09-17 20:38
Rootage,GO OVER WITH GLARE -ROOTAGE 26-,HARDSTYLE,BEMANI Sound Team "L.E.D.-G",6,0,0,0,0,---,NO PLAY,---,6,0,0,0,---,NO PLAY,---,10,0,0,0,---,FULLCOMBO CLEAR,---,12,3508,1605,298,34,HARD CLEAR,AA,0,0,0,0,---,NO PLAY,---,2026-08-17 17:12
Rootage,HARD BRAIN,HARD TECHNO,AJURIKA,10,0,0,0,0,---,NO PLAY,---,6,0,0,0,---,NO PLAY,---,9,0,0,0,---,NO PLAY,---,12,3397,1524,349,5,EX HARD CLEAR,AA,0,0,0,0,---,NO PLAY,---,2026-06-11 15:59
Rootage,HEISEI,ELECTRONIC RHAPSODY,BEMANI Sound Team "dj TAKA",2,2,0,0,0,---,NO PLAY,---,6,0,0,0,---,NO PLAY,---,10,0,0,0,---,FULLCOMBO CLEAR,---,11,2406,1130,146,3,FULLCOMBO CLEAR,AAA,0,0,0,0,---,NO PLAY,---,2026-03-14 15:03
Rootage,Hurry Hurry,RAVE SXXX,Masayoshi Iimori,0,0,0,0,0,---,NO PLAY,---,4,0,0,0,---,NO PLAY,---,6,0,0,0,---,NO PLAY,---,9,0,0,0,---,FULLCOMBO CLEAR,---,0,0,0,0,---,NO PLAY,---,2025-09-17 20:38
Rootage,IDC feat.REVERBEE (Mo'Cuts Ver),TECH-BREAKS,DJ Mass MAD Izm*,2,0,0,0,0,---,NO PLAY,---,7,0,0,0,---,NO PLAY,---,9,0,0,0,---,NO PLAY,---,11,1918,817,284,17,EX HARD CLEAR,AA,0,0,0,0,---,NO PLAY,---,2026-01-29 13:26
Rootage,IDOL syndrome.,PSYCHEDELIC ROCK,RINA,2,0,0,0,0,---,NO PLAY,---,4,0,0,0,---,NO PLAY,---,7,0,0,0,---,NO PLAY,---,10,2038,937,164,0,FULLCOMBO CLEAR,AAA,11,2743,1257,229,13,EX HARD CLEAR,AAA,2026-07-08 19:29
Rootage,KILL EACH OTHER,PSYSTYLE,BEMANI Sound Team "L.E.D. VS. L.E.D.-G",10,0,0,0,0,---,NO PLAY,---,7,0,0,0,---,NO PLAY,---,10,0,0,0,---,FULLCOMBO CLEAR,---,12,3404,1532,340,15,EX HARD CLEAR,AA,0,0,0,0,---,NO PLAY,---,2026-07-03 22:16
Rootage,L.F.O,UK HARDCORE,aran,4,0,0,0,0,---,NO PLAY,---,5,0,0,0,---,NO PLAY,---,9,0,0,0,---,NO PLAY,---,12,2937,1307,323,3,EX HARD CLEAR,AA,0,0,0,0,---,NO PLAY,---,2026-03-21 14:39
Rootage,LADYBIRD,GLITCH HOP,YUC'e,2,0,0,0,0,---,NO PLAY,---,7,0,0,0,---,NO PLAY,---,9,0,0,0,---,NO PLAY,---,11,2252,1025,202,9,EX HARD CLEAR,AAA,0,0,0,0,---,NO PLAY,---,2026-04-09 14:09
Rootage,Let me be your cure,ELECTRIC DANCE ROCK,Pizuya's Cell,1,0,0,0,0,---,NO PLAY,---,5,0,0,0,---,NO PLAY,---,7,0,0,0,---,NO PLAY,---,10,2539,1201,137,0,FULLCOMBO CLEAR,AAA,0,0,0,0,---,NO PLAY,---,2026-07-03 20:26
Rootage,Lethal Weapon,RECKLESS HARDCORE,BEMANI Sound Team "HuΣeR",5,0,0,0,0,---,NO PLAY,---,6,0,0,0,---,NO PLAY,---,9,0,0,0,---,NO PLAY,---,12,2935,1357,221,16,EX HARD CLEAR,AAA,0,0,0,0,---,NO PLAY,---,2025-12-30 14:43
Rootage,Level One,Drumstep / DnB,Yamato,27,0,0,0,0,---,NO PLAY,---,6,0,0,0,---,NO PLAY,---,10,0,0,0,---,FULLCOMBO CLEAR,---,12,2953,1237,479,49,HARD CLEAR,AA,0,0,0,0,---,NO PLAY,---,2026-08-01 15:33
Rootage,Lift Us High,MELODIC TRANCE,BEMANI Sound Team "Sota Fujimori",1,0,0,0,0,---,NO PLAY,---,5,0,0,0,---,NO PLAY,---,8,0,0,0,---,NO PLAY,---,10,2286,1052,182,5,FULLCOMBO CLEAR,AAA,0,0,0,0,---,NO PLAY,---,2026-07-26 14:04
Rootage,LOST TECHNOLOGIE,TECHNO,かめりあ,2,0,0,0,0,---,NO PLAY,---,5,0,0,0,---,NO PLAY,---,9,0,0,0,---,NO PLAY,---,12,3014,1309,396,15,EX HARD CLEAR,AA,0,0,0,0,---,NO PLAY,---,2026-02-28 14:11
Rootage,Macho Monky,JUNGLE TERROR,kors k,9,0,0,0,0,---,NO PLAY,---,6,0,0,0,---,NO PLAY,---,10,2014,910,194,1,FULLCOMBO CLEAR,AAA,12,2681,1177,327,21,EX HARD CLEAR,AA,0,0,0,0,---,NO PLAY,---,2026-05-18 13:03
Rootage,Necroxis Girl,GLITCH DUBSTEP,BEMANI Sound Team "HuΣeR",2,0,0,0,0,---,NO PLAY,---,6,0,0,0,---,NO PLAY,---,9,0,0,0,---,NO PLAY,---,11,2559,1149,261,8,EX HARD CLEAR,AA,0,0,0,0,---,NO PLAY,---,2026-06-18 21:19
Rootage,Next Tales 2 Oath (IIDX 20th Anniv "Ring" Theme),THEME SONG,Hommarju,1,0,0,0,0,---,NO PLAY,---,5,0,0,0,---,NO PLAY,---,9,0,0,0,---,NO PLAY,---,11,2489,1143,203,3,FULLCOMBO CLEAR,AAA,0,0,0,0,---,NO PLAY,---,2026-02-02 14:43
Rootage,Night! Night! Night!,EURO DYNAMITE,MM,1,0,0,0,0,---,NO PLAY,---,6,0,0,0,---,NO PLAY,---,9,0,0,0,---,NO PLAY,---,11,2773,1261,251,1,FULLCOMBO CLEAR,AAA,0,0,0,0,---,NO PLAY,---,2026-02-28 13:29
Rootage,ONIGOROSHI,TOKYO STYLE SPEEDCORE,m1dy,4,0,0,0,0,---,NO PLAY,---,6,0,0,0,---,NO PLAY,---,10,0,0,0,---,FULLCOMBO CLEAR,---,12,2604,1151,302,13,EX HARD CLEAR,AA,0,0,0,0,---,NO PLAY,---,2026-06-04 17:26
Rootage,OVER TIME,ELECTRO POP,空中分解feat.アンテナガール,4,0,0,0,0,---,NO PLAY,---,3,0,0,0,---,NO PLAY,---,5,0,0,0,---,NO PLAY,---,8,0,0,0,---,FULLCOMBO CLEAR,---,10,1945,934,77,0,FULLCOMBO CLEAR,AAA,2026-01-19 14:06
Rootage,Painful Fate,DRUM'N'BASS,BEMANI Sound Team "猫叉Master",3,0,0,0,0,---,NO PLAY,---,7,0,0,0,---,NO PLAY,---,10,0,0,0,---,FULLCOMBO CLEAR,---,12,2963,1321,321,25,EX HARD CLEAR,AA,0,0,0,0,---,NO PLAY,---,2026-07-05 16:08
Rootage,Playing With Fire,SPEED RAVE,kors k,1,0,0,0,0,---,NO PLAY,---,6,0,0,0,---,NO PLAY,---,9,0,0,0,---,NO PLAY,---,11,2147,972,203,6,EX HARD CLEAR,AAA,0,0,0,0,---,NO PLAY,---,2026-01-07 14:50
Rootage,Psycho Sheep Riddim,RIDDIM DUBSTEP,BEMANI Sound Team "SYUNN",2,0,0,0,0,---,NO PLAY,---,3,0,0,0,---,NO PLAY,---,7,0,0,0,---,NO PLAY,---,9,0,0,0,---,FULLCOMBO CLEAR,---,11,2057,928,201,2,FULLCOMBO CLEAR,AAA,2025-12-26 15:30
Rootage,Red. by Jack Trance,TECH-BREAKS,DJ Mass MAD Izm*,10,0,0,0,0,---,NO PLAY,---,7,0,0,0,---,NO PLAY,---,10,2002,890,222,8,EX HARD CLEAR,AAA,12,2912,1239,434,50,HARD CLEAR,AA,0,0,0,0,---,NO PLAY,---,2026-07-08 21:17
Rootage,REPLAY,TECHNO,SLAKE,3,0,0,0,0,---,NO PLAY,---,4,0,0,0,---,NO PLAY,---,8,0,0,0,---,NO PLAY,---,10,2111,975,161,1,FULLCOMBO CLEAR,AAA,0,0,0,0,---,NO PLAY,---,2026-01-17 15:18
Rootage,ROCK女 feat. 大山愛未， Ken,TRANCE,Y&Co.,5,0,0,0,0,---,NO PLAY,---,7,0,0,0,---,NO PLAY,---,9,0,0,0,---,NO PLAY,---,11,2419,1065,289,8,EX HARD CLEAR,AA,0,0,0,0,---,NO PLAY,---,2026-06-04 16:32
Rootage,ruin of opals,IRIDESCENCE JAZZ ETUDE,上ノ瀬つかさ,2,0,0,0,0,---,NO PLAY,---,6,0,0,0,---,NO PLAY,---,10,0,0,0,---,FULLCOMBO CLEAR,---,12,2730,1185,360,12,EX HARD CLEAR,AA,0,0,0,0,---,NO PLAY,---,2026-02-26 15:12
Rootage,R∞tAge,NEO J-TEKNO,BEMANI Sound Team "HuΣeR+",1,3,0,0,0,---,NO PLAY,---,5,0,0,0,---,NO PLAY,---,8,0,0,0,---,NO PLAY,---,11,2719,1238,243,4,FULLCOMBO CLEAR,AAA,0,0,0,0,---,NO PLAY,---,2025-12-09 14:26
Rootage,SPEED ROCKER,PSYCHEDELIC TRANCE,AJURIKA,1,0,0,0,0,---,NO PLAY,---,4,0,0,0,---,NO PLAY,---,9,0,0,0,---,NO PLAY,---,10,2103,953,197,2,FULLCOMBO CLEAR,AAA,0,0,0,0,---,NO PLAY,---,2025-10-12 12:54
Rootage,Technicolour Dreams,HDM,DUNE & M-Project & GUHROOVY,1,0,0,0,0,---,NO PLAY,---,5,0,0,0,---,NO PLAY,---,8,0,0,0,---,NO PLAY,---,10,2278,1081,116,1,FULLCOMBO CLEAR,AAA,0,0,0,0,---,NO PLAY,---,2025-10-09 16:10
Rootage,The Best of Both Worlds,EUROTRAPBEAT,☆Taku Takahashi (m-flo， block.fm),2,0,0,0,0,---,NO PLAY,---,3,0,0,0,---,NO PLAY,---,8,0,0,0,---,NO PLAY,---,10,2041,939,163,0,FULLCOMBO CLEAR,AAA,0,0,0,0,---,NO PLAY,---,2025-10-07 14:27
Rootage,THE DAY OF JUBILATIONS,HARD ELECTRIC POP,BEMANI Sound Team "S-C-U vs L.E.D.",3,0,0,0,0,---,NO PLAY,---,7,0,0,0,---,NO PLAY,---,10,0,0,0,---,FULLCOMBO CLEAR,---,12,3136,1426,284,15,EX HARD CLEAR,AAA,0,0,0,0,---,NO PLAY,---,2026-06-11 16:09
Rootage,The Rebellion of Sequencer,DJENTCORE,DJ Myosuke,20,0,0,0,0,---,NO PLAY,---,7,0,0,0,---,NO PLAY,---,10,0,0,0,---,FULLCOMBO CLEAR,---,12,2708,1161,386,16,EX HARD CLEAR,AA,0,0,0,0,---,NO PLAY,---,2026-06-18 21:25
Rootage,toy boxer,BOXINGCORE,BEMANI Sound Team "S-C-U & SYUNN",1,0,0,0,0,---,NO PLAY,---,4,0,0,0,---,NO PLAY,---,8,0,0,0,---,NO PLAY,---,10,2106,996,114,2,FULLCOMBO CLEAR,AAA,0,0,0,0,---,NO PLAY,---,2026-07-24 21:09
Rootage,ToyCube Pf.(RX-Ver.S.P.L.),NEW AGE,高田雅史,0,0,0,0,0,---,NO PLAY,---,4,0,0,0,---,NO PLAY,---,7,0,0,0,---,NO PLAY,---,9,0,0,0,---,FULLCOMBO CLEAR,---,0,0,0,0,---,NO PLAY,---,2025-09-17 20:38
Rootage,Trill auf G,MUSIC GAMES HARDCORE,BEMANI Sound Team "dj TAKA",2,0,0,0,0,---,NO PLAY,---,6,0,0,0,---,NO PLAY,---,10,0,0,0,---,FULLCOMBO CLEAR,---,12,2859,1265,329,14,EX HARD CLEAR,AA,0,0,0,0,---,NO PLAY,---,2026-04-23 15:18
Rootage,Twilight Warp,CYBER DANCE MUSIC,Maozon feat. Kyte,0,0,0,0,0,---,NO PLAY,---,4,0,0,0,---,NO PLAY,---,7,0,0,0,---,NO PLAY,---,9,0,0,0,---,FULLCOMBO CLEAR,---,0,0,0,0,---,NO PLAY,---,2025-09-17 20:38
Rootage,Unbelief,METAL,BEMANI Sound Team "Anonymous",4,0,0,0,0,---,NO PLAY,---,5,0,0,0,---,NO PLAY,---,10,0,0,0,---,FULLCOMBO CLEAR,---,12,2692,1142,408,24,EX HARD CLEAR,AA,0,0,0,0,---,NO PLAY,---,2026-02-28 15:05
Rootage,UNDERWORLD HOLOGRAPHY,DRUM & BASS,BEMANI Sound Team "L.E.D." feat. KOTOKO,1,0,0,0,0,---,NO PLAY,---,5,0,0,0,---,NO PLAY,---,9,0,0,0,---,NO PLAY,---,11,3035,1410,215,1,FULLCOMBO CLEAR,AAA,0,0,0,0,---,NO PLAY,---,2026-04-14 14:04
Rootage,Urban Constellations,JAZZY FOOTWORK JUNGLE,Dirty Androids,18,0,0,0,0,---,NO PLAY,---,4,0,0,0,---,NO PLAY,---,8,0,0,0,---,NO PLAY,---,11,2126,975,176,2,FULLCOMBO CLEAR,AAA,12,2884,1231,422,21,EX HARD CLEAR,AA,2026-07-17 14:30
Rootage,Visterhv,REBIRTH OUT,Feryquitous,2,0,0,0,0,---,NO PLAY,---,6,0,0,0,---,NO PLAY,---,10,0,0,0,---,FULLCOMBO CLEAR,---,12,3388,1559,270,9,EX HARD CLEAR,AAA,0,0,0,0,---,NO PLAY,---,2026-04-18 15:11
Rootage,voltississimo,VVV,BEMANI Sound Team "PHQUASE",4,0,0,0,0,---,NO PLAY,---,6,0,0,0,---,NO PLAY,---,10,0,0,0,---,FULLCOMBO CLEAR,---,12,3180,1383,414,26,EX HARD CLEAR,AA,0,0,0,0,---,NO PLAY,---,2026-03-21 14:56
Rootage,Wing of Hearts,HYPER HANDS UP,USAO & DJ Nanashi,1,0,0,0,0,---,NO PLAY,---,5,0,0,0,---,NO PLAY,---,8,0,0,0,---,NO PLAY,---,10,2817,1355,107,7,FULLCOMBO CLEAR,AAA,0,0,0,0,---,NO PLAY,---,2025-12-11 14:24
Rootage,Wolf 1061,PIANO TRANCE,Xceon,5,0,0,0,0,---,NO PLAY,---,4,0,0,0,---,NO PLAY,---,8,0,0,0,---,NO PLAY,---,11,2928,1365,198,0,FULLCOMBO CLEAR,AAA,0,0,0,0,---,NO PLAY,---,2026-02-21 14:05
Rootage,Wonderland,CANDY RAVE GABBER,kors k,1,0,0,0,0,---,NO PLAY,---,5,0,0,0,---,NO PLAY,---,9,0,0,0,---,NO PLAY,---,11,2604,1222,160,3,FULLCOMBO CLEAR,AAA,0,0,0,0,---,NO PLAY,---,2026-01-22 15:11
Rootage,X-DEN,ULTIΣATE COLLABORATION,T.Σ.Generation,14,0,0,0,0,---,NO PLAY,---,8,0,0,0,---,NO PLAY,---,11,2526,1137,252,11,EX HARD CLEAR,AAA,12,3243,1374,495,90,CLEAR,A,0,0,0,0,---,NO PLAY,---,2026-07-05 18:17
Rootage,XENON II ～TOMOYUKIの野望～,ELECTRO SHOCK,Mr.T,12,0,0,0,0,---,NO PLAY,---,6,0,0,0,---,NO PLAY,---,9,0,0,0,---,NO PLAY,---,11,2714,1229,256,1,FULLCOMBO CLEAR,AAA,0,0,0,0,---,NO PLAY,---,2026-08-01 13:26
Rootage,Xlo,NEUTRONIKA,sasakure.UK,2,0,0,0,0,---,NO PLAY,---,7,0,0,0,---,NO PLAY,---,10,0,0,0,---,FULLCOMBO CLEAR,---,12,3307,1441,425,21,EX HARD CLEAR,AA,0,0,0,0,---,NO PLAY,---,2026-01-31 14:58
Rootage,Yum Yum Jelly,FUTURE BASS,YUC'e,2,0,0,0,0,---,NO PLAY,---,5,0,0,0,---,NO PLAY,---,9,0,0,0,---,NO PLAY,---,11,2178,1000,178,2,FULLCOMBO CLEAR,AAA,0,0,0,0,---,NO PLAY,---,2026-01-22 15:23
Rootage,ZENDEGI DANCE,ORBITALIC ORIENTAL ELECTRO,ARM × BEMANI Sound Team "U1 overground",1,0,0,0,0,---,NO PLAY,---,6,0,0,0,---,NO PLAY,---,9,0,0,0,---,NO PLAY,---,11,2548,1179,190,1,FULLCOMBO CLEAR,AAA,0,0,0,0,---,NO PLAY,---,2026-03-05 13:39
Rootage,おーまい！らぶりー！すうぃーてぃ！だーりん！,LOVELY YOUTH,BEMANI Sound Team "PON" feat.NU-KO,2,0,0,0,0,---,NO PLAY,---,5,0,0,0,---,NO PLAY,---,9,0,0,0,---,NO PLAY,---,11,2673,1233,207,7,EX HARD CLEAR,AAA,0,0,0,0,---,NO PLAY,---,2026-03-03 12:48
Rootage,お菓子の王国,SPEED CANDY,Snail's House,29,0,0,0,0,---,NO PLAY,---,7,0,0,0,---,NO PLAY,---,10,2160,1001,158,0,FULLCOMBO CLEAR,AAA,12,3599,1628,343,27,EX HARD CLEAR,AA,0,0,0,0,---,NO PLAY,---,2026-04-13 16:22
Rootage,グラナダの風,SPANISH GUITAR,BEMANI Sound Team "劇団レコード",0,0,0,0,0,---,NO PLAY,---,5,0,0,0,---,NO PLAY,---,8,0,0,0,---,NO PLAY,---,10,0,0,0,---,FULLCOMBO CLEAR,---,0,0,0,0,---,NO PLAY,---,2025-09-17 20:38
Rootage,セカンドピアス,GIRLS ROCK,OSTER project feat. echo,0,0,0,0,0,---,NO PLAY,---,3,0,0,0,---,NO PLAY,---,6,0,0,0,---,NO PLAY,---,9,0,0,0,---,FULLCOMBO CLEAR,---,0,0,0,0,---,NO PLAY,---,2025-09-17 20:38
Rootage,ハードベース・フェスタ,A-STYLE RUSSIAN HARDBASS,かめりあ feat. ななひら,3,0,0,0,0,---,NO PLAY,---,6,0,0,0,---,NO PLAY,---,9,0,0,0,---,NO PLAY,---,11,2646,1222,202,4,EX HARD CLEAR,AAA,0,0,0,0,---,NO PLAY,---,2026-04-21 13:20
Rootage,ミストレス・アンに花束を,ELECTRONICA,soejima takuma feat.BEMANI Sound Team "猫叉Master",0,0,0,0,0,---,NO PLAY,---,3,0,0,0,---,NO PLAY,---,6,0,0,0,---,NO PLAY,---,8,0,0,0,---,FULLCOMBO CLEAR,---,0,0,0,0,---,NO PLAY,---,2025-09-17 20:38
Rootage,ミッドナイト☆WAR,BEMANIZED ROCKCORE,いちか,1,0,0,0,0,---,NO PLAY,---,5,0,0,0,---,NO PLAY,---,8,0,0,0,---,NO PLAY,---,11,2343,1092,159,2,FULLCOMBO CLEAR,AAA,0,0,0,0,---,NO PLAY,---,2026-01-08 13:47
Rootage,夏の匂い。キミの残像。 ft. Kanae Asaba,Re 90's J-DANCE POP,Xceon,0,0,0,0,0,---,NO PLAY,---,4,0,0,0,---,NO PLAY,---,8,0,0,0,---,NO PLAY,---,10,0,0,0,---,FULLCOMBO CLEAR,---,0,0,0,0,---,NO PLAY,---,2025-09-17 20:38
Rootage,抱きしめてモナムール,Hi-歌謡コア,冬色AMOUR☆Prim,1,0,0,0,0,---,NO PLAY,---,5,0,0,0,---,NO PLAY,---,10,0,0,0,---,FULLCOMBO CLEAR,---,12,3758,1700,358,11,EX HARD CLEAR,AAA,0,0,0,0,---,NO PLAY,---,2025-12-11 16:53
Rootage,最小三倍完全数,ピタゴラス的不完全性破壊衝動音律(ハンマーによる),DJ TECHNORCH,3,0,0,0,0,---,NO PLAY,---,5,0,0,0,---,NO PLAY,---,9,0,0,0,---,NO PLAY,---,12,2361,1088,185,8,EX HARD CLEAR,AAA,0,0,0,0,---,NO PLAY,---,2026-04-23 14:44
Rootage,泰東ノ翠霞,JAPANESE POPS,bermei.inazawa/feat.霜月はるか,3,0,0,0,0,---,NO PLAY,---,3,0,0,0,---,NO PLAY,---,6,0,0,0,---,NO PLAY,---,11,1630,725,180,6,EX HARD CLEAR,AAA,0,0,0,0,---,NO PLAY,---,2026-08-07 20:54
Rootage,深愛のリグレット,PIANO J TRANCE POP,Xceon feat.Mayumi Morinaga,1,0,0,0,0,---,NO PLAY,---,4,0,0,0,---,NO PLAY,---,7,0,0,0,---,NO PLAY,---,10,2212,1019,174,4,FULLCOMBO CLEAR,AAA,0,0,0,0,---,NO PLAY,---,2025-10-18 15:03
Rootage,爆ゼニ☆がってんワーカー,勤労☆電波,ARM×狐夢想 feat. ななひら,2,0,0,0,0,---,NO PLAY,---,6,0,0,0,---,NO PLAY,---,9,0,0,0,---,NO PLAY,---,11,2478,1119,240,4,EX HARD CLEAR,AAA,0,0,0,0,---,NO PLAY,---,2026-06-05 14:23
Rootage,花冠 feat.Aikapin,SOCA,RoughSkreamZ,2,0,0,0,0,---,NO PLAY,---,6,0,0,0,---,NO PLAY,---,9,0,0,0,---,NO PLAY,---,11,2354,1021,312,12,EX HARD CLEAR,AA,0,0,0,0,---,NO PLAY,---,2026-01-19 15:03
Rootage,金野火織の金色提言,音ゲー賛美歌,DJ TECHNORCH feat. 宇宙★海月,25,0,0,0,0,---,NO PLAY,---,6,0,0,0,---,NO PLAY,---,10,2184,1024,136,5,EX HARD CLEAR,AAA,12,2752,1216,320,32,HARD CLEAR,AA,0,0,0,0,---,NO PLAY,---,2026-08-09 16:41
Rootage,龍王の霊廟(Mausoleum Of The Primal Dragon),RETROSPECTIVE EPIC MUSIC,BEMANI Sound Team "黒猫ダンジョン",6,0,0,0,0,---,NO PLAY,---,6,0,0,0,---,NO PLAY,---,10,0,0,0,---,FULLCOMBO CLEAR,---,11,2945,1359,227,4,FULLCOMBO CLEAR,AAA,12,3623,1651,321,2,FULLCOMBO CLEAR,AAA,2026-05-14 14:06
HEROIC VERSE,27th style,HIP HOP,三代目 "dj TAKA & DAYBREAKERS",5,0,0,0,0,---,NO PLAY,---,5,0,0,0,---,NO PLAY,---,9,0,0,0,---,NO PLAY,---,11,2241,977,287,11,EX HARD CLEAR,AA,0,0,0,0,---,NO PLAY,---,2026-02-28 14:04
HEROIC VERSE,Advent Infamous,NEO DIGITAL FUTURE,Blacklolita,1,0,0,0,0,---,NO PLAY,---,5,0,0,0,---,NO PLAY,---,8,0,0,0,---,NO PLAY,---,11,2616,1187,242,2,FULLCOMBO CLEAR,AAA,0,0,0,0,---,NO PLAY,---,2025-12-24 14:04
HEROIC VERSE,AKASHIC BREAK,LAPLACE CORE,BEMANI Sound Team "TAG",3,0,0,0,0,---,NO PLAY,---,6,0,0,0,---,NO PLAY,---,10,0,0,0,---,FULLCOMBO CLEAR,---,12,3257,1484,289,13,EX HARD CLEAR,AAA,0,0,0,0,---,NO PLAY,---,2026-01-12 18:09
HEROIC VERSE,And-RoiD,J-POP,Fujishiro feat.KNA,2,0,0,0,0,---,NO PLAY,---,4,0,0,0,---,NO PLAY,---,7,0,0,0,---,NO PLAY,---,9,1937,930,77,0,FULLCOMBO CLEAR,AAA,0,0,0,0,---,NO PLAY,---,2026-01-17 13:07
HEROIC VERSE,Artist,MYSTICAL HARD DANCE,CANVAS feat. Quimar,15,0,0,0,0,---,NO PLAY,---,7,0,0,0,---,NO PLAY,---,10,0,0,0,---,FULLCOMBO CLEAR,---,12,3063,1312,439,22,EX HARD CLEAR,AA,0,0,0,0,---,NO PLAY,---,2026-06-03 14:25
HEROIC VERSE,Backyard Stars,FUTURE BASS,TAKU INOUE,4,0,0,0,0,---,NO PLAY,---,6,0,0,0,---,NO PLAY,---,9,0,0,0,---,NO PLAY,---,10,2083,955,173,2,FULLCOMBO CLEAR,AAA,0,0,0,0,---,NO PLAY,---,2026-01-07 13:48
HEROIC VERSE,BEAT PRISONER,PRIME BIG BEAT,AJURIKA,4,0,0,0,0,---,NO PLAY,---,6,0,0,0,---,NO PLAY,---,9,0,0,0,---,NO PLAY,---,12,3196,1418,360,16,EX HARD CLEAR,AA,0,0,0,0,---,NO PLAY,---,2026-04-03 14:24
HEROIC VERSE,beatAffection,BEAT MUSIC,ビートまりお,0,0,0,0,0,---,NO PLAY,---,5,0,0,0,---,NO PLAY,---,8,0,0,0,---,NO PLAY,---,10,0,0,0,---,FULLCOMBO CLEAR,---,0,0,0,0,---,NO PLAY,---,2025-09-17 20:38
HEROIC VERSE,Beautiful Harmony (IIDX Mix),PROGRESSIVE TRANCE,Ryu☆,9,0,0,0,0,---,NO PLAY,---,5,0,0,0,---,NO PLAY,---,8,0,0,0,---,NO PLAY,---,10,2265,1039,187,0,FULLCOMBO CLEAR,AAA,0,0,0,0,---,NO PLAY,---,2026-04-21 13:13
HEROIC VERSE,Bow shock!!,JAZZ PIANO TRANCE,Xceon,23,0,0,0,0,---,NO PLAY,---,4,0,0,0,---,NO PLAY,---,9,0,0,0,---,NO PLAY,---,11,2875,1329,217,0,FULLCOMBO CLEAR,AAA,12,3856,1759,338,27,EX HARD CLEAR,AA,2026-07-26 14:46
HEROIC VERSE,Calvados Queen,JAZZ ROCK,OSTER project feat. かなたん,1,0,0,0,0,---,NO PLAY,---,5,0,0,0,---,NO PLAY,---,8,0,0,0,---,NO PLAY,---,10,2253,1023,207,2,FULLCOMBO CLEAR,AAA,0,0,0,0,---,NO PLAY,---,2026-02-13 17:52
HEROIC VERSE,Change Yourself,TRANCE,ARM × kradness,3,0,0,0,0,---,NO PLAY,---,5,0,0,0,---,NO PLAY,---,9,0,0,0,---,NO PLAY,---,11,2315,1044,227,3,EX HARD CLEAR,AAA,0,0,0,0,---,NO PLAY,---,2026-08-02 14:21
HEROIC VERSE,Crank It,BASS HOUSE,Crayvxn,0,0,0,0,0,---,NO PLAY,---,4,0,0,0,---,NO PLAY,---,7,0,0,0,---,NO PLAY,---,9,0,0,0,---,FULLCOMBO CLEAR,---,0,0,0,0,---,NO PLAY,---,2025-09-17 20:38
HEROIC VERSE,Dans la nuit de l'eternite,POLONAISE,BEMANI Sound Team "レ・度胸兄弟",3,0,0,0,0,---,NO PLAY,---,7,0,0,0,---,NO PLAY,---,10,0,0,0,---,FULLCOMBO CLEAR,---,12,3100,1393,314,56,HARD CLEAR,AA,0,0,0,0,---,NO PLAY,---,2026-07-12 12:48
HEROIC VERSE,Do What You Want,FUTURE BASS,BEMANI Sound Team "SYUNN",2,0,0,0,0,---,NO PLAY,---,4,0,0,0,---,NO PLAY,---,7,0,0,0,---,NO PLAY,---,10,1840,837,166,3,FULLCOMBO CLEAR,AAA,0,0,0,0,---,NO PLAY,---,2026-03-10 15:11
HEROIC VERSE,Double Dribble,FUNKY GABBER,lapix,1,0,0,0,0,---,NO PLAY,---,6,0,0,0,---,NO PLAY,---,10,0,0,0,---,FULLCOMBO CLEAR,---,12,3068,1414,240,10,EX HARD CLEAR,AAA,0,0,0,0,---,NO PLAY,---,2025-09-21 16:25
HEROIC VERSE,EROICA,VERSE,BEMANI Sound Team "HERO",14,0,0,0,0,---,NO PLAY,---,7,0,0,0,---,NO PLAY,---,10,0,0,0,---,FULLCOMBO CLEAR,---,12,3520,1640,240,42,HARD CLEAR,AA,0,0,0,0,---,NO PLAY,---,2026-07-12 13:19
HEROIC VERSE,Everlasting Message,EPIC ORCHESTRA,ぺのれり,7,0,0,0,0,---,NO PLAY,---,7,0,0,0,---,NO PLAY,---,10,0,0,0,---,FULLCOMBO CLEAR,---,12,3176,1366,444,47,HARD CLEAR,AA,0,0,0,0,---,NO PLAY,---,2026-07-03 21:26
HEROIC VERSE,fairy cocktail,エレクトロニック/エレクトロニカ/ポップ,Tomggg,0,0,0,0,0,---,NO PLAY,---,3,0,0,0,---,NO PLAY,---,6,0,0,0,---,NO PLAY,---,8,0,0,0,---,FULLCOMBO CLEAR,---,0,0,0,0,---,NO PLAY,---,2025-09-17 20:38
HEROIC VERSE,Fly Above (Vicissitude Remix),DREAM DRUM'N'BASS,Remixed by BEMANI Sound Team "PHQUASE",1,0,0,0,0,---,NO PLAY,---,4,0,0,0,---,NO PLAY,---,7,0,0,0,---,NO PLAY,---,10,2232,1039,154,3,FULLCOMBO CLEAR,AAA,0,0,0,0,---,NO PLAY,---,2026-08-01 12:39
HEROIC VERSE,Forgetting Machine,DRUM'N'BASS,TAKU INOUE,1,0,0,0,0,---,NO PLAY,---,5,0,0,0,---,NO PLAY,---,8,0,0,0,---,NO PLAY,---,10,1626,766,94,0,FULLCOMBO CLEAR,AAA,0,0,0,0,---,NO PLAY,---,2025-09-21 13:27
HEROIC VERSE,Friction[!]Function,PROGRES BEAT,Feryquitous,6,0,0,0,0,---,NO PLAY,---,6,0,0,0,---,NO PLAY,---,9,0,0,0,---,NO PLAY,---,12,2927,1325,277,11,EX HARD CLEAR,AAA,0,0,0,0,---,NO PLAY,---,2026-06-11 15:57
HEROIC VERSE,GHOST,FREEFORM HARDCORE,Hommarju,5,0,0,0,0,---,NO PLAY,---,5,0,0,0,---,NO PLAY,---,8,0,0,0,---,NO PLAY,---,11,2499,1122,255,4,EX HARD CLEAR,AAA,0,0,0,0,---,NO PLAY,---,2026-08-07 20:53
HEROIC VERSE,GIGA VIOLATE,EDM-DUBSTYLE,Blacklolita,4,0,0,0,0,---,NO PLAY,---,6,0,0,0,---,NO PLAY,---,8,0,0,0,---,NO PLAY,---,11,2531,1164,203,1,FULLCOMBO CLEAR,AAA,0,0,0,0,---,NO PLAY,---,2026-07-11 12:43
HEROIC VERSE,Hold My Hand,MELODIC DANCE MUSIC,BEMANI Sound Team "Sota Fujimori",1,0,0,0,0,---,NO PLAY,---,5,0,0,0,---,NO PLAY,---,8,0,0,0,---,NO PLAY,---,10,2346,1107,132,1,FULLCOMBO CLEAR,AAA,0,0,0,0,---,NO PLAY,---,2026-01-17 13:09
HEROIC VERSE,Hyper Drive feat. ぷにぷに電機,DANCE POP,パソコン音楽クラブ,0,0,0,0,0,---,NO PLAY,---,3,0,0,0,---,NO PLAY,---,7,0,0,0,---,NO PLAY,---,9,0,0,0,---,FULLCOMBO CLEAR,---,0,0,0,0,---,NO PLAY,---,2025-09-17 20:38
HEROIC VERSE,If,FUTURE BASS,Pa's Lam System,0,0,0,0,0,---,NO PLAY,---,5,0,0,0,---,NO PLAY,---,8,0,0,0,---,NO PLAY,---,10,0,0,0,---,FULLCOMBO CLEAR,---,0,0,0,0,---,NO PLAY,---,2025-09-17 20:38
HEROIC VERSE,Inferno of Fomalhaut,DJENT STEP,fallen shepherd ft. ricono,12,0,0,0,0,---,NO PLAY,---,5,0,0,0,---,NO PLAY,---,10,0,0,0,---,FULLCOMBO CLEAR,---,12,2698,1149,400,20,EX HARD CLEAR,AA,0,0,0,0,---,NO PLAY,---,2026-06-09 13:23
HEROIC VERSE,Infinity Mirror,NEO 90's CINEMATIC TECHNO,Dirty Androids,0,0,0,0,0,---,NO PLAY,---,5,0,0,0,---,NO PLAY,---,8,0,0,0,---,NO PLAY,---,10,0,0,0,---,FULLCOMBO CLEAR,---,0,0,0,0,---,NO PLAY,---,2025-09-17 20:38
HEROIC VERSE,Into The Madness,SPOOKY,Yuta Imai,3,0,0,0,0,---,NO PLAY,---,5,0,0,0,---,NO PLAY,---,8,0,0,0,---,NO PLAY,---,11,2302,1055,192,5,EX HARD CLEAR,AAA,0,0,0,0,---,NO PLAY,---,2026-05-11 13:18
HEROIC VERSE,LASER CRUSTER (IGNITE REMIX),DRUM & BASS / HYBRID TRAP,Remixed by BEMANI Sound Team "HuΣeR",1,0,0,0,0,---,NO PLAY,---,4,0,0,0,---,NO PLAY,---,8,0,0,0,---,NO PLAY,---,12,3095,1356,383,16,EX HARD CLEAR,AA,0,0,0,0,---,NO PLAY,---,2026-01-01 17:18
HEROIC VERSE,Level 2,BIGBEAT / DUBSTEP,Yamato,2,0,0,0,0,---,NO PLAY,---,6,0,0,0,---,NO PLAY,---,9,0,0,0,---,NO PLAY,---,12,2541,1114,313,25,EX HARD CLEAR,AA,0,0,0,0,---,NO PLAY,---,2026-01-12 16:29
HEROIC VERSE,LIGHTNING STRIKES,Hi-GAIN ENERGY,BEMANI Sound Team "HuΣeR",31,2,0,0,0,---,NO PLAY,---,5,0,0,0,---,NO PLAY,---,9,0,0,0,---,NO PLAY,---,12,2992,1379,234,1,FULLCOMBO CLEAR,AAA,12,3634,1621,392,26,EX HARD CLEAR,AA,2026-08-07 21:09
HEROIC VERSE,Like+it!,EUROBEAT,Ryu☆,1,0,0,0,0,---,NO PLAY,---,6,0,0,0,---,NO PLAY,---,9,0,0,0,---,NO PLAY,---,11,2203,1013,177,0,FULLCOMBO CLEAR,AAA,0,0,0,0,---,NO PLAY,---,2025-11-08 13:21
HEROIC VERSE,Lords Of The Roundtable,PIANO BEAT MUSIC,DJ Mass MAD Izm* feat.REO,25,0,0,0,0,---,NO PLAY,---,6,0,0,0,---,NO PLAY,---,10,0,0,0,---,FULLCOMBO CLEAR,---,12,2623,1123,377,38,HARD CLEAR,AA,0,0,0,0,---,NO PLAY,---,2026-08-02 18:23
HEROIC VERSE,Lost Souls,DARKSTEP,BEMANI Sound Team "SYUNN",37,0,0,0,0,---,NO PLAY,---,4,0,0,0,---,NO PLAY,---,9,0,0,0,---,NO PLAY,---,11,2305,1074,157,0,FULLCOMBO CLEAR,AAA,12,3311,1476,359,35,HARD CLEAR,AA,2026-08-15 12:33
HEROIC VERSE,Matt Silver,TECHSTYLE,Remo-con,3,0,0,0,0,---,NO PLAY,---,6,0,0,0,---,NO PLAY,---,9,0,0,0,---,NO PLAY,---,12,3075,1398,279,8,EX HARD CLEAR,AAA,0,0,0,0,---,NO PLAY,---,2026-01-16 15:27
HEROIC VERSE,Megalara Garuda,DRUMSTEP,SYUNN,2,0,0,0,0,---,NO PLAY,---,7,0,0,0,---,NO PLAY,---,10,0,0,0,---,FULLCOMBO CLEAR,---,12,2817,1299,219,10,EX HARD CLEAR,AAA,0,0,0,0,---,NO PLAY,---,2025-12-20 16:09
HEROIC VERSE,Mel,DRUM'N'BASS,Applekid,2,0,0,0,0,---,NO PLAY,---,4,0,0,0,---,NO PLAY,---,7,0,0,0,---,NO PLAY,---,9,0,0,0,---,FULLCOMBO CLEAR,---,10,2610,1244,122,1,FULLCOMBO CLEAR,AAA,2026-01-29 13:57
HEROIC VERSE,Moving on,PSYCHEDELIC TRANCE,AJURIKA feat.矢吹真央,8,0,0,0,0,---,NO PLAY,---,5,0,0,0,---,NO PLAY,---,8,0,0,0,---,NO PLAY,---,11,2760,1280,200,2,FULLCOMBO CLEAR,AAA,0,0,0,0,---,NO PLAY,---,2026-07-04 15:10
HEROIC VERSE,Nasty Techniques,Hi-TECH FULL ON,kors k,2,0,0,0,0,---,NO PLAY,---,5,0,0,0,---,NO PLAY,---,9,0,0,0,---,NO PLAY,---,11,2483,1154,175,0,FULLCOMBO CLEAR,AAA,0,0,0,0,---,NO PLAY,---,2026-06-04 13:52
HEROIC VERSE,NEWALONE,INDUSTRIAL BASS,Masayoshi Iimori,0,0,0,0,0,---,NO PLAY,---,4,0,0,0,---,NO PLAY,---,7,0,0,0,---,NO PLAY,---,9,0,0,0,---,FULLCOMBO CLEAR,---,0,0,0,0,---,NO PLAY,---,2025-09-17 20:38
HEROIC VERSE,ORCA,CETACEA HDM,かめりあ,4,0,0,0,0,---,NO PLAY,---,7,0,0,0,---,NO PLAY,---,10,0,0,0,---,FULLCOMBO CLEAR,---,12,3058,1348,362,16,EX HARD CLEAR,AA,0,0,0,0,---,NO PLAY,---,2026-04-06 15:00
HEROIC VERSE,OUTER PLANETS,EPIC STORY,BEMANI Sound Team "劇団レコード",1,0,0,0,0,---,NO PLAY,---,4,0,0,0,---,NO PLAY,---,7,0,0,0,---,NO PLAY,---,10,2017,929,159,1,FULLCOMBO CLEAR,AAA,0,0,0,0,---,NO PLAY,---,2026-04-11 13:54
HEROIC VERSE,Override,EUPHORIC HARDCORE,Nhato,25,0,0,0,0,---,NO PLAY,---,5,0,0,0,---,NO PLAY,---,8,0,0,0,---,NO PLAY,---,11,2655,1214,227,10,FULLCOMBO CLEAR,AAA,12,3655,1608,439,16,EX HARD CLEAR,AA,2026-07-11 13:11
HEROIC VERSE,PHASE SHIFT MANEUVER,PSYSTYLE,BEMANI Sound Team "L.E.D.",1,0,0,0,0,---,NO PLAY,---,6,0,0,0,---,NO PLAY,---,9,0,0,0,---,NO PLAY,---,11,2590,1169,252,6,EX HARD CLEAR,AAA,0,0,0,0,---,NO PLAY,---,2026-02-09 16:24
HEROIC VERSE,Primitive Vibes,TRIBAL FRONTIER,lapix,2,3,0,0,0,---,NO PLAY,---,6,0,0,0,---,NO PLAY,---,10,0,0,0,---,FULLCOMBO CLEAR,---,12,2827,1291,245,7,FULLCOMBO CLEAR,AAA,0,0,0,0,---,NO PLAY,---,2026-08-07 21:57
HEROIC VERSE,Queen Kaguya,ORBITALIC MOON MIXTURE,BEMANI Sound Team "U1 overground",1,0,0,0,0,---,NO PLAY,---,6,0,0,0,---,NO PLAY,---,9,0,0,0,---,NO PLAY,---,11,2421,1124,173,10,EX HARD CLEAR,AAA,0,0,0,0,---,NO PLAY,---,2026-03-12 14:23
HEROIC VERSE,Rainstorm,UPLIFTING TRANCE,Maozon feat. Chica,5,0,0,0,0,---,NO PLAY,---,5,0,0,0,---,NO PLAY,---,8,0,0,0,---,NO PLAY,---,10,2105,968,169,0,FULLCOMBO CLEAR,AAA,0,0,0,0,---,NO PLAY,---,2026-05-01 13:13
HEROIC VERSE,Rave Patroller,FUTURE SKOOL BREAKBEATS HARDCORE,Eagle,12,0,0,0,0,---,NO PLAY,---,7,0,0,0,---,NO PLAY,---,10,0,0,0,---,FULLCOMBO CLEAR,---,12,3099,1428,243,2,FULLCOMBO CLEAR,AAA,0,0,0,0,---,NO PLAY,---,2026-08-01 14:21
HEROIC VERSE,rough percussionythm,HARD D&B,BEMANI Sound Team "setup VS 謎の勢力",5,0,0,0,0,---,NO PLAY,---,6,0,0,0,---,NO PLAY,---,9,0,0,0,---,NO PLAY,---,11,2232,972,288,17,EX HARD CLEAR,AA,0,0,0,0,---,NO PLAY,---,2026-05-11 13:05
HEROIC VERSE,S!ck (Nhato Remix),HARDCORE,Remixed by Nhato,1,0,0,0,0,---,NO PLAY,---,6,0,0,0,---,NO PLAY,---,9,0,0,0,---,NO PLAY,---,11,2320,1062,196,9,FULLCOMBO CLEAR,AAA,0,0,0,0,---,NO PLAY,---,2026-04-09 13:47
HEROIC VERSE,SCREW // owo // SCREW,TWERKCORE // uwu // BEATJUGGLE,かめりあ,10,0,0,0,0,---,NO PLAY,---,6,0,0,0,---,NO PLAY,---,9,0,0,0,---,NO PLAY,---,12,2647,1155,337,14,EX HARD CLEAR,AA,0,0,0,0,---,NO PLAY,---,2026-05-04 15:21
HEROIC VERSE,Shiva,HARD PSY,Relect,1,0,0,0,0,---,NO PLAY,---,4,0,0,0,---,NO PLAY,---,8,0,0,0,---,NO PLAY,---,11,2015,939,137,0,FULLCOMBO CLEAR,AAA,0,0,0,0,---,NO PLAY,---,2026-02-28 16:21
HEROIC VERSE,Silly Love,ELECTRO NU DISCO,DE DE MOUSE,1,1,0,0,0,---,NO PLAY,---,4,0,0,0,---,NO PLAY,---,8,0,0,0,---,NO PLAY,---,10,1923,878,167,0,FULLCOMBO CLEAR,AAA,0,0,0,0,---,NO PLAY,---,2026-03-17 14:29
HEROIC VERSE,Ska-sh All Neurons!!,A-STYLE NEURO+"スカ"+FUNK DRUMSTEP,かめりあ feat. ななひら,0,0,0,0,0,---,NO PLAY,---,4,0,0,0,---,NO PLAY,---,7,0,0,0,---,NO PLAY,---,10,0,0,0,---,FULLCOMBO CLEAR,---,0,0,0,0,---,NO PLAY,---,2025-09-17 20:38
HEROIC VERSE,Smashing Wedge,HARDCORE,nora2r,19,0,0,0,0,---,NO PLAY,---,5,0,0,0,---,NO PLAY,---,10,0,0,0,---,FULLCOMBO CLEAR,---,12,3302,1462,378,43,HARD CLEAR,AA,0,0,0,0,---,NO PLAY,---,2026-08-17 15:44
HEROIC VERSE,Sparkle Smilin',TWINKLE POP,BEMANI Sound Team "Qrispy Joybox" feat.いちか,2,0,0,0,0,---,NO PLAY,---,4,0,0,0,---,NO PLAY,---,8,0,0,0,---,NO PLAY,---,11,2324,1108,108,2,FULLCOMBO CLEAR,AAA,0,0,0,0,---,NO PLAY,---,2026-08-01 13:54
HEROIC VERSE,STOIC HYPOTHESIS,RIDDIM CORE,BEMANI Sound Team "Expander",3,0,0,0,0,---,NO PLAY,---,6,0,0,0,---,NO PLAY,---,9,0,0,0,---,NO PLAY,---,11,2636,1216,204,5,EX HARD CLEAR,AAA,0,0,0,0,---,NO PLAY,---,2026-05-18 14:01
HEROIC VERSE,Sugar Drippin',GARAGE,kors k,0,0,0,0,0,---,NO PLAY,---,4,0,0,0,---,NO PLAY,---,7,0,0,0,---,NO PLAY,---,9,0,0,0,---,FULLCOMBO CLEAR,---,0,0,0,0,---,NO PLAY,---,2025-09-17 20:38
HEROIC VERSE,T-REX vs Velociraptor (In the Far east euphoria),RAVECORE,RoughSketch & TARACHINE,1,0,0,0,0,---,NO PLAY,---,7,0,0,0,---,NO PLAY,---,9,0,0,0,---,NO PLAY,---,12,2855,1293,269,22,EX HARD CLEAR,AA,0,0,0,0,---,NO PLAY,---,2026-01-01 16:58
HEROIC VERSE,take me higher,FUTURE JERSEY,KOTONOHOUSE,1,0,0,0,0,---,NO PLAY,---,4,0,0,0,---,NO PLAY,---,7,0,0,0,---,NO PLAY,---,10,0,0,0,---,FULLCOMBO CLEAR,---,0,0,0,0,---,NO PLAY,---,2026-02-28 13:37
HEROIC VERSE,TECHNO Style Essentials,TECHNO,BEMANI Sound Team "SETUP from Berlin",6,0,0,0,0,---,NO PLAY,---,6,0,0,0,---,NO PLAY,---,9,0,0,0,---,NO PLAY,---,12,2552,1144,264,10,EX HARD CLEAR,AA,0,0,0,0,---,NO PLAY,---,2026-03-10 15:43
HEROIC VERSE,THE BRAVE MUST DIE,HARDCORE,BEMANI Sound Team "L.E.D.-G",1,0,0,0,0,---,NO PLAY,---,6,0,0,0,---,NO PLAY,---,10,0,0,0,---,FULLCOMBO CLEAR,---,12,3593,1613,367,25,EX HARD CLEAR,AA,0,0,0,0,---,NO PLAY,---,2025-12-01 12:50
HEROIC VERSE,THE F∀UST,PIERROT CORE,Masqed Pierrot,4,0,0,0,0,---,NO PLAY,---,7,0,0,0,---,NO PLAY,---,10,0,0,0,---,FULLCOMBO CLEAR,---,12,3107,1358,391,22,EX HARD CLEAR,AA,0,0,0,0,---,NO PLAY,---,2026-03-12 15:14
HEROIC VERSE,The Sky of Sadness,WORLD/CONTEMPORARY,猫叉Master,1,0,0,0,0,---,NO PLAY,---,4,0,0,0,---,NO PLAY,---,8,0,0,0,---,NO PLAY,---,10,2187,985,217,1,FULLCOMBO CLEAR,AAA,0,0,0,0,---,NO PLAY,---,2026-03-05 13:09
HEROIC VERSE,Theory,TRAP,YUTO,6,0,0,0,0,---,NO PLAY,---,5,0,0,0,---,NO PLAY,---,8,0,0,0,---,NO PLAY,---,11,2282,995,292,13,EX HARD CLEAR,AA,0,0,0,0,---,NO PLAY,---,2026-02-28 13:48
HEROIC VERSE,TRIUMPH,UK HARDCORE,AJURIKA,8,0,0,0,0,---,NO PLAY,---,6,0,0,0,---,NO PLAY,---,9,0,0,0,---,NO PLAY,---,12,3081,1397,287,13,EX HARD CLEAR,AAA,0,0,0,0,---,NO PLAY,---,2026-04-13 14:56
HEROIC VERSE,UNITE THE HEART,DANCE POP DUET,BEMANI Sound Team "T.Kakuta" feat. 709sec. / 花たん,1,0,0,0,0,---,NO PLAY,---,7,0,0,0,---,NO PLAY,---,10,0,0,0,---,FULLCOMBO CLEAR,---,11,3128,1469,190,0,FULLCOMBO CLEAR,AAA,0,0,0,0,---,NO PLAY,---,2025-12-13 14:38
HEROIC VERSE,VALKYRIAS -英雄誕生-,HEROIC VALHALLA ROCK,BEMANI Sound Team "HuΣeR" feat.Fernweh,2,2,0,0,0,---,NO PLAY,---,6,0,0,0,---,NO PLAY,---,9,0,0,0,---,NO PLAY,---,11,2637,1256,125,0,FULLCOMBO CLEAR,AAA,0,0,0,0,---,NO PLAY,---,2026-04-23 15:28
HEROIC VERSE,VIBRΛ,EMO STEP,Nhato Vs. MK,1,0,0,0,0,---,NO PLAY,---,5,0,0,0,---,NO PLAY,---,7,0,0,0,---,NO PLAY,---,10,1747,820,107,1,FULLCOMBO CLEAR,AAA,0,0,0,0,---,NO PLAY,---,2026-02-28 13:39
HEROIC VERSE,Vinculum stellarum,ANTHEM TRANCE,iconoclasm,1,0,0,0,0,---,NO PLAY,---,5,0,0,0,---,NO PLAY,---,10,0,0,0,---,FULLCOMBO CLEAR,---,12,3236,1449,338,12,EX HARD CLEAR,AA,0,0,0,0,---,NO PLAY,---,2025-12-30 13:33
HEROIC VERSE,Virus Funk,PROGRESSIVE DISCO,Nhato,0,0,0,0,0,---,NO PLAY,---,4,0,0,0,---,NO PLAY,---,7,0,0,0,---,NO PLAY,---,10,0,0,0,---,FULLCOMBO CLEAR,---,0,0,0,0,---,NO PLAY,---,2025-09-17 20:38
HEROIC VERSE,Volcanic Dragon,HARDCORE RAVE,DJ Shimamura,2,0,0,0,0,---,NO PLAY,---,6,0,0,0,---,NO PLAY,---,8,0,0,0,---,NO PLAY,---,11,2726,1256,214,5,FULLCOMBO CLEAR,AAA,0,0,0,0,---,NO PLAY,---,2026-05-14 13:12
HEROIC VERSE,Voo Doo Bamboleo,TRIBAL DANCE,SOUND HOLIC Vs. ZYTOKINE feat. CALEN,0,0,0,0,0,---,NO PLAY,---,5,0,0,0,---,NO PLAY,---,8,0,0,0,---,NO PLAY,---,10,0,0,0,---,FULLCOMBO CLEAR,---,0,0,0,0,---,NO PLAY,---,2025-09-17 20:38
HEROIC VERSE,Ypsilon,HARD STACC,BEMANI Sound Team "setup",9,0,0,0,0,---,NO PLAY,---,6,0,0,0,---,NO PLAY,---,9,0,0,0,---,NO PLAY,---,11,2661,1219,223,2,EX HARD CLEAR,AAA,12,3182,1433,316,3,EX HARD CLEAR,AA,2026-08-02 14:24
HEROIC VERSE,がっつり陰キャ!? 怪盗いいんちょの億劫^^;,Hi-メランコリックコア,噂の怪盗少女ぷらずま★彡Prim@休業中～( _ _ ).。,11,0,0,0,0,---,NO PLAY,---,7,0,0,0,---,NO PLAY,---,10,0,0,0,---,FULLCOMBO CLEAR,---,12,3617,1568,481,28,EX HARD CLEAR,AA,0,0,0,0,---,NO PLAY,---,2026-04-03 15:43
HEROIC VERSE,シャムシールの舞,バトルダンス,Zektbach,3,0,0,0,0,---,NO PLAY,---,4,0,0,0,---,NO PLAY,---,8,0,0,0,---,NO PLAY,---,11,2316,1059,198,4,FULLCOMBO CLEAR,AAA,0,0,0,0,---,NO PLAY,---,2026-05-16 11:50
HEROIC VERSE,セピアの軌跡 ft. 天宮みや(少女フラクタル),MS J TRANCE POP,Xceon,2,2,0,0,0,---,NO PLAY,---,4,0,0,0,---,NO PLAY,---,7,0,0,0,---,NO PLAY,---,10,2237,1052,133,1,FULLCOMBO CLEAR,AAA,0,0,0,0,---,NO PLAY,---,2025-12-24 13:03
HEROIC VERSE,バッドエンド・シンドローム,PIANO CHRONICLE,アリスシャッハと魔法の楽団,1,0,0,0,0,---,NO PLAY,---,5,0,0,0,---,NO PLAY,---,8,0,0,0,---,NO PLAY,---,11,2836,1351,134,4,FULLCOMBO CLEAR,AAA,0,0,0,0,---,NO PLAY,---,2026-02-28 13:32
HEROIC VERSE,ピアノ協奏曲第1番”蠍火” (BlackY Remix),PDM,Remixed by BlackY,7,0,0,0,0,---,NO PLAY,---,5,0,0,0,---,NO PLAY,---,9,0,0,0,---,NO PLAY,---,12,3327,1472,383,13,EX HARD CLEAR,AA,0,0,0,0,---,NO PLAY,---,2026-01-08 14:23
HEROIC VERSE,ラブキラ☆スプラッシュ,HYPER POP,BEMANI Sound Team "Sota F." feat.いちか,1,0,0,0,0,---,NO PLAY,---,5,0,0,0,---,NO PLAY,---,8,0,0,0,---,NO PLAY,---,10,2363,1102,159,0,FULLCOMBO CLEAR,AAA,0,0,0,0,---,NO PLAY,---,2026-08-09 14:56
HEROIC VERSE,ランカーキラーガール,KILLER PUNK,中島由貴 × いちか,1,0,0,0,0,---,NO PLAY,---,6,0,0,0,---,NO PLAY,---,9,0,0,0,---,NO PLAY,---,11,2732,1269,194,2,EX HARD CLEAR,AAA,0,0,0,0,---,NO PLAY,---,2026-03-09 14:43
HEROIC VERSE,曼荼羅恋々,GOTHIC CORE,BEMANI Sound Team "Akhuta Works" feat. Nana Takahashi,1,0,0,0,0,---,NO PLAY,---,6,0,0,0,---,NO PLAY,---,9,0,0,0,---,NO PLAY,---,11,2559,1180,199,2,EX HARD CLEAR,AAA,0,0,0,0,---,NO PLAY,---,2026-04-19 16:11
HEROIC VERSE,深淵に捧ぐレクイエム,CYBER REQUIEM,OSTER project,3,0,0,0,0,---,NO PLAY,---,5,0,0,0,---,NO PLAY,---,9,0,0,0,---,NO PLAY,---,12,2756,1267,222,16,EX HARD CLEAR,AAA,0,0,0,0,---,NO PLAY,---,2026-01-17 14:02
HEROIC VERSE,灼熱Beach Side Bunny (Masayoshi Iimori Remix),NRG,Remixed by Masayoshi Iimori,5,0,0,0,0,---,NO PLAY,---,4,0,0,0,---,NO PLAY,---,7,0,0,0,---,NO PLAY,---,10,1659,739,181,5,EX HARD CLEAR,AAA,0,0,0,0,---,NO PLAY,---,2026-05-09 12:34
HEROIC VERSE,狂水一華,STYLISH CROSSOVER,BEMANI Sound Team "HuΣeR Vs. SYUNN" feat.いちか,4,0,0,0,0,---,NO PLAY,---,5,0,0,0,---,NO PLAY,---,9,0,0,0,---,NO PLAY,---,11,2487,1132,223,2,EX HARD CLEAR,AAA,0,0,0,0,---,NO PLAY,---,2026-08-17 15:04
HEROIC VERSE,眠りの国のステラ,空想ファンタジーシリーズ,BEMANI Sound Team "DJ TOTTO",1,0,0,0,0,---,NO PLAY,---,6,0,0,0,---,NO PLAY,---,9,0,0,0,---,NO PLAY,---,11,2557,1184,189,6,FULLCOMBO CLEAR,AAA,0,0,0,0,---,NO PLAY,---,2026-04-14 14:07
HEROIC VERSE,華麗なる大犬円舞曲,CINEMATIC VALSE,Wiktoria,12,0,0,0,0,---,NO PLAY,---,7,0,0,0,---,NO PLAY,---,10,0,0,0,---,FULLCOMBO CLEAR,---,12,3028,1294,440,21,EX HARD CLEAR,AA,0,0,0,0,---,NO PLAY,---,2026-05-16 12:30
HEROIC VERSE,錬成人間トリコロイダー,特撮ハードコア,DJ SHARPNEL feat. ￥Ｃｕスタ平,2,0,0,0,0,---,NO PLAY,---,5,0,0,0,---,NO PLAY,---,8,0,0,0,---,NO PLAY,---,11,3049,1454,141,6,FULLCOMBO CLEAR,AAA,0,0,0,0,---,NO PLAY,---,2026-01-28 15:39
HEROIC VERSE,開きたまえ！Next stAge！,CHARACTER SONG,librarians of Rootage (Ripnte， Stampa and Cleep),2,0,0,0,0,---,NO PLAY,---,5,0,0,0,---,NO PLAY,---,9,0,0,0,---,NO PLAY,---,11,2656,1218,220,3,EX HARD CLEAR,AAA,0,0,0,0,---,NO PLAY,---,2026-03-03 14:14
HEROIC VERSE,魅惑のYUMMYスイーツ,TWINKLE POP,BEMANI Sound Team "TATSUYA",1,0,0,0,0,---,NO PLAY,---,5,0,0,0,---,NO PLAY,---,9,0,0,0,---,NO PLAY,---,12,2666,1160,346,29,EX HARD CLEAR,AA,0,0,0,0,---,NO PLAY,---,2026-01-01 16:29
BISTROVER,-65℃,WHITE OUT,BEMANI Sound Team "D.J.Amuro",8,0,0,0,0,---,NO PLAY,---,7,0,0,0,---,NO PLAY,---,10,0,0,0,---,FULLCOMBO CLEAR,---,12,3334,1507,320,20,EX HARD CLEAR,AA,0,0,0,0,---,NO PLAY,---,2026-06-11 16:29
BISTROVER,ABSOLUTE (kors k Remix),IIDX ANTHEM REVIVAL,Remixed by kors k,2,0,0,0,0,---,NO PLAY,---,5,0,0,0,---,NO PLAY,---,8,0,0,0,---,NO PLAY,---,11,2376,1086,204,5,EX HARD CLEAR,AAA,0,0,0,0,---,NO PLAY,---,2026-03-03 14:09
BISTROVER,Ah Hah Yeah,UPTEMPO RAW,Masayoshi Iimori,1,0,0,0,0,---,NO PLAY,---,4,0,0,0,---,NO PLAY,---,8,0,0,0,---,NO PLAY,---,11,1998,916,166,13,EX HARD CLEAR,AAA,0,0,0,0,---,NO PLAY,---,2025-12-28 17:05
BISTROVER,AMRITA -不滅ノ花-,ORIENTAL TRANCE,SOUND HOLIC feat. Nana Takahashi,1,0,0,0,0,---,NO PLAY,---,4,0,0,0,---,NO PLAY,---,8,0,0,0,---,NO PLAY,---,11,2545,1161,223,0,FULLCOMBO CLEAR,AAA,0,0,0,0,---,NO PLAY,---,2025-12-14 14:25
BISTROVER,apo:llioth,HARDCORE,Juggernaut.,1,0,0,0,0,---,NO PLAY,---,5,0,0,0,---,NO PLAY,---,9,0,0,0,---,NO PLAY,---,11,2827,1338,151,4,EX HARD CLEAR,AAA,0,0,0,0,---,NO PLAY,---,2026-02-13 15:58
BISTROVER,As You Want,CYBER LIQUID FUNK,Maozon,0,0,0,0,0,---,NO PLAY,---,4,0,0,0,---,NO PLAY,---,8,0,0,0,---,NO PLAY,---,10,0,0,0,---,FULLCOMBO CLEAR,---,0,0,0,0,---,NO PLAY,---,2025-09-17 20:38
BISTROVER,ASIAN VIRTUAL REALITIES (MELTING TOGETHER IN DAZZLING DARKNESS),BIG BEAT,かめりあ,1,0,0,0,0,---,NO PLAY,---,5,0,0,0,---,NO PLAY,---,9,0,0,0,---,NO PLAY,---,12,2935,1268,399,19,EX HARD CLEAR,AA,0,0,0,0,---,NO PLAY,---,2025-12-07 13:56
BISTROVER,BEMANI PRO LEAGUE Theme,BPL EDM,BEMANI Sound Team "Sota F.",0,0,0,0,0,---,NO PLAY,---,4,0,0,0,---,NO PLAY,---,7,0,0,0,---,NO PLAY,---,9,0,0,0,---,FULLCOMBO CLEAR,---,0,0,0,0,---,NO PLAY,---,2025-09-17 20:38
BISTROVER,BIGソムタム,DRUM STEP,AJURIKA,4,3,0,0,0,---,NO PLAY,---,7,0,0,0,---,NO PLAY,---,9,0,0,0,---,NO PLAY,---,12,3166,1503,160,4,EX HARD CLEAR,AAA,0,0,0,0,---,NO PLAY,---,2026-05-08 13:22
BISTROVER,BLACK or WHITE?,SYMPHONIC SPEED SCHRANZ,BlackYooh vs. siromaru,5,3,0,0,0,---,NO PLAY,---,6,0,0,0,---,NO PLAY,---,10,0,0,0,---,FULLCOMBO CLEAR,---,12,3445,1536,373,25,EX HARD CLEAR,AA,0,0,0,0,---,NO PLAY,---,2026-07-04 15:46
BISTROVER,Burning Flame,HYPER TECHNO,AJURIKA feat.SAK.,3,0,0,0,0,---,NO PLAY,---,6,0,0,0,---,NO PLAY,---,9,0,0,0,---,NO PLAY,---,11,2665,1214,237,1,FULLCOMBO CLEAR,AAA,12,3303,1452,399,16,EX HARD CLEAR,AA,2026-02-16 16:09
BISTROVER,Chewingood!!!,CHIP RAVE,TORIENA,1,1,0,0,0,---,NO PLAY,---,4,0,0,0,---,NO PLAY,---,7,0,0,0,---,NO PLAY,---,10,2515,1206,103,0,FULLCOMBO CLEAR,AAA,0,0,0,0,---,NO PLAY,---,2026-01-19 13:53
BISTROVER,COSMIC RAY,BIGCORE,BEMANI Sound Team "Captain Sonic",2,0,0,0,0,---,NO PLAY,---,7,0,0,0,---,NO PLAY,---,10,0,0,0,---,FULLCOMBO CLEAR,---,12,2606,1140,326,9,EX HARD CLEAR,AA,0,0,0,0,---,NO PLAY,---,2025-12-28 16:02
BISTROVER,Crazy Jackpot,UK HARDCORE,Hommarju,1,0,0,0,0,---,NO PLAY,---,5,0,0,0,---,NO PLAY,---,9,0,0,0,---,NO PLAY,---,11,2609,1194,221,1,FULLCOMBO CLEAR,AAA,0,0,0,0,---,NO PLAY,---,2026-01-15 15:02
BISTROVER,Danza Aestas,CONTEMPORARY SALSA,Feryquitous,2,0,0,0,0,---,NO PLAY,---,5,0,0,0,---,NO PLAY,---,8,0,0,0,---,NO PLAY,---,11,2743,1251,241,0,FULLCOMBO CLEAR,AAA,0,0,0,0,---,NO PLAY,---,2026-05-18 13:12
BISTROVER,Dawn Saga,CELTIC TRANCE STEP,Nhato,1,0,0,0,0,---,NO PLAY,---,5,0,0,0,---,NO PLAY,---,9,0,0,0,---,NO PLAY,---,11,2458,1107,244,6,FULLCOMBO CLEAR,AAA,0,0,0,0,---,NO PLAY,---,2026-01-22 15:15
BISTROVER,DENIM,TECHNO,SLAKE,1,0,0,0,0,---,NO PLAY,---,4,0,0,0,---,NO PLAY,---,9,1260,591,78,0,FULLCOMBO CLEAR,AAA,10,0,0,0,---,FULLCOMBO CLEAR,---,0,0,0,0,---,NO PLAY,---,2025-10-12 12:57
BISTROVER,Don't Stop The Music feat. Kanae Asaba,ELECTRO FUNK,Nhato,0,0,0,0,0,---,NO PLAY,---,3,0,0,0,---,NO PLAY,---,6,0,0,0,---,NO PLAY,---,9,0,0,0,---,FULLCOMBO CLEAR,---,0,0,0,0,---,NO PLAY,---,2025-09-17 20:38
BISTROVER,DUAL STRIKER,IIDX SOUNDS,Mayumi Morinaga，Fernweh by BEMANI Sound Team "L.E.D. & HuΣeR",4,0,0,0,0,---,NO PLAY,---,6,0,0,0,---,NO PLAY,---,10,0,0,0,---,FULLCOMBO CLEAR,---,12,3550,1630,290,12,EX HARD CLEAR,AAA,0,0,0,0,---,NO PLAY,---,2026-01-28 15:20
BISTROVER,Empire of Fury,JUNGLE TERROR,kors k,8,0,0,0,0,---,NO PLAY,---,7,0,0,0,---,NO PLAY,---,10,0,0,0,---,FULLCOMBO CLEAR,---,12,2922,1319,284,22,EX HARD CLEAR,AA,0,0,0,0,---,NO PLAY,---,2026-03-04 17:32
BISTROVER,Euphoric Lagoon,J-DANCE FUSION,BEMANI Sound Team "TAG",2,0,0,0,0,---,NO PLAY,---,5,0,0,0,---,NO PLAY,---,8,0,0,0,---,NO PLAY,---,10,2398,1103,192,1,FULLCOMBO CLEAR,AAA,0,0,0,0,---,NO PLAY,---,2025-12-07 13:17
BISTROVER,Explorer feat. ぷにぷに電機,DANCE POP,パソコン音楽クラブ,1,0,0,0,0,---,NO PLAY,---,4,0,0,0,---,NO PLAY,---,7,0,0,0,---,NO PLAY,---,10,0,0,0,---,FULLCOMBO CLEAR,---,11,2688,1234,220,1,FULLCOMBO CLEAR,AAA,2026-01-04 16:12
BISTROVER,Farewell to Marrakech,MOROCCAN CROSSOVER,Dirty Androids,4,0,0,0,0,---,NO PLAY,---,5,0,0,0,---,NO PLAY,---,8,0,0,0,---,NO PLAY,---,11,2075,936,203,2,FULLCOMBO CLEAR,AAA,0,0,0,0,---,NO PLAY,---,2026-07-04 15:17
BISTROVER,Fire Beat,EXPERIMENTAL EUROBEAT,kors k,5,0,0,0,0,---,NO PLAY,---,6,0,0,0,---,NO PLAY,---,10,0,0,0,---,FULLCOMBO CLEAR,---,12,2510,1142,226,2,FULLCOMBO CLEAR,AAA,0,0,0,0,---,NO PLAY,---,2026-07-11 15:24
BISTROVER,Frisk And Squeak,MAKINA,nora2r,3,0,0,0,0,---,NO PLAY,---,4,0,0,0,---,NO PLAY,---,8,0,0,0,---,NO PLAY,---,10,2271,1054,163,0,FULLCOMBO CLEAR,AAA,0,0,0,0,---,NO PLAY,---,2026-01-15 14:38
BISTROVER,GIGA RAID,NEO RUSSIAN FUTURE,Blacklolita,1,0,0,0,0,---,NO PLAY,---,5,0,0,0,---,NO PLAY,---,9,0,0,0,---,NO PLAY,---,11,2225,1031,163,7,EX HARD CLEAR,AAA,0,0,0,0,---,NO PLAY,---,2025-12-26 14:38
BISTROVER,Globe Glitter,RAVE STEP,Sana，ATSUMI UEDA by BEMANI Sound Team "PON",1,0,0,0,0,---,NO PLAY,---,5,0,0,0,---,NO PLAY,---,8,0,0,0,---,NO PLAY,---,11,2544,1192,160,4,EX HARD CLEAR,AAA,0,0,0,0,---,NO PLAY,---,2026-04-19 16:14
BISTROVER,Here We Are,J-CORE,The 4th feat.ここなつ,3,2,0,0,0,---,NO PLAY,---,5,0,0,0,---,NO PLAY,---,8,0,0,0,---,NO PLAY,---,10,2309,1076,157,2,FULLCOMBO CLEAR,AAA,0,0,0,0,---,NO PLAY,---,2026-06-04 13:27
BISTROVER,HIGH VOLTAGE,HARDSTYLE,Yuta Imai,6,0,0,0,0,---,NO PLAY,---,4,0,0,0,---,NO PLAY,---,7,0,0,0,---,NO PLAY,---,10,2093,965,163,3,FULLCOMBO CLEAR,AAA,0,0,0,0,---,NO PLAY,---,2026-05-11 12:52
BISTROVER,Ignis†Irae,X,BEMANI Sound Team "神",24,0,0,0,0,---,NO PLAY,---,6,0,0,0,---,NO PLAY,---,10,0,0,0,---,FULLCOMBO CLEAR,---,12,3174,1349,476,32,HARD CLEAR,AA,0,0,0,0,---,NO PLAY,---,2026-07-11 17:33
BISTROVER,IIDX RED Ending (Ryu☆Remix),CAPTIVATE,Remixed by Ryu☆,3,0,0,0,0,---,NO PLAY,---,4,0,0,0,---,NO PLAY,---,7,0,0,0,---,NO PLAY,---,9,1741,809,123,0,FULLCOMBO CLEAR,AAA,0,0,0,0,---,NO PLAY,---,2026-05-18 13:31
BISTROVER,innocent revolver,BIGBAND JAZZ,OSTER project,2,0,0,0,0,---,NO PLAY,---,6,0,0,0,---,NO PLAY,---,10,0,0,0,---,FULLCOMBO CLEAR,---,12,3403,1497,409,14,EX HARD CLEAR,AA,0,0,0,0,---,NO PLAY,---,2026-02-11 15:21
BISTROVER,Jungle Eater,DRUMSTEP / RAGGATEK,Hommarju,1,0,0,0,0,---,NO PLAY,---,5,0,0,0,---,NO PLAY,---,9,0,0,0,---,NO PLAY,---,11,2720,1236,248,8,EX HARD CLEAR,AAA,0,0,0,0,---,NO PLAY,---,2026-04-17 13:50
BISTROVER,LAST DAY,PSYCHEDELIC TRANCE,AJURIKA,4,0,0,0,0,---,NO PLAY,---,6,0,0,0,---,NO PLAY,---,9,0,0,0,---,NO PLAY,---,11,2794,1280,234,4,FULLCOMBO CLEAR,AAA,0,0,0,0,---,NO PLAY,---,2026-08-07 20:43
BISTROVER,Level 3,DRUMSTEP / DnB,Yamato,8,0,0,0,0,---,NO PLAY,---,6,0,0,0,---,NO PLAY,---,10,0,0,0,---,FULLCOMBO CLEAR,---,12,3067,1324,419,17,EX HARD CLEAR,AA,0,0,0,0,---,NO PLAY,---,2026-04-07 15:22
BISTROVER,LOCUS OF THE TRAVEL,HAPPY BISTRO CORE,CANVAS feat. Quimar & BEMANI Sound Team "L.E.D.-G",8,0,0,0,0,---,NO PLAY,---,6,0,0,0,---,NO PLAY,---,10,0,0,0,---,FULLCOMBO CLEAR,---,12,3198,1386,426,32,EX HARD CLEAR,AA,0,0,0,0,---,NO PLAY,---,2026-06-11 16:43
BISTROVER,Lovely Howdy Cowboy!!,HAPPY COUNTRY CORE,まろん feat. キャサリン,1,0,0,0,0,---,NO PLAY,---,6,0,0,0,---,NO PLAY,---,9,0,0,0,---,NO PLAY,---,11,2521,1140,241,4,EX HARD CLEAR,AAA,0,0,0,0,---,NO PLAY,---,2026-05-09 13:05
BISTROVER,MA・TSU・RI,JAPANESQUE,かなたん，アマギセーラ，ぁゅ by BEMANI Sound Team "藤森崇多",2,0,0,0,0,---,NO PLAY,---,5,0,0,0,---,NO PLAY,---,9,0,0,0,---,NO PLAY,---,11,2424,1130,164,1,FULLCOMBO CLEAR,AAA,0,0,0,0,---,NO PLAY,---,2026-01-19 15:21
BISTROVER,MEGAERA,BULGARIAN CORE,fallen shepherd × cotowari ft. nayuta,17,0,0,0,0,---,NO PLAY,---,7,0,0,0,---,NO PLAY,---,10,0,0,0,---,FULLCOMBO CLEAR,---,12,3039,1352,335,28,HARD CLEAR,AA,0,0,0,0,---,NO PLAY,---,2026-06-28 15:29
BISTROVER,Midnight Drive,HIP HOP,らっぷびと Prod. by uno,3,0,0,0,0,---,NO PLAY,---,3,0,0,0,---,NO PLAY,---,8,0,0,0,---,NO PLAY,---,10,1797,814,169,11,EX HARD CLEAR,AA,0,0,0,0,---,NO PLAY,---,2026-05-09 12:49
BISTROVER,MOVE! (We Keep It Movin'),ORBITALIC ELECTRIC MUSIC,Jonny Dynamite!，Lisa - paint with stars -，Rio Hiiragi by BEMANI Sound Team "U1-ASAMi",0,0,0,0,0,---,NO PLAY,---,4,0,0,0,---,NO PLAY,---,7,0,0,0,---,NO PLAY,---,10,0,0,0,---,FULLCOMBO CLEAR,---,0,0,0,0,---,NO PLAY,---,2025-09-17 20:38
BISTROVER,Neo Heritage,HDM,kors k vs MAD CHILD,1,0,0,0,0,---,NO PLAY,---,5,0,0,0,---,NO PLAY,---,9,0,0,0,---,NO PLAY,---,11,2597,1178,241,8,EX HARD CLEAR,AAA,0,0,0,0,---,NO PLAY,---,2025-12-26 15:21
BISTROVER,Ocean Blue feat. Luschel,HiTECH FUSION,lapix,0,0,0,0,0,---,NO PLAY,---,4,0,0,0,---,NO PLAY,---,7,0,0,0,---,NO PLAY,---,10,0,0,0,---,FULLCOMBO CLEAR,---,0,0,0,0,---,NO PLAY,---,2025-09-17 20:38
BISTROVER,of the first magnitude,TRANCE,BEMANI Sound Team "Trance Liquid",1,0,0,0,0,---,NO PLAY,---,5,0,0,0,---,NO PLAY,---,9,0,0,0,---,NO PLAY,---,11,2680,1218,244,10,EX HARD CLEAR,AAA,0,0,0,0,---,NO PLAY,---,2025-12-24 14:22
BISTROVER,OTOKOZAKA,OLD FASHIONED,BEMANI Sound Team "Trance Liquid",1,0,0,0,0,---,NO PLAY,---,5,0,0,0,---,NO PLAY,---,9,0,0,0,---,NO PLAY,---,11,2726,1251,224,1,FULLCOMBO CLEAR,AAA,0,0,0,0,---,NO PLAY,---,2026-04-07 14:08
BISTROVER,Overslept,DRUM'N'BASS,PARKGOLF,2,0,0,0,0,---,NO PLAY,---,6,0,0,0,---,NO PLAY,---,9,0,0,0,---,NO PLAY,---,11,2358,1092,174,5,FULLCOMBO CLEAR,AAA,0,0,0,0,---,NO PLAY,---,2026-05-16 11:46
BISTROVER,Para siempre,MEXICAN DRUMSTEP,削除 feat. 削除,2,0,0,0,0,---,NO PLAY,---,5,0,0,0,---,NO PLAY,---,8,0,0,0,---,NO PLAY,---,11,2745,1288,169,2,FULLCOMBO CLEAR,AAA,0,0,0,0,---,NO PLAY,---,2026-03-05 14:17
BISTROVER,Parvati,ORBITALIC WORLD MUSIC,BEMANI Sound Team "U1 overground",1,0,0,0,0,---,NO PLAY,---,5,0,0,0,---,NO PLAY,---,9,0,0,0,---,NO PLAY,---,12,2523,1119,285,15,EX HARD CLEAR,AA,0,0,0,0,---,NO PLAY,---,2026-01-01 17:38
BISTROVER,POLKAMANIA,ポルカ2020,かめりあ feat. ななひら,10,2,0,0,0,---,NO PLAY,---,5,0,0,0,---,NO PLAY,---,9,0,0,0,---,NO PLAY,---,11,2601,1145,311,8,EX HARD CLEAR,AA,12,3210,1373,464,25,EX HARD CLEAR,AA,2026-06-20 14:25
BISTROVER,Rejection Girl,STYLISH FUTURE,BEMANI Sound Team "HuΣeR",1,0,0,0,0,---,NO PLAY,---,5,0,0,0,---,NO PLAY,---,9,0,0,0,---,NO PLAY,---,11,2463,1138,187,4,EX HARD CLEAR,AAA,0,0,0,0,---,NO PLAY,---,2025-12-25 16:38
BISTROVER,Ritual of Anubis,ARABIC HARD RITUAL,KO3 & Relect,1,0,0,0,0,---,NO PLAY,---,6,0,0,0,---,NO PLAY,---,9,0,0,0,---,NO PLAY,---,11,2587,1193,201,2,EX HARD CLEAR,AAA,0,0,0,0,---,NO PLAY,---,2026-05-01 13:17
BISTROVER,Romanticが止まらない,IIDX EDITION,Remixed by BEMANI Sound Team "L.E.D." & IOSYS,1,2,0,0,0,---,NO PLAY,---,5,0,0,0,---,NO PLAY,---,8,0,0,0,---,NO PLAY,---,11,2595,1233,129,1,FULLCOMBO CLEAR,AAA,0,0,0,0,---,NO PLAY,---,2026-01-28 15:36
BISTROVER,rommmo,BREAKCORE,callasoiled,4,0,0,0,0,---,NO PLAY,---,6,0,0,0,---,NO PLAY,---,9,0,0,0,---,NO PLAY,---,12,3123,1418,287,10,EX HARD CLEAR,AA,0,0,0,0,---,NO PLAY,---,2025-12-30 14:10
BISTROVER,Rosa azuL,HARD LATIN,lapix,4,0,0,0,0,---,NO PLAY,---,5,0,0,0,---,NO PLAY,---,9,0,0,0,---,NO PLAY,---,11,2555,1164,227,6,EX HARD CLEAR,AAA,0,0,0,0,---,NO PLAY,---,2026-06-05 14:35
BISTROVER,Rowdy,DUBSTEP,Dazsta,7,0,0,0,0,---,NO PLAY,---,5,0,0,0,---,NO PLAY,---,8,0,0,0,---,NO PLAY,---,10,2410,1161,88,2,FULLCOMBO CLEAR,AAA,0,0,0,0,---,NO PLAY,---,2026-06-04 17:19
BISTROVER,Rubrum Piano,ACID LATIN JAZZ,Xceon,2,0,0,0,0,---,NO PLAY,---,5,0,0,0,---,NO PLAY,---,9,0,0,0,---,NO PLAY,---,11,2284,1043,198,1,FULLCOMBO CLEAR,AAA,0,0,0,0,---,NO PLAY,---,2026-05-03 15:37
BISTROVER,S-Bahn,DARK TECHNO,BEMANI Sound Team "DARK TRAIN",0,0,0,0,0,---,NO PLAY,---,4,0,0,0,---,NO PLAY,---,7,0,0,0,---,NO PLAY,---,9,0,0,0,---,FULLCOMBO CLEAR,---,0,0,0,0,---,NO PLAY,---,2025-09-17 20:38
BISTROVER,Sinus Iridum,KAMIKURA,神楽改,6,0,0,0,0,---,NO PLAY,---,7,0,0,0,---,NO PLAY,---,11,1982,908,166,9,EX HARD CLEAR,AAA,12,2770,1160,450,41,HARD CLEAR,A,0,0,0,0,---,NO PLAY,---,2026-01-03 15:55
BISTROVER,smooooch・∀・ (Snail's House Remix),CANDY RAVE BASS,Remixed by Snail's House,1,0,0,0,0,---,NO PLAY,---,5,0,0,0,---,NO PLAY,---,8,0,0,0,---,NO PLAY,---,10,2224,1041,142,0,FULLCOMBO CLEAR,AAA,0,0,0,0,---,NO PLAY,---,2025-10-09 16:27
BISTROVER,SOLID STATE SQUAD -RISEN RELIC REMIX-,LIFE STREAM,Remixed by xi,2,0,0,0,0,---,NO PLAY,---,6,0,0,0,---,NO PLAY,---,10,0,0,0,---,FULLCOMBO CLEAR,---,12,3035,1398,239,3,EX HARD CLEAR,AAA,0,0,0,0,---,NO PLAY,---,2025-12-25 14:17
BISTROVER,Sugarplum,MOE CORE,KOTONOHOUSE,3,0,0,0,0,---,NO PLAY,---,5,0,0,0,---,NO PLAY,---,8,0,0,0,---,NO PLAY,---,10,2446,1185,76,0,FULLCOMBO CLEAR,AAA,0,0,0,0,---,NO PLAY,---,2026-04-23 14:59
BISTROVER,Swarm Of Scarabs,HOLIC,C-Show,1,0,0,0,0,---,NO PLAY,---,6,0,0,0,---,NO PLAY,---,8,0,0,0,---,NO PLAY,---,11,2165,987,191,16,EX HARD CLEAR,AAA,0,0,0,0,---,NO PLAY,---,2025-11-01 14:56
BISTROVER,Tell me what you wish feat.らっぷびと,ROCK,Pizuya's Cell,1,0,0,0,0,---,NO PLAY,---,5,0,0,0,---,NO PLAY,---,8,0,0,0,---,NO PLAY,---,11,2704,1276,152,1,FULLCOMBO CLEAR,AAA,0,0,0,0,---,NO PLAY,---,2026-01-17 15:13
BISTROVER,That Feeling,SPEED HOUSE,Crayvxn,1,0,0,0,0,---,NO PLAY,---,4,0,0,0,---,NO PLAY,---,8,0,0,0,---,NO PLAY,---,10,1765,806,153,2,FULLCOMBO CLEAR,AAA,0,0,0,0,---,NO PLAY,---,2025-10-25 14:32
BISTROVER,THE PEERLESS UNDER HEAVEN,HARD MIXTURE,Yuta Imai Vs. BEMANI Sound Team "L.E.D.-G",6,0,0,0,0,---,NO PLAY,---,6,0,0,0,---,NO PLAY,---,10,1901,858,185,2,FULLCOMBO CLEAR,AAA,12,2861,1194,473,40,HARD CLEAR,AA,0,0,0,0,---,NO PLAY,---,2026-03-15 16:50
BISTROVER,The Wind of China Express(The 4th Mashup),THE 4TH,The 4th,2,0,0,0,0,---,NO PLAY,---,5,0,0,0,---,NO PLAY,---,8,0,0,0,---,NO PLAY,---,10,2397,1124,149,1,FULLCOMBO CLEAR,AAA,0,0,0,0,---,NO PLAY,---,2026-06-04 13:29
BISTROVER,Tiempo Loco,Hi-TECH / PSY CORE,kors k feat.Hboy,11,0,0,0,0,---,NO PLAY,---,5,0,0,0,---,NO PLAY,---,10,0,0,0,---,FULLCOMBO CLEAR,---,12,3315,1489,337,10,EX HARD CLEAR,AA,0,0,0,0,---,NO PLAY,---,2026-06-03 16:23
BISTROVER,Viridian,NU-NRG,REMO-CON,9,0,0,0,0,---,NO PLAY,---,5,0,0,0,---,NO PLAY,---,10,0,0,0,---,FULLCOMBO CLEAR,---,12,3010,1360,290,3,EX HARD CLEAR,AA,0,0,0,0,---,NO PLAY,---,2026-08-07 21:43
BISTROVER,Vitrum,PROGRESSIVE METAL,BEMANI Sound Team "Yvya",6,0,0,0,0,---,NO PLAY,---,6,0,0,0,---,NO PLAY,---,9,0,0,0,---,NO PLAY,---,12,3147,1381,385,16,EX HARD CLEAR,AA,0,0,0,0,---,NO PLAY,---,2026-07-04 16:31
BISTROVER,WAKE UP NOW,TROPICAL ELECTRO HOUSE,Maozon feat. Chica,4,0,0,0,0,---,NO PLAY,---,5,0,0,0,---,NO PLAY,---,7,0,0,0,---,NO PLAY,---,9,0,0,0,---,FULLCOMBO CLEAR,---,10,2348,1105,138,0,FULLCOMBO CLEAR,AAA,2025-12-25 14:04
BISTROVER,When I Met U,HYBRID BASSLINE,LADY'S ONLY,0,0,0,0,0,---,NO PLAY,---,4,0,0,0,---,NO PLAY,---,7,0,0,0,---,NO PLAY,---,10,0,0,0,---,FULLCOMBO CLEAR,---,0,0,0,0,---,NO PLAY,---,2025-09-17 20:38
BISTROVER,Winner's Proof ft. KANASA from bless4,THEME SONG,BEMANI Sound Team "HuΣeR" & kors k,2,1,0,0,0,---,NO PLAY,---,4,0,0,0,---,NO PLAY,---,7,0,0,0,---,NO PLAY,---,10,2167,1053,61,0,FULLCOMBO CLEAR,AAA,0,0,0,0,---,NO PLAY,---,2026-06-04 16:24
BISTROVER,X-ray binary,TRANCE,BEMANI Sound Team "Trance Liquid",1,0,0,0,0,---,NO PLAY,---,5,0,0,0,---,NO PLAY,---,9,0,0,0,---,NO PLAY,---,11,2569,1168,233,5,FULLCOMBO CLEAR,AAA,0,0,0,0,---,NO PLAY,---,2026-01-01 15:17
BISTROVER,Zenith,PLUS ONE,Snail's House,4,0,0,0,0,---,NO PLAY,---,5,0,0,0,---,NO PLAY,---,9,0,0,0,---,NO PLAY,---,11,1977,881,215,1,FULLCOMBO CLEAR,AA,0,0,0,0,---,NO PLAY,---,2026-06-09 13:15
BISTROVER,∀,RENAISSANCE,BEMANI Sound Team "HuΣeR" respect for D.J.Amuro,1,3,0,0,0,---,NO PLAY,---,7,0,0,0,---,NO PLAY,---,10,0,0,0,---,FULLCOMBO CLEAR,---,12,3226,1501,224,26,EX HARD CLEAR,AAA,0,0,0,0,---,NO PLAY,---,2025-10-12 16:42
BISTROVER,ここからよろしく大作戦143,ROCK,BEMANI Sound Team "あさき隊",3,1,0,0,0,---,NO PLAY,---,4,0,0,0,---,NO PLAY,---,8,0,0,0,---,NO PLAY,---,10,2445,1184,77,1,FULLCOMBO CLEAR,AAA,11,3025,1435,155,0,FULLCOMBO CLEAR,AAA,2026-02-02 14:15
BISTROVER,スーパー戦湯ババンバーン,オンセンヒーロー,すわひでお，秋成，かぼちゃ，藍月なくる，NU-KO by BEMANI Sound Team "八戸亀生羅",1,0,0,0,0,---,NO PLAY,---,6,0,0,0,---,NO PLAY,---,10,0,0,0,---,FULLCOMBO CLEAR,---,12,3143,1438,267,28,EX HARD CLEAR,AAA,0,0,0,0,---,NO PLAY,---,2026-01-01 16:26
BISTROVER,ディスコルディア,CROSSOVER,ぺのれり vs. BEMANI Sound Team "HuΣeR",5,0,0,0,0,---,NO PLAY,---,7,0,0,0,---,NO PLAY,---,10,0,0,0,---,FULLCOMBO CLEAR,---,12,3407,1500,407,47,HARD CLEAR,AA,0,0,0,0,---,NO PLAY,---,2026-03-23 12:16
BISTROVER,バッド・スイーツ、バッド・ドリーム,.+:☆ BAD FUTURE ☆:+.,かめりあ feat. ななひら,3,0,0,0,0,---,NO PLAY,---,5,0,0,0,---,NO PLAY,---,9,0,0,0,---,NO PLAY,---,12,3207,1427,353,33,EX HARD CLEAR,AA,0,0,0,0,---,NO PLAY,---,2026-04-23 15:51
BISTROVER,世界の果てに約束の凱歌を -ReUnion-,BRAVE ANTHEM,OSTER project feat. かなたん,2,0,0,0,0,---,NO PLAY,---,6,0,0,0,---,NO PLAY,---,9,0,0,0,---,NO PLAY,---,12,3476,1583,310,17,EX HARD CLEAR,AA,0,0,0,0,---,NO PLAY,---,2026-08-07 21:53
BISTROVER,乱膳の舞姫,BALKANIC ROCK,BEMANI Sound Team "Akhuta Works" feat. mami,1,0,0,0,0,---,NO PLAY,---,6,0,0,0,---,NO PLAY,---,9,0,0,0,---,NO PLAY,---,11,2547,1171,205,1,FULLCOMBO CLEAR,AAA,0,0,0,0,---,NO PLAY,---,2026-01-19 14:59
BISTROVER,二人ノ廃城幽踊宴,SPUKWALZER,上ノ瀬つかさ,8,0,0,0,0,---,NO PLAY,---,7,0,0,0,---,NO PLAY,---,10,0,0,0,---,FULLCOMBO CLEAR,---,12,3130,1332,466,17,EX HARD CLEAR,AA,0,0,0,0,---,NO PLAY,---,2026-04-06 15:05
BISTROVER,伐折羅-vajra-,KUDOS CORE,DJ TOTTO VS 兎々,8,0,0,0,0,---,NO PLAY,---,6,0,0,0,---,NO PLAY,---,10,0,0,0,---,FULLCOMBO CLEAR,---,12,3253,1455,343,8,EX HARD CLEAR,AA,0,0,0,0,---,NO PLAY,---,2026-06-11 16:18
BISTROVER,儚き恋の華,BLOOM ROCK,BEMANI Sound Team "TAG" feat. 猫体質,1,0,0,0,0,---,NO PLAY,---,5,0,0,0,---,NO PLAY,---,9,0,0,0,---,NO PLAY,---,11,2720,1235,250,4,EX HARD CLEAR,AAA,0,0,0,0,---,NO PLAY,---,2026-03-09 14:48
BISTROVER,新宝島,IIDX EDITION,Remixed by BEMANI Sound Team "TAG feat. PON",10,3,0,0,0,---,NO PLAY,---,5,0,0,0,---,NO PLAY,---,7,0,0,0,---,NO PLAY,---,10,0,0,0,---,FULLCOMBO CLEAR,---,12,3209,1466,277,0,FULLCOMBO CLEAR,AAA,2026-05-08 12:54
BISTROVER,水無月の雫 ft. 小林まな,-和- EURO TRANCE,Xceon,0,0,0,0,0,---,NO PLAY,---,6,0,0,0,---,NO PLAY,---,8,0,0,0,---,NO PLAY,---,10,0,0,0,---,FULLCOMBO CLEAR,---,0,0,0,0,---,NO PLAY,---,2025-09-17 20:38
BISTROVER,水鏡の異界,JAPANESE TECH BREAKS,BEMANI Sound Team "Coyaan",2,0,0,0,0,---,NO PLAY,---,5,0,0,0,---,NO PLAY,---,9,0,0,0,---,NO PLAY,---,12,2809,1216,377,22,EX HARD CLEAR,AA,0,0,0,0,---,NO PLAY,---,2026-01-28 17:41
BISTROVER,涙のテ・エストラーニョ・ムーチョ,Hi-歌謡タンゴ,LA BAILARINA☆Prim,1,0,0,0,0,---,NO PLAY,---,6,0,0,0,---,NO PLAY,---,9,0,0,0,---,NO PLAY,---,11,2626,1223,180,2,FULLCOMBO CLEAR,AAA,0,0,0,0,---,NO PLAY,---,2026-04-23 14:36
BISTROVER,無意識のフィロソフィア,HARD TRANCE,BEMANI Sound Team "TAG",2,0,0,0,0,---,NO PLAY,---,5,0,0,0,---,NO PLAY,---,9,0,0,0,---,NO PLAY,---,11,3079,1415,249,2,FULLCOMBO CLEAR,AAA,0,0,0,0,---,NO PLAY,---,2026-03-15 16:23
BISTROVER,犬に雨傘,FRENCH POP,OSTER project feat. そらこ,0,0,0,0,0,---,NO PLAY,---,4,0,0,0,---,NO PLAY,---,7,0,0,0,---,NO PLAY,---,9,0,0,0,---,FULLCOMBO CLEAR,---,0,0,0,0,---,NO PLAY,---,2025-09-17 20:38
BISTROVER,閠槞彁の願い,DARKSTEP,DJ TECHNORCH & RoughSketch,1,0,0,0,0,---,NO PLAY,---,6,0,0,0,---,NO PLAY,---,10,0,0,0,---,FULLCOMBO CLEAR,---,12,2741,1233,275,24,EX HARD CLEAR,AA,0,0,0,0,---,NO PLAY,---,2025-12-24 16:27
BISTROVER,霧幻メモリア,LAST FRONTIER,BEMANI Sound Team "劇団レコード" feat.Risa Yuzuki,0,0,0,0,0,---,NO PLAY,---,5,0,0,0,---,NO PLAY,---,7,0,0,0,---,NO PLAY,---,10,0,0,0,---,FULLCOMBO CLEAR,---,0,0,0,0,---,NO PLAY,---,2025-09-17 20:38
BISTROVER,魔法のかくれんぼ,FANTASY TOYPOP,Snail's House,1,0,0,0,0,---,NO PLAY,---,5,0,0,0,---,NO PLAY,---,9,0,0,0,---,NO PLAY,---,12,2448,1083,282,13,EX HARD CLEAR,AA,0,0,0,0,---,NO PLAY,---,2025-12-30 14:20
CastHour,10000 MILES AWAY,DRUMSTEP,AJURIKA,2,0,0,0,0,---,NO PLAY,---,5,0,0,0,---,NO PLAY,---,9,0,0,0,---,NO PLAY,---,11,2717,1245,227,3,EX HARD CLEAR,AAA,0,0,0,0,---,NO PLAY,---,2026-07-12 14:00
CastHour,2 Beasts Unchained,HARDCORE,kors k vs Yooh,3,0,0,0,0,---,NO PLAY,---,7,0,0,0,---,NO PLAY,---,10,0,0,0,---,FULLCOMBO CLEAR,---,12,2990,1313,364,19,EX HARD CLEAR,AA,0,0,0,0,---,NO PLAY,---,2026-04-11 16:06
CastHour,808monkey,JUNGLE TERROR,AJURIKA,0,0,0,0,0,---,NO PLAY,---,4,0,0,0,---,NO PLAY,---,7,0,0,0,---,NO PLAY,---,9,0,0,0,---,FULLCOMBO CLEAR,---,0,0,0,0,---,NO PLAY,---,2025-09-17 20:38
CastHour,ABSOLUTE EVIL,EUPHORIC FRENCHCORE,Yuta Imai,10,1,0,0,0,---,NO PLAY,---,6,0,0,0,---,NO PLAY,---,10,0,0,0,---,FULLCOMBO CLEAR,---,12,3209,1481,247,12,EX HARD CLEAR,AAA,0,0,0,0,---,NO PLAY,---,2026-06-11 16:15
CastHour,Aftermath,ROCK,BEMANI Sound Team "猫叉Master & あさき & Yvya",4,0,0,0,0,---,NO PLAY,---,6,0,0,0,---,NO PLAY,---,10,0,0,0,---,FULLCOMBO CLEAR,---,12,3285,1512,261,17,EX HARD CLEAR,AAA,0,0,0,0,---,NO PLAY,---,2026-04-14 14:17
CastHour,ALTERNATOR,IRREGULAR OMNIBUS HARDCORE,BEMANI Sound Team "dj Hellix",2,0,0,0,0,---,NO PLAY,---,7,0,0,0,---,NO PLAY,---,10,0,0,0,---,FULLCOMBO CLEAR,---,12,3366,1532,302,23,EX HARD CLEAR,AA,0,0,0,0,---,NO PLAY,---,2026-01-16 15:53
CastHour,AMICABLE,FUTURE POP,BEMANI Sound Team "Sota F.",1,0,0,0,0,---,NO PLAY,---,5,0,0,0,---,NO PLAY,---,8,0,0,0,---,NO PLAY,---,10,2312,1068,176,0,FULLCOMBO CLEAR,AAA,0,0,0,0,---,NO PLAY,---,2025-12-06 14:29
CastHour,ANEMONE,EMOTIONAL J-POP,BEMANI Sound Team "HuΣeR × Yvya" feat.紫村 花澄,1,1,0,0,0,---,NO PLAY,---,4,0,0,0,---,NO PLAY,---,7,0,0,0,---,NO PLAY,---,10,2099,1030,39,0,FULLCOMBO CLEAR,AAA,0,0,0,0,---,NO PLAY,---,2025-10-12 13:23
CastHour,Angel's Ladder,PIANO TECH,xi,2,0,0,0,0,---,NO PLAY,---,6,0,0,0,---,NO PLAY,---,10,0,0,0,---,FULLCOMBO CLEAR,---,12,3032,1332,368,20,EX HARD CLEAR,AA,0,0,0,0,---,NO PLAY,---,2026-05-14 13:22
CastHour,Ariah,UNSUNG REQUIEM,satella feat.藍月なくる,1,0,0,0,0,---,NO PLAY,---,4,0,0,0,---,NO PLAY,---,7,0,0,0,---,NO PLAY,---,10,2095,1008,79,2,FULLCOMBO CLEAR,AAA,0,0,0,0,---,NO PLAY,---,2026-07-05 15:29
CastHour,Arkadia,FREEFORM HARDCORE,Hommarju ft. Mayumi Morinaga,9,0,0,0,0,---,NO PLAY,---,5,0,0,0,---,NO PLAY,---,9,0,0,0,---,NO PLAY,---,12,3270,1455,360,9,EX HARD CLEAR,AA,0,0,0,0,---,NO PLAY,---,2026-05-28 13:38
CastHour,Banger Banger Banger Banger,EARLY RAVE,nora2r,5,0,0,0,0,---,NO PLAY,---,5,0,0,0,---,NO PLAY,---,9,0,0,0,---,NO PLAY,---,11,2708,1242,224,4,EX HARD CLEAR,AAA,0,0,0,0,---,NO PLAY,---,2026-08-08 13:44
CastHour,Binary Black Hole,BLACK OUT,BEMANI Sound Team "D.J.Amuro",10,0,0,0,0,---,NO PLAY,---,6,0,0,0,---,NO PLAY,---,10,0,0,0,---,FULLCOMBO CLEAR,---,12,3285,1423,439,20,EX HARD CLEAR,AA,0,0,0,0,---,NO PLAY,---,2026-08-16 16:00
CastHour,Blue Bird feat. Kanae Asaba,LATIN FUSION POP,Nhato,2,0,0,0,0,---,NO PLAY,---,4,0,0,0,---,NO PLAY,---,6,0,0,0,---,NO PLAY,---,8,1620,736,148,2,FULLCOMBO CLEAR,AAA,0,0,0,0,---,NO PLAY,---,2026-08-08 11:46
CastHour,Brave Spirits,MELODIC RIDDIM,MK,1,0,0,0,0,---,NO PLAY,---,4,0,0,0,---,NO PLAY,---,8,0,0,0,---,NO PLAY,---,10,2289,1055,179,1,FULLCOMBO CLEAR,AAA,0,0,0,0,---,NO PLAY,---,2025-12-07 13:20
CastHour,DISPARATE,CYBERPUNK,BEMANI Sound Team "Captain Sonic",1,0,0,0,0,---,NO PLAY,---,5,0,0,0,---,NO PLAY,---,8,0,0,0,---,NO PLAY,---,11,2307,1082,143,3,EX HARD CLEAR,AAA,0,0,0,0,---,NO PLAY,---,2026-01-07 14:54
CastHour,Divine Heaven,BIG ANTHEM,Absolute The 4th,3,0,0,0,0,---,NO PLAY,---,5,0,0,0,---,NO PLAY,---,9,0,0,0,---,NO PLAY,---,11,2773,1295,183,3,EX HARD CLEAR,AAA,0,0,0,0,---,NO PLAY,---,2026-07-12 13:04
CastHour,Don't believe the hype,MIXTURE,DJ Mass MAD Izm* feat.H14(LEONAIR),22,0,0,0,0,---,NO PLAY,---,6,0,0,0,---,NO PLAY,---,10,2138,1008,122,0,FULLCOMBO CLEAR,AAA,12,2968,1368,232,25,EX HARD CLEAR,AAA,0,0,0,0,---,NO PLAY,---,2026-04-06 15:46
CastHour,DREAM OF SPACE UFO ABDUCTION,ABDUCTION BEAT,BEMANI Sound Team "謎の宇宙人スペースX",4,0,0,0,0,---,NO PLAY,---,5,0,0,0,---,NO PLAY,---,8,0,0,0,---,NO PLAY,---,11,2479,1133,213,1,FULLCOMBO CLEAR,AAA,0,0,0,0,---,NO PLAY,---,2026-07-04 14:54
CastHour,Emera,EDM STYLE,PON,2,0,0,0,0,---,NO PLAY,---,5,0,0,0,---,NO PLAY,---,8,0,0,0,---,NO PLAY,---,11,2122,964,194,6,EX HARD CLEAR,AAA,0,0,0,0,---,NO PLAY,---,2026-08-07 20:37
CastHour,EMOTiON TRiPPER,ELECTRIC POP,sky_delta,2,0,0,0,0,---,NO PLAY,---,5,0,0,0,---,NO PLAY,---,8,0,0,0,---,NO PLAY,---,10,2058,968,122,0,FULLCOMBO CLEAR,AAA,0,0,0,0,---,NO PLAY,---,2025-10-06 13:03
CastHour,Ergosphere,亜空間ジャズ,TOMOSUKE,2,0,0,0,0,---,NO PLAY,---,5,0,0,0,---,NO PLAY,---,9,0,0,0,---,NO PLAY,---,11,2495,1130,235,4,EX HARD CLEAR,AAA,0,0,0,0,---,NO PLAY,---,2026-06-10 15:25
CastHour,Fantastic Merry-Go-Round,DIGITAL POP,SOUND HOLIC feat. Nana Takahashi,0,0,0,0,0,---,NO PLAY,---,4,0,0,0,---,NO PLAY,---,7,0,0,0,---,NO PLAY,---,9,0,0,0,---,FULLCOMBO CLEAR,---,0,0,0,0,---,NO PLAY,---,2025-09-17 20:38
CastHour,Fegrix,EURO BEAT,Xceon vs DJ Command (Eurobeat Union),2,0,0,0,0,---,NO PLAY,---,6,0,0,0,---,NO PLAY,---,10,0,0,0,---,FULLCOMBO CLEAR,---,12,2954,1317,320,19,EX HARD CLEAR,AA,0,0,0,0,---,NO PLAY,---,2026-06-02 14:50
CastHour,FINALLY BLAZE,ENERGETIC HARDCORE,BlackY,2,0,0,0,0,---,NO PLAY,---,5,0,0,0,---,NO PLAY,---,9,0,0,0,---,NO PLAY,---,11,2631,1219,193,2,FULLCOMBO CLEAR,AAA,0,0,0,0,---,NO PLAY,---,2026-03-21 13:35
CastHour,Flying Castle,COLOUR CORE,lapix,9,0,0,0,0,---,NO PLAY,---,6,0,0,0,---,NO PLAY,---,10,0,0,0,---,FULLCOMBO CLEAR,---,12,3262,1447,368,9,EX HARD CLEAR,AA,0,0,0,0,---,NO PLAY,---,2026-06-20 15:31
CastHour,Game Changers,HARD MIXTURE,Yuta Imai,1,0,0,0,0,---,NO PLAY,---,4,0,0,0,---,NO PLAY,---,8,0,0,0,---,NO PLAY,---,11,2547,1180,187,4,EX HARD CLEAR,AAA,0,0,0,0,---,NO PLAY,---,2026-01-01 15:15
CastHour,Get set， Go! feat.Kanae Asaba,FUTURE BOUNCE,MK,0,0,0,0,0,---,NO PLAY,---,4,0,0,0,---,NO PLAY,---,7,0,0,0,---,NO PLAY,---,10,0,0,0,---,FULLCOMBO CLEAR,---,0,0,0,0,---,NO PLAY,---,2025-09-17 20:38
CastHour,GiGaGaHell,EXTRATONE,m1dy， RoughSketch,6,0,0,0,0,---,NO PLAY,---,7,0,0,0,---,NO PLAY,---,10,0,0,0,---,FULLCOMBO CLEAR,---,12,2739,1166,407,19,EX HARD CLEAR,AA,0,0,0,0,---,NO PLAY,---,2026-07-05 15:55
CastHour,GRAVITON,NEUROFUNK,BEMANI Sound Team "L.E.D.",6,0,0,0,0,---,NO PLAY,---,6,0,0,0,---,NO PLAY,---,10,0,0,0,---,FULLCOMBO CLEAR,---,12,3075,1387,301,15,EX HARD CLEAR,AA,0,0,0,0,---,NO PLAY,---,2026-03-03 14:44
CastHour,hard-wired,HIDEOUT,Yuta Imai ≡ Blacklolita,9,0,0,0,0,---,NO PLAY,---,7,0,0,0,---,NO PLAY,---,10,0,0,0,---,FULLCOMBO CLEAR,---,12,3034,1305,424,44,HARD CLEAR,AA,0,0,0,0,---,NO PLAY,---,2026-05-14 13:34
CastHour,Harmonia,NU PRELUDE,ATSUMI UEDA,1,0,0,0,0,---,NO PLAY,---,4,0,0,0,---,NO PLAY,---,7,0,0,0,---,NO PLAY,---,10,1882,879,124,2,FULLCOMBO CLEAR,AAA,0,0,0,0,---,NO PLAY,---,2026-07-04 14:26
CastHour,Hat Surprise,UK HARDCORE,Hommarju,1,0,0,0,0,---,NO PLAY,---,4,0,0,0,---,NO PLAY,---,8,0,0,0,---,NO PLAY,---,11,2299,1080,139,2,FULLCOMBO CLEAR,AAA,0,0,0,0,---,NO PLAY,---,2026-01-28 14:51
CastHour,HEARTACHE,HEALING FUTURE,BEMANI Sound Team "HuΣeR" feat.ゆきまめ,1,0,0,0,0,---,NO PLAY,---,3,0,0,0,---,NO PLAY,---,7,0,0,0,---,NO PLAY,---,10,1717,795,127,4,FULLCOMBO CLEAR,AAA,0,0,0,0,---,NO PLAY,---,2025-11-23 13:31
CastHour,kors k's How to make OTOGE CORE,CHANNEL K,kors k,2,0,0,0,0,---,NO PLAY,---,5,0,0,0,---,NO PLAY,---,9,0,0,0,---,NO PLAY,---,11,2140,992,156,4,EX HARD CLEAR,AAA,0,0,0,0,---,NO PLAY,---,2025-11-09 15:59
CastHour,Lawes's Parotia,PROGRESSIVE METAL,BEMANI Sound Team "Yvya",2,0,0,0,0,---,NO PLAY,---,4,0,0,0,---,NO PLAY,---,8,0,0,0,---,NO PLAY,---,11,2396,1119,158,1,FULLCOMBO CLEAR,AAA,0,0,0,0,---,NO PLAY,---,2026-05-09 13:20
CastHour,LIVE DRIVING!! feat. 花たん,HARD ELECTRIC POP,BEMANI Sound Team "S-C-U vs L.E.D.",5,0,0,0,0,---,NO PLAY,---,7,0,0,0,---,NO PLAY,---,10,0,0,0,---,FULLCOMBO CLEAR,---,12,3567,1681,205,20,EX HARD CLEAR,AAA,0,0,0,0,---,NO PLAY,---,2026-04-25 13:34
CastHour,N.O.,ASTRONOMICAL TECHNO,かめりあ,0,0,0,0,0,---,NO PLAY,---,5,0,0,0,---,NO PLAY,---,8,0,0,0,---,NO PLAY,---,10,0,0,0,---,FULLCOMBO CLEAR,---,0,0,0,0,---,NO PLAY,---,2025-09-17 20:38
CastHour,n/a,SYMPHONIC DUBSTEP,Blacklolita,24,0,0,0,0,---,NO PLAY,---,7,0,0,0,---,NO PLAY,---,10,0,0,0,---,FULLCOMBO CLEAR,---,12,2953,1256,441,61,HARD CLEAR,AA,0,0,0,0,---,NO PLAY,---,2026-05-28 16:05
CastHour,No Day But Today!,J-POP,NU-KO & yunocy,1,2,0,0,0,---,NO PLAY,---,4,0,0,0,---,NO PLAY,---,7,0,0,0,---,NO PLAY,---,10,1858,867,124,0,FULLCOMBO CLEAR,AAA,0,0,0,0,---,NO PLAY,---,2026-07-08 19:38
CastHour,Nocturnal 2097,DARKSYNTH,Dirty Androids,5,0,0,0,0,---,NO PLAY,---,5,0,0,0,---,NO PLAY,---,9,0,0,0,---,NO PLAY,---,11,2670,1207,256,3,FULLCOMBO CLEAR,AAA,0,0,0,0,---,NO PLAY,---,2026-07-25 17:42
CastHour,Non Stop Rock,DRUM'N'BASS,Masayoshi Iimori,0,0,0,0,0,---,NO PLAY,---,4,0,0,0,---,NO PLAY,---,8,0,0,0,---,NO PLAY,---,10,0,0,0,---,FULLCOMBO CLEAR,---,0,0,0,0,---,NO PLAY,---,2025-09-17 20:38
CastHour,One for All,EUPHORIC FRENCHCORE,RoughSketch,5,0,0,0,0,---,NO PLAY,---,5,0,0,0,---,NO PLAY,---,9,0,0,0,---,NO PLAY,---,12,2898,1335,228,26,EX HARD CLEAR,AA,0,0,0,0,---,NO PLAY,---,2026-05-16 12:43
CastHour,Onyx,STYLISH COLOUR,BEMANI Sound Team "HuΣeR",1,0,0,0,0,---,NO PLAY,---,5,0,0,0,---,NO PLAY,---,8,0,0,0,---,NO PLAY,---,11,2240,1042,156,4,FULLCOMBO CLEAR,AAA,0,0,0,0,---,NO PLAY,---,2025-10-12 13:26
CastHour,P.O.W.E.R.,RAWSTYLE,Yuta Imai,3,0,0,0,0,---,NO PLAY,---,5,0,0,0,---,NO PLAY,---,8,0,0,0,---,NO PLAY,---,10,2113,943,227,1,FULLCOMBO CLEAR,AAA,0,0,0,0,---,NO PLAY,---,2026-03-05 12:50
CastHour,PIRATES BLADE,STORMY SEA,BEMANI Sound Team "劇団レコード",1,0,0,0,0,---,NO PLAY,---,5,0,0,0,---,NO PLAY,---,8,0,0,0,---,NO PLAY,---,10,0,0,0,---,FULLCOMBO CLEAR,---,0,0,0,0,---,NO PLAY,---,2026-02-02 16:42
CastHour,PLASMA SOUL NIGHT feat. Nana Takahashi / 709sec.,LIGHTNING EUROBEAT,BEMANI Sound Team "L.E.D.",3,2,0,0,0,---,NO PLAY,---,6,0,0,0,---,NO PLAY,---,10,0,0,0,---,FULLCOMBO CLEAR,---,12,4030,1842,346,12,EX HARD CLEAR,AA,0,0,0,0,---,NO PLAY,---,2026-07-12 14:08
CastHour,Pout,FUTURE BASS,BEMANI Sound Team "SYUNN",1,0,0,0,0,---,NO PLAY,---,6,0,0,0,---,NO PLAY,---,9,0,0,0,---,NO PLAY,---,11,2402,1101,200,2,FULLCOMBO CLEAR,AAA,0,0,0,0,---,NO PLAY,---,2026-03-15 16:35
CastHour,Prohibited Props,VARIABLE FUTURE BASS,BEMANI Sound Team "ZAQUVA",0,0,0,0,0,---,NO PLAY,---,5,0,0,0,---,NO PLAY,---,8,0,0,0,---,NO PLAY,---,10,0,0,0,---,FULLCOMBO CLEAR,---,0,0,0,0,---,NO PLAY,---,2025-09-17 20:38
CastHour,Purple Perplex,MELODIC RIDDIM,Eagle,1,0,0,0,0,---,NO PLAY,---,7,0,0,0,---,NO PLAY,---,10,0,0,0,---,FULLCOMBO CLEAR,---,12,2700,1188,324,20,EX HARD CLEAR,AA,0,0,0,0,---,NO PLAY,---,2025-11-30 15:16
CastHour,Push on Beats!～音ゲの国のeX-ストリーマー～,AKIBA-POP,MOSAIC.WAV,2,0,0,0,0,---,NO PLAY,---,6,0,0,0,---,NO PLAY,---,9,0,0,0,---,NO PLAY,---,12,2918,1277,364,28,EX HARD CLEAR,AA,0,0,0,0,---,NO PLAY,---,2026-03-17 14:46
CastHour,RAGE feat.H14 of LEONAIR,MIXTURE,DJ Mass MAD Izm*,8,3,0,0,0,---,NO PLAY,---,6,0,0,0,---,NO PLAY,---,10,2075,933,209,0,FULLCOMBO CLEAR,AAA,12,2980,1229,522,48,HARD CLEAR,AA,0,0,0,0,---,NO PLAY,---,2026-06-03 16:57
CastHour,Silver Bullet,PIANO CONCERTINO + JAZZ FUSION,xi,3,0,0,0,0,---,NO PLAY,---,6,0,0,0,---,NO PLAY,---,10,0,0,0,---,FULLCOMBO CLEAR,---,12,2800,1215,370,6,EX HARD CLEAR,AA,0,0,0,0,---,NO PLAY,---,2026-05-18 13:29
CastHour,Smalt #28598F,TECH DANCE,REMO-CON,2,0,0,0,0,---,NO PLAY,---,6,0,0,0,---,NO PLAY,---,10,0,0,0,---,FULLCOMBO CLEAR,---,12,3100,1404,292,9,EX HARD CLEAR,AAA,0,0,0,0,---,NO PLAY,---,2026-03-26 13:14
CastHour,SOLID WYVERN,HARDPSY,BEMANI Sound Team "L.E.D.",10,0,0,0,0,---,NO PLAY,---,6,0,0,0,---,NO PLAY,---,9,0,0,0,---,NO PLAY,---,11,2419,1103,213,2,FULLCOMBO CLEAR,AAA,12,3348,1454,440,16,EX HARD CLEAR,AA,2026-06-28 15:59
CastHour,Souhait bleu,ALCHEMY POP,しーけー,3,0,0,0,0,---,NO PLAY,---,5,0,0,0,---,NO PLAY,---,9,0,0,0,---,NO PLAY,---,11,2577,1189,199,2,EX HARD CLEAR,AAA,0,0,0,0,---,NO PLAY,---,2026-06-04 16:29
CastHour,SPARK IN THE NIGHT,EUPHORIC HARDSTYLE,BEMANI Sound Team "L.E.D.-G",1,0,0,0,0,---,NO PLAY,---,4,0,0,0,---,NO PLAY,---,8,0,0,0,---,NO PLAY,---,10,2062,929,204,1,FULLCOMBO CLEAR,AAA,0,0,0,0,---,NO PLAY,---,2026-01-25 14:23
CastHour,Stepper,DANCE MUSIC,PSYQUI,0,0,0,0,0,---,NO PLAY,---,4,0,0,0,---,NO PLAY,---,8,0,0,0,---,NO PLAY,---,10,0,0,0,---,FULLCOMBO CLEAR,---,0,0,0,0,---,NO PLAY,---,2025-09-17 20:38
CastHour,Tail Lights,TRANCE,BEMANI Sound Team "dj TAKA" feat.nana hatori,3,0,0,0,0,---,NO PLAY,---,5,0,0,0,---,NO PLAY,---,9,0,0,0,---,NO PLAY,---,11,2852,1309,234,14,EX HARD CLEAR,AAA,0,0,0,0,---,NO PLAY,---,2026-06-10 15:56
CastHour,TOMAHAWK,SUPER HARDCORE NOVA,かめりあ,23,0,0,0,0,---,NO PLAY,---,6,0,0,0,---,NO PLAY,---,10,2225,1020,185,1,FULLCOMBO CLEAR,AAA,12,3114,1372,370,23,EX HARD CLEAR,AA,0,0,0,0,---,NO PLAY,---,2026-07-11 15:45
CastHour,Triple Cross,MUSIC GAME TRADITIONAL,BEMANI Sound Team "dj TAKA & DJ YOSHITAKA & SYUNN",3,3,0,0,0,---,NO PLAY,---,6,0,0,0,---,NO PLAY,---,10,0,0,0,---,FULLCOMBO CLEAR,---,12,3038,1405,228,10,EX HARD CLEAR,AAA,0,0,0,0,---,NO PLAY,---,2026-04-25 13:28
CastHour,Ventriloquist,JAZZY STEP,Avans,3,0,0,0,0,---,NO PLAY,---,4,0,0,0,---,NO PLAY,---,8,0,0,0,---,NO PLAY,---,11,2262,1046,170,1,FULLCOMBO CLEAR,AAA,0,0,0,0,---,NO PLAY,---,2026-07-04 14:52
CastHour,Victory Of Ravers,HARDCORE RAVE,DJ Shimamura,1,0,0,0,0,---,NO PLAY,---,6,0,0,0,---,NO PLAY,---,9,0,0,0,---,NO PLAY,---,11,2421,1136,149,6,EX HARD CLEAR,AAA,0,0,0,0,---,NO PLAY,---,2026-01-16 14:22
CastHour,WHA,CROSSO-WHA-R,かめりあ involving ななひら,3,0,0,0,0,---,NO PLAY,---,7,0,0,0,---,NO PLAY,---,10,0,0,0,---,FULLCOMBO CLEAR,---,12,3193,1361,471,34,HARD CLEAR,AA,0,0,0,0,---,NO PLAY,---,2026-07-05 15:53
CastHour,Wonderful Escape,NU DRUM & BASS,DE DE MOUSE,0,0,0,0,0,---,NO PLAY,---,5,0,0,0,---,NO PLAY,---,7,0,0,0,---,NO PLAY,---,10,0,0,0,---,FULLCOMBO CLEAR,---,0,0,0,0,---,NO PLAY,---,2025-09-17 20:38
CastHour,Xyndrome,FRENCHCORE,nora2r,1,0,0,0,0,---,NO PLAY,---,6,0,0,0,---,NO PLAY,---,9,0,0,0,---,NO PLAY,---,11,2749,1279,191,4,EX HARD CLEAR,AAA,0,0,0,0,---,NO PLAY,---,2026-02-28 13:45
CastHour,《GRANDMASTER》,TRIUMPH,Blacklolita,3,0,0,0,0,---,NO PLAY,---,5,0,0,0,---,NO PLAY,---,9,0,0,0,---,NO PLAY,---,11,2657,1187,283,5,FULLCOMBO CLEAR,AA,0,0,0,0,---,NO PLAY,---,2026-07-04 14:32
CastHour,めでてえ,ハッピースピードコア,TORIENA,0,0,0,0,0,---,NO PLAY,---,5,0,0,0,---,NO PLAY,---,8,0,0,0,---,NO PLAY,---,10,0,0,0,---,FULLCOMBO CLEAR,---,0,0,0,0,---,NO PLAY,---,2025-09-17 20:38
CastHour,アクマフカ,ROCK,Pizuya's Cell,0,0,0,0,0,---,NO PLAY,---,5,0,0,0,---,NO PLAY,---,8,0,0,0,---,NO PLAY,---,10,0,0,0,---,FULLCOMBO CLEAR,---,0,0,0,0,---,NO PLAY,---,2025-09-17 20:38
CastHour,ウツシミウツシ,ALTERNATIVE DANCE CORE,BEMANI Sound Team "PHQUASE" feat.ぁゅ,3,0,0,0,0,---,NO PLAY,---,6,0,0,0,---,NO PLAY,---,9,0,0,0,---,NO PLAY,---,11,2936,1362,212,1,FULLCOMBO CLEAR,AAA,0,0,0,0,---,NO PLAY,---,2026-04-25 13:16
CastHour,オドループ,J-POP,フレデリック,3,3,0,0,0,---,NO PLAY,---,5,0,0,0,---,NO PLAY,---,7,0,0,0,---,NO PLAY,---,10,2253,1084,85,3,FULLCOMBO CLEAR,AAA,11,2921,1421,79,0,FULLCOMBO CLEAR,AAA,2026-07-03 20:07
CastHour,オールトの雲,GALAXY QUEST,OSTER project,1,0,0,0,0,---,NO PLAY,---,6,0,0,0,---,NO PLAY,---,9,0,0,0,---,NO PLAY,---,11,2515,1193,129,1,FULLCOMBO CLEAR,AAA,0,0,0,0,---,NO PLAY,---,2026-04-11 14:18
CastHour,グッバイ宣言,IIDX EDITION,Remixed by uno(IOSYS) & Liqo feat. Chiyoko,5,3,0,0,0,---,NO PLAY,---,5,0,0,0,---,NO PLAY,---,8,0,0,0,---,NO PLAY,---,11,2968,1419,130,3,FULLCOMBO CLEAR,AAA,12,3355,1534,287,9,EX HARD CLEAR,AAA,2025-12-26 14:50
CastHour,シル・ヴ・プレジデント,J-POP,P丸様。,3,2,0,0,0,---,NO PLAY,---,4,0,0,0,---,NO PLAY,---,7,0,0,0,---,NO PLAY,---,10,0,0,0,---,FULLCOMBO CLEAR,---,11,2469,1185,99,1,FULLCOMBO CLEAR,AAA,2026-07-25 16:12
CastHour,ナイトフィクション,ALTERNATIVE,中山真斗 feat. CHAN,0,0,0,0,0,---,NO PLAY,---,4,0,0,0,---,NO PLAY,---,8,0,0,0,---,NO PLAY,---,10,0,0,0,---,FULLCOMBO CLEAR,---,0,0,0,0,---,NO PLAY,---,2025-09-17 20:38
CastHour,ハイテックトキオ,ハイテックトキオ,lapix ∞ BEMANI Sound Team "Sota Fujimori",6,0,0,0,0,---,NO PLAY,---,6,0,0,0,---,NO PLAY,---,9,0,0,0,---,NO PLAY,---,11,2470,1126,218,6,EX HARD CLEAR,AAA,12,2942,1322,298,6,EX HARD CLEAR,AA,2026-06-03 14:32
CastHour,ピアノ独奏無言歌 "灰燼",THRENODY,BEMANI Sound Team "Virkato Wakhmaninov",7,0,0,0,0,---,NO PLAY,---,6,0,0,0,---,FULLCOMBO CLEAR,---,10,0,0,0,---,FULLCOMBO CLEAR,---,12,3175,1378,419,40,HARD CLEAR,AA,0,0,0,0,---,NO PLAY,---,2026-04-14 15:35
CastHour,ミュージック・アワー,IIDX EDITION,Remixed by BEMANI Sound Team "PON",15,3,0,0,0,---,NO PLAY,---,6,0,0,0,---,NO PLAY,---,9,0,0,0,---,NO PLAY,---,11,2847,1345,157,2,FULLCOMBO CLEAR,AAA,12,3628,1638,352,26,EX HARD CLEAR,AA,2026-08-15 12:04
CastHour,口カラ凸ゲキ,HUMAN BEATBOX ELECTRO,SARUKANI × Blacklolita,1,0,0,0,0,---,NO PLAY,---,5,0,0,0,---,NO PLAY,---,8,0,0,0,---,NO PLAY,---,10,2205,1007,191,1,FULLCOMBO CLEAR,AAA,0,0,0,0,---,NO PLAY,---,2026-01-10 14:18
CastHour,天邪鬼,HARD DANCE,Qlarabelle,8,2,0,0,0,---,NO PLAY,---,5,0,0,0,---,NO PLAY,---,9,0,0,0,---,NO PLAY,---,12,3009,1358,293,4,EX HARD CLEAR,AA,0,0,0,0,---,NO PLAY,---,2026-06-20 15:25
CastHour,怪物,IIDX EDITION,Remixed by Nhato feat. ricono,8,1,0,0,0,---,NO PLAY,---,4,0,0,0,---,NO PLAY,---,6,0,0,0,---,NO PLAY,---,10,2345,1143,59,0,FULLCOMBO CLEAR,AAA,11,3131,1490,151,4,FULLCOMBO CLEAR,AAA,2026-07-11 16:48
CastHour,愛しくてラヴィンユー ft. マナ,EURO BEAT,Xceon,0,0,0,0,0,---,NO PLAY,---,4,0,0,0,---,NO PLAY,---,7,0,0,0,---,NO PLAY,---,10,0,0,0,---,FULLCOMBO CLEAR,---,0,0,0,0,---,NO PLAY,---,2025-09-17 20:38
CastHour,月とミルク,CHIPBREAK POP,TORIENA,1,0,0,0,0,---,NO PLAY,---,5,0,0,0,---,NO PLAY,---,8,0,0,0,---,NO PLAY,---,11,2671,1276,119,0,FULLCOMBO CLEAR,AAA,0,0,0,0,---,NO PLAY,---,2026-01-19 13:50
CastHour,烽火連天の刃,CYBER TAIGA,OSTER project,2,0,0,0,0,---,NO PLAY,---,6,0,0,0,---,NO PLAY,---,10,0,0,0,---,FULLCOMBO CLEAR,---,12,3020,1341,338,20,EX HARD CLEAR,AA,12,3574,1515,544,62,HARD CLEAR,AA,2025-12-20 16:12
CastHour,禊,HARD PSY TRANCE,Nhato,4,0,0,0,0,---,NO PLAY,---,6,0,0,0,---,NO PLAY,---,10,0,0,0,---,FULLCOMBO CLEAR,---,12,2851,1265,321,14,EX HARD CLEAR,AA,0,0,0,0,---,NO PLAY,---,2026-03-10 17:08
CastHour,逆月,JAPANESQUE,BEMANI Sound Team "HuΣeR" feat.Fernweh,3,0,0,0,0,---,NO PLAY,---,7,0,0,0,---,NO PLAY,---,10,0,0,0,---,FULLCOMBO CLEAR,---,12,3322,1469,384,8,EX HARD CLEAR,AA,0,0,0,0,---,NO PLAY,---,2026-05-14 13:37
CastHour,雪上断火,HIP ROCK3,Des-ROW・組,3,0,0,0,0,---,NO PLAY,---,6,0,0,0,---,NO PLAY,---,10,0,0,0,---,FULLCOMBO CLEAR,---,12,2774,1281,212,17,EX HARD CLEAR,AAA,0,0,0,0,---,NO PLAY,---,2026-01-01 18:50
CastHour,青の洞窟,AQUARIUM QUARTERSTEP,Ujico*,9,0,0,0,0,---,NO PLAY,---,4,0,0,0,---,NO PLAY,---,9,0,0,0,---,NO PLAY,---,11,2840,1299,242,5,EX HARD CLEAR,AA,0,0,0,0,---,NO PLAY,---,2026-02-21 14:09
CastHour,黒紅掬い,SHOWA RETRO,猫叉Master feat.霜月はるか,0,0,0,0,0,---,NO PLAY,---,4,0,0,0,---,NO PLAY,---,7,0,0,0,---,NO PLAY,---,9,0,0,0,---,FULLCOMBO CLEAR,---,0,0,0,0,---,NO PLAY,---,2025-09-17 20:38
RESIDENT,#CMFLG,HARD TRIBAL,Qlarabelle,3,0,0,0,0,---,NO PLAY,---,6,0,0,0,---,NO PLAY,---,10,0,0,0,---,FULLCOMBO CLEAR,---,12,3105,1403,299,5,EX HARD CLEAR,AA,0,0,0,0,---,NO PLAY,---,2026-06-10 16:07
RESIDENT,24h Endurance Race,HARDCORE,BEMANI Sound Team "Risk Junk",2,0,0,0,0,---,NO PLAY,---,5,0,0,0,---,NO PLAY,---,10,0,0,0,---,FULLCOMBO CLEAR,---,12,2975,1325,325,27,EX HARD CLEAR,AA,0,0,0,0,---,NO PLAY,---,2026-01-03 17:01
RESIDENT,3V0,NEO DANCE SPEED,BlackY,1,0,0,0,0,---,NO PLAY,---,5,0,0,0,---,NO PLAY,---,9,0,0,0,---,NO PLAY,---,11,2737,1244,249,9,EX HARD CLEAR,AAA,0,0,0,0,---,NO PLAY,---,2025-10-04 13:38
RESIDENT,7 Colors,PRISM EURO,kors k feat.吉河順央,3,0,0,0,0,---,NO PLAY,---,4,0,0,0,---,NO PLAY,---,7,0,0,0,---,NO PLAY,---,10,1813,847,119,0,FULLCOMBO CLEAR,AAA,0,0,0,0,---,NO PLAY,---,2026-07-12 11:37
RESIDENT,[ ]DENTITY,FORTUNE OVERTURE,BEMANI Sound Team "HuΣeR",35,0,0,0,0,---,NO PLAY,---,6,0,0,0,---,NO PLAY,---,10,0,0,0,---,FULLCOMBO CLEAR,---,12,3407,1531,345,16,EX HARD CLEAR,AA,0,0,0,0,---,NO PLAY,---,2026-05-28 14:15
RESIDENT,Always We Trust In You,EMOTIONAL HAPPY EUPHORIA,nora2r,1,0,0,0,0,---,NO PLAY,---,6,0,0,0,---,NO PLAY,---,9,0,0,0,---,NO PLAY,---,12,2896,1329,238,19,EX HARD CLEAR,AAA,0,0,0,0,---,NO PLAY,---,2025-12-11 16:45
RESIDENT,Ambush Ace,ELECTRO FUSION,Xceon,2,0,0,0,0,---,NO PLAY,---,5,0,0,0,---,NO PLAY,---,9,0,0,0,---,NO PLAY,---,11,2769,1293,183,2,FULLCOMBO CLEAR,AAA,0,0,0,0,---,NO PLAY,---,2026-03-12 11:48
RESIDENT,AWA AWA,BOSSA NA NOKA,Snail's House,1,0,0,0,0,---,NO PLAY,---,4,0,0,0,---,NO PLAY,---,7,0,0,0,---,NO PLAY,---,10,2189,1028,133,2,FULLCOMBO CLEAR,AAA,0,0,0,0,---,NO PLAY,---,2026-07-17 12:55
RESIDENT,B.O.D.Y.,HARD BODY MUSIC,BEMANI Sound Team "L.E.D. Sota F."& Starbitz,3,0,0,0,0,---,NO PLAY,---,6,0,0,0,---,NO PLAY,---,10,0,0,0,---,FULLCOMBO CLEAR,---,12,3007,1338,331,8,EX HARD CLEAR,AA,0,0,0,0,---,NO PLAY,---,2026-05-16 13:02
RESIDENT,Bad Encryption,NEO INDUSTRIAL,BEMANI Sound Team "ZAQUVA" respect for teranoid,8,0,0,0,0,---,NO PLAY,---,7,0,0,0,---,NO PLAY,---,10,0,0,0,---,FULLCOMBO CLEAR,---,12,2565,1110,345,51,HARD CLEAR,AA,0,0,0,0,---,NO PLAY,---,2026-05-14 14:58
RESIDENT,Beyond Evolution,CULMINATION,Hekatoncheir,28,0,0,0,0,---,NO PLAY,---,7,0,0,0,---,NO PLAY,---,11,2378,1068,242,2,EX HARD CLEAR,AAA,12,3221,1357,507,53,HARD CLEAR,A,0,0,0,0,---,NO PLAY,---,2026-06-20 16:59
RESIDENT,BIGWAVERS,EMOTIONAL HARDCORE SUMMERS,BlackY,4,0,0,0,0,---,NO PLAY,---,6,0,0,0,---,NO PLAY,---,9,0,0,0,---,NO PLAY,---,12,3187,1448,291,10,EX HARD CLEAR,AA,0,0,0,0,---,NO PLAY,---,2026-07-03 20:59
RESIDENT,C-C-C-N-N-N,ELECTRONICORE,RoughSkreamZ feat. Aikapin,2,0,0,0,0,---,NO PLAY,---,5,0,0,0,---,NO PLAY,---,9,0,0,0,---,NO PLAY,---,11,2563,1174,215,15,EX HARD CLEAR,AAA,0,0,0,0,---,NO PLAY,---,2025-12-06 15:44
RESIDENT,Caldwell 99,STARRY BASS HOUSE,BlackY,3,0,0,0,0,---,NO PLAY,---,6,0,0,0,---,NO PLAY,---,9,0,0,0,---,NO PLAY,---,11,2334,1065,204,3,FULLCOMBO CLEAR,AAA,12,2937,1281,375,20,EX HARD CLEAR,AA,2026-01-04 15:06
RESIDENT,Chaotoxin,HELETIC BREAK D'n'B,Feryquitous,10,0,0,0,0,---,NO PLAY,---,5,0,0,0,---,NO PLAY,---,9,0,0,0,---,NO PLAY,---,12,3053,1383,287,1,EX HARD CLEAR,AAA,0,0,0,0,---,NO PLAY,---,2026-05-14 14:12
RESIDENT,CODE -CRiMSON-,NRG SCHRANZ,Shiron,3,0,0,0,0,---,NO PLAY,---,6,0,0,0,---,NO PLAY,---,9,0,0,0,---,NO PLAY,---,11,2733,1242,249,3,FULLCOMBO CLEAR,AAA,0,0,0,0,---,NO PLAY,---,2026-01-07 14:56
RESIDENT,CUE CUE RESCUE,EMERGENCY CORE,TORIENA,2,3,0,0,0,---,NO PLAY,---,5,0,0,0,---,NO PLAY,---,8,0,0,0,---,NO PLAY,---,10,2435,1160,115,0,FULLCOMBO CLEAR,AAA,12,2863,1326,211,0,FULLCOMBO CLEAR,AAA,2025-12-13 15:00
RESIDENT,dica dica,ACID RAVE,REMO-CON,2,0,0,0,0,---,NO PLAY,---,5,0,0,0,---,NO PLAY,---,10,0,0,0,---,FULLCOMBO CLEAR,---,12,2784,1244,296,23,EX HARD CLEAR,AA,0,0,0,0,---,NO PLAY,---,2026-01-17 17:05
RESIDENT,Dreaming Dream,DANCE POP,MK feat. 紫咲ほたる,0,0,0,0,0,---,NO PLAY,---,4,0,0,0,---,NO PLAY,---,7,0,0,0,---,NO PLAY,---,10,0,0,0,---,FULLCOMBO CLEAR,---,0,0,0,0,---,NO PLAY,---,2025-09-17 20:38
RESIDENT,Driver,BIGROOM D&B,Masayoshi Iimori,0,0,0,0,0,---,NO PLAY,---,5,0,0,0,---,NO PLAY,---,7,0,0,0,---,NO PLAY,---,9,0,0,0,---,FULLCOMBO CLEAR,---,0,0,0,0,---,NO PLAY,---,2025-09-17 20:38
RESIDENT,EXODUS SIGN,TEAROUT BREAKS,Blacklolita,2,0,0,0,0,---,NO PLAY,---,6,0,0,0,---,NO PLAY,---,9,0,0,0,---,NO PLAY,---,11,2389,1070,249,14,EX HARD CLEAR,AA,0,0,0,0,---,NO PLAY,---,2026-07-11 16:35
RESIDENT,Fading Stars,TRANCE,Nhato,1,0,0,0,0,---,NO PLAY,---,5,0,0,0,---,NO PLAY,---,8,0,0,0,---,NO PLAY,---,10,2472,1116,240,3,FULLCOMBO CLEAR,AAA,0,0,0,0,---,NO PLAY,---,2026-07-24 21:12
RESIDENT,FLARE -炎舞- ft.Nana Takahashi,BPL S3 THEME,BEMANI Sound Team "dj TAKA" Vs SOUND HOLIC,1,0,0,0,0,---,NO PLAY,---,5,0,0,0,---,NO PLAY,---,8,0,0,0,---,NO PLAY,---,10,2622,1194,234,1,FULLCOMBO CLEAR,AAA,0,0,0,0,---,NO PLAY,---,2026-08-02 13:11
RESIDENT,Get On Your Feet,HYBRID TRANCE,Nhato,3,0,0,0,0,---,NO PLAY,---,5,0,0,0,---,NO PLAY,---,9,0,0,0,---,NO PLAY,---,11,2529,1164,201,0,FULLCOMBO CLEAR,AAA,0,0,0,0,---,NO PLAY,---,2026-06-04 17:24
RESIDENT,GET UP AGAIN,COMPETITIVE ROCKSTEP,Zekk feat. くらべ,1,0,0,0,0,---,NO PLAY,---,6,0,0,0,---,NO PLAY,---,8,0,0,0,---,NO PLAY,---,10,2344,1120,104,0,FULLCOMBO CLEAR,AAA,0,0,0,0,---,NO PLAY,---,2025-09-21 13:31
RESIDENT,glacia,ARTCORE,DJ TOTTO,9,0,0,0,0,---,NO PLAY,---,6,0,0,0,---,NO PLAY,---,10,0,0,0,---,FULLCOMBO CLEAR,---,12,2732,1254,224,2,FULLCOMBO CLEAR,AAA,0,0,0,0,---,NO PLAY,---,2026-05-08 12:58
RESIDENT,Hat Surprise (Season 2),UK HARDCORE,Hommarju,2,0,0,0,0,---,NO PLAY,---,5,0,0,0,---,NO PLAY,---,9,0,0,0,---,NO PLAY,---,12,3102,1400,302,7,EX HARD CLEAR,AAA,0,0,0,0,---,NO PLAY,---,2026-08-02 13:48
RESIDENT,I,CHIP ELECTRO,黒魔,3,0,0,0,0,---,NO PLAY,---,6,0,0,0,---,NO PLAY,---,10,0,0,0,---,FULLCOMBO CLEAR,---,12,3408,1543,322,13,EX HARD CLEAR,AAA,0,0,0,0,---,NO PLAY,---,2026-01-28 17:24
RESIDENT,KING,IIDX EDITION,Remixed by SOUND HOLIC feat. はるの,3,2,0,0,0,---,NO PLAY,---,4,0,0,0,---,NO PLAY,---,9,0,0,0,---,NO PLAY,---,11,2888,1341,206,2,FULLCOMBO CLEAR,AAA,12,3544,1615,314,2,FULLCOMBO CLEAR,AAA,2026-04-28 16:49
RESIDENT,kors k's How to make OTOGE CORE 「LONG」,CHANNEL K,kors k,2,0,0,0,0,---,NO PLAY,---,6,0,0,0,---,NO PLAY,---,10,0,0,0,---,FULLCOMBO CLEAR,---,12,3249,1479,291,25,EX HARD CLEAR,AA,0,0,0,0,---,NO PLAY,---,2025-12-20 14:51
RESIDENT,LADS,HYBRID FOLK,BEMANI Sound Team "PON",0,0,0,0,0,---,NO PLAY,---,5,0,0,0,---,NO PLAY,---,7,0,0,0,---,NO PLAY,---,10,0,0,0,---,FULLCOMBO CLEAR,---,0,0,0,0,---,NO PLAY,---,2025-09-17 20:38
RESIDENT,Level 4,DnB,Yamato,10,0,0,0,0,---,NO PLAY,---,6,0,0,0,---,NO PLAY,---,10,0,0,0,---,FULLCOMBO CLEAR,---,12,3075,1310,455,32,HARD CLEAR,AA,0,0,0,0,---,NO PLAY,---,2026-07-26 15:05
RESIDENT,LOUDER ROLLING THUNDER,MASSIVE MIXTURE,BEMANI Sound Team "Dustup Vs. L.E.D.-G",7,0,0,0,0,---,NO PLAY,---,6,0,0,0,---,NO PLAY,---,10,0,0,0,---,FULLCOMBO CLEAR,---,12,2895,1258,379,49,HARD CLEAR,AA,0,0,0,0,---,NO PLAY,---,2026-08-08 15:53
RESIDENT,MAX 360,HARDCORE TECHNO,BEMANI Sound Team "[x]",1,0,0,0,0,---,NO PLAY,---,6,0,0,0,---,NO PLAY,---,10,0,0,0,---,FULLCOMBO CLEAR,---,12,2757,1210,337,12,EX HARD CLEAR,AA,0,0,0,0,---,NO PLAY,---,2025-12-20 15:56
RESIDENT,Meissa,PROGRESSIVE DRUM'N'BASS,BEMANI Sound Team "Yvya",4,0,0,0,0,---,NO PLAY,---,5,0,0,0,---,NO PLAY,---,9,1544,724,96,0,FULLCOMBO CLEAR,AAA,12,2572,1178,216,2,FULLCOMBO CLEAR,AAA,0,0,0,0,---,NO PLAY,---,2026-06-18 22:09
RESIDENT,Next Level,DRUM & BASS,Maozon,0,0,0,0,0,---,NO PLAY,---,5,0,0,0,---,NO PLAY,---,8,0,0,0,---,NO PLAY,---,10,0,0,0,---,FULLCOMBO CLEAR,---,0,0,0,0,---,NO PLAY,---,2025-09-17 20:38
RESIDENT,No Border,TRANCE,BEMANI Sound Team "dj TAKA" feat.Sana,1,0,0,0,0,---,NO PLAY,---,6,0,0,0,---,NO PLAY,---,10,0,0,0,---,FULLCOMBO CLEAR,---,12,3378,1546,286,13,EX HARD CLEAR,AAA,0,0,0,0,---,NO PLAY,---,2025-12-28 16:39
RESIDENT,ONE AND ONLY,RAVE IN THE GAME,Yuta Imai,1,0,0,0,0,---,NO PLAY,---,6,0,0,0,---,NO PLAY,---,9,0,0,0,---,NO PLAY,---,12,2802,1230,342,32,EX HARD CLEAR,AA,0,0,0,0,---,NO PLAY,---,2025-12-30 13:54
RESIDENT,Ou Legends,TOHOKU NEURO DENSETSU,かめりあ,1,0,0,0,0,---,NO PLAY,---,6,0,0,0,---,NO PLAY,---,10,0,0,0,---,FULLCOMBO CLEAR,---,12,2954,1323,308,19,EX HARD CLEAR,AA,0,0,0,0,---,NO PLAY,---,2025-12-30 16:06
RESIDENT,OVER VOLTAGE,HARDSTYLE,Yuta Imai,4,0,0,0,0,---,NO PLAY,---,6,0,0,0,---,NO PLAY,---,9,0,0,0,---,NO PLAY,---,11,2361,1059,243,5,EX HARD CLEAR,AA,0,0,0,0,---,NO PLAY,---,2026-06-10 16:01
RESIDENT,Peaktime Booster,RAPCORE,らっぷびと Prod. by RoughSketch & NUE,8,0,0,0,0,---,NO PLAY,---,7,0,0,0,---,NO PLAY,---,10,1717,774,169,0,FULLCOMBO CLEAR,AAA,12,2833,1235,363,20,EX HARD CLEAR,AA,0,0,0,0,---,NO PLAY,---,2026-01-08 13:33
RESIDENT,Perfect Plan,CRIME JAZZ BROKEN BEATS,Dirty Androids,2,0,0,0,0,---,NO PLAY,---,6,0,0,0,---,NO PLAY,---,9,0,0,0,---,NO PLAY,---,11,2397,1095,207,3,EX HARD CLEAR,AAA,0,0,0,0,---,NO PLAY,---,2026-03-09 15:17
RESIDENT,Programmed Genom,PSYCHEDELIC TRANCE,kors k,1,0,0,0,0,---,NO PLAY,---,5,0,0,0,---,NO PLAY,---,8,0,0,0,---,NO PLAY,---,11,2253,1049,155,3,FULLCOMBO CLEAR,AAA,0,0,0,0,---,NO PLAY,---,2026-03-09 14:46
RESIDENT,Red Soul,HARDCORE,RoughSketch,3,0,0,0,0,---,NO PLAY,---,6,0,0,0,---,NO PLAY,---,9,0,0,0,---,NO PLAY,---,11,2606,1143,320,3,EX HARD CLEAR,AA,0,0,0,0,---,NO PLAY,---,2026-06-03 13:22
RESIDENT,Rewind Time,GLITCH HOP,Dazsta,1,0,0,0,0,---,NO PLAY,---,4,0,0,0,---,FULLCOMBO CLEAR,---,7,0,0,0,---,NO PLAY,---,10,2075,971,133,0,FULLCOMBO CLEAR,AAA,0,0,0,0,---,NO PLAY,---,2026-01-28 14:18
RESIDENT,RINNE,SYMPHONIC SAVIOR,GeMiNioN,4,0,0,0,0,---,NO PLAY,---,5,0,0,0,---,NO PLAY,---,10,0,0,0,---,FULLCOMBO CLEAR,---,12,3194,1456,282,10,EX HARD CLEAR,AAA,0,0,0,0,---,NO PLAY,---,2026-01-16 17:09
RESIDENT,Ruler or Loser,DRUM & BASS,Maozon feat. Nadia,3,0,0,0,0,---,NO PLAY,---,5,0,0,0,---,NO PLAY,---,8,0,0,0,---,NO PLAY,---,11,2537,1203,131,2,FULLCOMBO CLEAR,AAA,0,0,0,0,---,NO PLAY,---,2026-01-22 13:52
RESIDENT,Seraph,UNSUNG SHADOWS,satella feat.棗いつき,3,0,0,0,0,---,NO PLAY,---,5,0,0,0,---,NO PLAY,---,9,0,0,0,---,NO PLAY,---,11,2359,1136,87,1,FULLCOMBO CLEAR,AAA,0,0,0,0,---,NO PLAY,---,2026-07-05 15:38
RESIDENT,Shadow World,STYLISH CONTEMPORARY,BEMANI Sound Team "HuΣeR × 猫叉Master" feat.Emi Evans,3,0,0,0,0,---,NO PLAY,---,4,0,0,0,---,NO PLAY,---,8,0,0,0,---,NO PLAY,---,11,2613,1250,113,0,FULLCOMBO CLEAR,AAA,0,0,0,0,---,NO PLAY,---,2025-09-22 14:51
RESIDENT,Shamshir,G-HOUSE,Blacklolita,6,0,0,0,0,---,NO PLAY,---,5,0,0,0,---,NO PLAY,---,8,0,0,0,---,NO PLAY,---,10,1906,814,278,18,EX HARD CLEAR,AA,0,0,0,0,---,NO PLAY,---,2026-06-10 14:43
RESIDENT,Somnidiscotheque,SUBCONSCIOUS FRAGMENT,夢路 歩,79,0,0,0,0,---,NO PLAY,---,6,0,0,0,---,NO PLAY,---,11,1915,877,161,4,FULLCOMBO CLEAR,AAA,12,2649,1103,443,49,HARD CLEAR,A,0,0,0,0,---,NO PLAY,---,2026-08-09 17:03
RESIDENT,STAR BEAT,COLOUR BASS,MK,4,0,0,0,0,---,NO PLAY,---,4,0,0,0,---,NO PLAY,---,8,0,0,0,---,NO PLAY,---,10,2278,1060,158,2,FULLCOMBO CLEAR,AAA,0,0,0,0,---,NO PLAY,---,2026-02-28 12:51
RESIDENT,STRAIGHT TO THE STARS,COLOUR BASS BREAKS,BEMANI Sound Team "Expander" feat. Starbitz,1,0,0,0,0,---,NO PLAY,---,5,0,0,0,---,NO PLAY,---,8,0,0,0,---,NO PLAY,---,11,2805,1310,185,0,FULLCOMBO CLEAR,AAA,0,0,0,0,---,NO PLAY,---,2026-05-04 13:30
RESIDENT,Stylus,STYLISH ELECTRO,BEMANI Sound Team "HuΣeR",6,0,0,0,0,---,NO PLAY,---,6,0,0,0,---,NO PLAY,---,9,0,0,0,---,NO PLAY,---,11,2626,1200,226,2,FULLCOMBO CLEAR,AAA,0,0,0,0,---,NO PLAY,---,2026-08-08 12:09
RESIDENT,Summerblue,GAME MUSIC,Toby Fox & Camellia,0,2,0,0,0,---,NO PLAY,---,5,0,0,0,---,NO PLAY,---,8,0,0,0,---,NO PLAY,---,10,0,0,0,---,FULLCOMBO CLEAR,---,0,0,0,0,---,NO PLAY,---,2025-09-17 20:38
RESIDENT,Sunny Day Vibes,FUTURE CORE,Mameyudoufu,1,0,0,0,0,---,NO PLAY,---,5,0,0,0,---,NO PLAY,---,8,0,0,0,---,NO PLAY,---,10,2187,1043,101,1,FULLCOMBO CLEAR,AAA,0,0,0,0,---,NO PLAY,---,2026-01-10 14:20
RESIDENT,Super Freak,HARDCORE,Hommarju,4,0,0,0,0,---,NO PLAY,---,5,0,0,0,---,NO PLAY,---,9,0,0,0,---,NO PLAY,---,12,3090,1376,338,4,EX HARD CLEAR,AA,0,0,0,0,---,NO PLAY,---,2026-02-24 14:53
RESIDENT,suspicions,JAZZ CORE,BEMANI Sound Team "猫叉Master VS dj TAKA",11,0,0,0,0,---,NO PLAY,---,6,0,0,0,---,NO PLAY,---,10,0,0,0,---,FULLCOMBO CLEAR,---,12,3262,1436,390,10,EX HARD CLEAR,AA,0,0,0,0,---,NO PLAY,---,2026-07-04 17:32
RESIDENT,Swing My Wonderland,ULTRA JAZZFUNKTION,lapix,2,0,0,0,0,---,NO PLAY,---,5,0,0,0,---,NO PLAY,---,9,0,0,0,---,NO PLAY,---,11,2838,1297,244,4,EX HARD CLEAR,AAA,0,0,0,0,---,NO PLAY,---,2026-05-14 13:06
RESIDENT,TECHNOPHOBIA,TECH/ELECTRO,BEMANI Sound Team "HuΣeR",3,0,0,0,0,---,NO PLAY,---,5,0,0,0,---,NO PLAY,---,8,1577,729,119,0,FULLCOMBO CLEAR,AAA,12,2689,1206,277,7,EX HARD CLEAR,AA,0,0,0,0,---,NO PLAY,---,2025-12-07 14:34
RESIDENT,The Clown of 24stairs,DISSOCIATIVE IDENTITY DISORDER,Yu_Asahina,21,0,0,0,0,---,NO PLAY,---,6,0,0,0,---,NO PLAY,---,10,0,0,0,---,FULLCOMBO CLEAR,---,12,2829,1214,401,19,EX HARD CLEAR,AA,0,0,0,0,---,NO PLAY,---,2026-07-04 17:43
RESIDENT,THE TIME MACHINE,HARDWAVE/STYLE,Yuta Imai,3,0,0,0,0,---,NO PLAY,---,6,0,0,0,---,NO PLAY,---,9,0,0,0,---,NO PLAY,---,11,2471,1135,201,0,FULLCOMBO CLEAR,AAA,0,0,0,0,---,NO PLAY,---,2026-03-05 14:37
RESIDENT,VOID,EXTREME EXPERIMENTAL,BEMANI Sound Team "Darker Vs. JUSTICE",2,0,0,0,0,---,NO PLAY,---,7,0,0,0,---,NO PLAY,---,10,0,0,0,---,FULLCOMBO CLEAR,---,12,2786,1222,342,67,HARD CLEAR,AA,0,0,0,0,---,NO PLAY,---,2026-05-21 15:54
RESIDENT,VOLAQUAS,EMPYREAL HYDRO ARTCORE,BEMANI Sound Team "DJ TOTTO VS 兎々",2,0,0,0,0,---,NO PLAY,---,7,0,0,0,---,NO PLAY,---,10,0,0,0,---,FULLCOMBO CLEAR,---,12,3461,1563,335,19,EX HARD CLEAR,AA,0,0,0,0,---,NO PLAY,---,2026-04-07 15:56
RESIDENT,VOLCANIC BIGBEAT,TECH-BIGBEAT,DJ Mass MAD Izm*,3,0,0,0,0,---,NO PLAY,---,6,0,0,0,---,NO PLAY,---,9,0,0,0,---,NO PLAY,---,11,2586,1160,266,4,EX HARD CLEAR,AAA,0,0,0,0,---,NO PLAY,---,2026-04-23 13:14
RESIDENT,wanna be a "BAD GIRL" feat. Nana Takahashi,FUNK POP,Nhato,1,0,0,0,0,---,NO PLAY,---,3,0,0,0,---,NO PLAY,---,6,0,0,0,---,NO PLAY,---,9,1922,896,130,0,FULLCOMBO CLEAR,AAA,0,0,0,0,---,NO PLAY,---,2025-12-09 13:56
RESIDENT,With You,DANCE,BANVOX,1,0,0,0,0,---,NO PLAY,---,4,0,0,0,---,NO PLAY,---,8,0,0,0,---,NO PLAY,---,11,2370,1078,214,0,FULLCOMBO CLEAR,AAA,0,0,0,0,---,NO PLAY,---,2026-01-16 13:59
RESIDENT,Xerulean,HAPPY HARDCORE,BEMANI Sound Team "ZAQUVA",12,0,0,0,0,---,NO PLAY,---,7,0,0,0,---,NO PLAY,---,10,0,0,0,---,FULLCOMBO CLEAR,---,12,2909,1252,405,40,HARD CLEAR,AA,0,0,0,0,---,NO PLAY,---,2026-07-03 21:38
RESIDENT,ZEИITH,ARCADE CORE,Ashrount vs polysha,1,0,0,0,0,---,NO PLAY,---,6,0,0,0,---,NO PLAY,---,9,0,0,0,---,NO PLAY,---,11,2744,1235,274,2,FULLCOMBO CLEAR,AAA,0,0,0,0,---,NO PLAY,---,2026-04-14 14:09
RESIDENT,≡+≡,NIGHTCORE,Ryu☆,17,3,0,0,0,---,NO PLAY,---,7,0,0,0,---,NO PLAY,---,10,0,0,0,---,FULLCOMBO CLEAR,---,11,2881,1365,151,2,FULLCOMBO CLEAR,AAA,12,4017,1823,371,26,EX HARD CLEAR,AA,2026-06-04 13:42
RESIDENT,■□模様,ALTERNATIVE SHIBUYA E-POP,BEMANI Sound Team "PHQUASE" feat.紫崎 雪,0,0,0,0,0,---,NO PLAY,---,5,0,0,0,---,NO PLAY,---,8,0,0,0,---,NO PLAY,---,10,0,0,0,---,FULLCOMBO CLEAR,---,0,0,0,0,---,NO PLAY,---,2025-09-17 20:38
RESIDENT,《ORDERBREAKER》,GODSPEED,Blacklolita,2,0,0,0,0,---,NO PLAY,---,6,0,0,0,---,NO PLAY,---,9,0,0,0,---,NO PLAY,---,11,2293,1050,193,4,EX HARD CLEAR,AAA,0,0,0,0,---,NO PLAY,---,2026-02-24 14:20
RESIDENT,あるビー！ feat.ころねぽち,ピコピコ電波ソング,ヒゲドライバー,1,0,0,0,0,---,NO PLAY,---,4,0,0,0,---,NO PLAY,---,9,0,0,0,---,NO PLAY,---,11,2684,1243,198,5,EX HARD CLEAR,AAA,0,0,0,0,---,NO PLAY,---,2026-01-28 14:56
RESIDENT,おとせサンダー,J-ROCK,ぼっちぼろまる,0,1,0,0,0,---,NO PLAY,---,4,0,0,0,---,NO PLAY,---,7,0,0,0,---,NO PLAY,---,10,0,0,0,---,FULLCOMBO CLEAR,---,0,0,0,0,---,NO PLAY,---,2025-09-17 20:38
RESIDENT,きゅんです。,ROCK,Pizuya's Cell,2,0,0,0,0,---,NO PLAY,---,4,0,0,0,---,NO PLAY,---,7,0,0,0,---,NO PLAY,---,10,2169,999,171,1,FULLCOMBO CLEAR,AAA,0,0,0,0,---,NO PLAY,---,2026-04-07 13:52
RESIDENT,ぞうしょく！？マイデンティティ,バーチャルマルチコア,DJ SHARPNEL feat. みらい,3,0,0,0,0,---,NO PLAY,---,6,0,0,0,---,NO PLAY,---,10,0,0,0,---,FULLCOMBO CLEAR,---,12,3136,1375,386,20,EX HARD CLEAR,AA,0,0,0,0,---,NO PLAY,---,2026-01-19 15:06
RESIDENT,ちょえちょえまぎか,ROCK,Pizuya's Cell,8,0,0,0,0,---,NO PLAY,---,6,0,0,0,---,NO PLAY,---,10,0,0,0,---,FULLCOMBO CLEAR,---,11,2916,1392,132,0,FULLCOMBO CLEAR,AAA,12,3837,1787,263,9,EX HARD CLEAR,AAA,2026-06-28 13:39
RESIDENT,サヨナラ・ヘヴン-Celtic Chip Dance Mix-,BEMANI 8BIT COLLECTION,しのりゅー,0,0,0,0,0,---,NO PLAY,---,4,0,0,0,---,NO PLAY,---,8,0,0,0,---,NO PLAY,---,10,0,0,0,---,FULLCOMBO CLEAR,---,0,0,0,0,---,NO PLAY,---,2025-09-17 20:38
RESIDENT,チェイスチェイスジョーカーズのうた (オニスタイルリミックス),ウラシュダイカ,ちよこ & 一ノ瀬 月琉 Prod. by RoughSketch & NUE,1,0,0,0,0,---,NO PLAY,---,5,0,0,0,---,NO PLAY,---,9,0,0,0,---,NO PLAY,---,11,2740,1320,100,2,FULLCOMBO CLEAR,AAA,0,0,0,0,---,NO PLAY,---,2025-11-02 14:55
RESIDENT,パーフェクトイーター,ROCK,BEMANI Sound Team "PON" feat.かなたん,1,0,0,0,0,---,NO PLAY,---,5,0,0,0,---,NO PLAY,---,9,0,0,0,---,FULLCOMBO CLEAR,---,11,2787,1274,239,1,EX HARD CLEAR,AAA,0,0,0,0,---,NO PLAY,---,2026-05-08 12:32
RESIDENT,儚キ戀ノ幻想譚,和風歌謡硬核音楽,まろん feat. あやぽんず＊ (森羅万象),2,3,0,0,0,---,NO PLAY,---,8,0,0,0,---,NO PLAY,---,10,2148,995,158,0,FULLCOMBO CLEAR,AAA,12,3227,1472,283,18,EX HARD CLEAR,AAA,0,0,0,0,---,NO PLAY,---,2025-12-09 14:00
RESIDENT,少年リップルズ,EMOCTRO,常盤ゆう,1,0,0,0,0,---,NO PLAY,---,4,0,0,0,---,NO PLAY,---,9,0,0,0,---,NO PLAY,---,11,2316,1086,144,3,FULLCOMBO CLEAR,AAA,0,0,0,0,---,NO PLAY,---,2025-09-21 14:19
RESIDENT,恋愛＝精度×認識力,HARDCORE×ソフラン×変拍子×萌え,立秋 vs. BEMANI Sound Team "L.E.D.-G" feat.ちょこ＆ななひら,17,0,0,0,0,---,NO PLAY,---,7,0,0,0,---,NO PLAY,---,10,2162,978,206,10,EX HARD CLEAR,AA,12,3064,1374,316,27,HARD CLEAR,AA,0,0,0,0,---,NO PLAY,---,2026-06-20 16:54
RESIDENT,惑星☆ロリポップ,ANIMTRIBE POP,SOUND HOLIC feat. Nana Takahashi,2,0,0,0,0,---,NO PLAY,---,4,0,0,0,---,NO PLAY,---,8,0,0,0,---,NO PLAY,---,11,2653,1247,159,7,EX HARD CLEAR,AAA,0,0,0,0,---,NO PLAY,---,2026-08-16 15:58
RESIDENT,昏き甲鉄のヴェルガ,FANTASIA,arcane feat.rionos,0,0,0,0,0,---,NO PLAY,---,4,0,0,0,---,NO PLAY,---,7,0,0,0,---,NO PLAY,---,10,0,0,0,---,FULLCOMBO CLEAR,---,0,0,0,0,---,NO PLAY,---,2025-09-17 20:38
RESIDENT,月と夢の跡 ft. マナ,J METAL×DANCE POP,Xceon,0,0,0,0,0,---,NO PLAY,---,5,0,0,0,---,NO PLAY,---,8,0,0,0,---,NO PLAY,---,10,0,0,0,---,FULLCOMBO CLEAR,---,0,0,0,0,---,NO PLAY,---,2025-09-17 20:38
RESIDENT,栄冠のカンパネラ,TRIUMPHAL MARCH,OSTER project,16,0,0,0,0,---,NO PLAY,---,7,0,0,0,---,NO PLAY,---,10,2014,928,158,2,FULLCOMBO CLEAR,AAA,12,3330,1477,376,42,HARD CLEAR,AA,0,0,0,0,---,NO PLAY,---,2026-06-02 17:00
RESIDENT,楽園追放,ALTERNATIVE,中山真斗 feat. CHAN,3,0,0,0,0,---,NO PLAY,---,5,0,0,0,---,NO PLAY,---,8,0,0,0,---,NO PLAY,---,10,2196,987,222,0,FULLCOMBO CLEAR,AAA,0,0,0,0,---,NO PLAY,---,2025-12-25 13:48
RESIDENT,湘南ロンリーMIDNIGHT RAIN,歌謡ニューウェーブ,Nana Takahashi & BEMANI Sound Team "T.Kakuta",3,0,0,0,0,---,NO PLAY,---,5,0,0,0,---,NO PLAY,---,8,0,0,0,---,NO PLAY,---,10,2695,1263,169,0,FULLCOMBO CLEAR,AAA,0,0,0,0,---,NO PLAY,---,2026-01-17 12:45
RESIDENT,異心前進♪ぴょんぴょんぴょん,EUROBEAT,天土,1,0,0,0,0,---,NO PLAY,---,5,0,0,0,---,NO PLAY,---,8,0,0,0,---,NO PLAY,---,10,2319,1066,187,2,FULLCOMBO CLEAR,AAA,0,0,0,0,---,NO PLAY,---,2026-07-24 20:21
RESIDENT,真夜中のバベル,HOUSE,Len,0,0,0,0,0,---,NO PLAY,---,4,0,0,0,---,NO PLAY,---,7,0,0,0,---,NO PLAY,---,9,0,0,0,---,FULLCOMBO CLEAR,---,0,0,0,0,---,NO PLAY,---,2025-09-17 20:38
RESIDENT,神っぽいな,IIDX EDITION,Remixed by uno(IOSYS) & NUE feat. Chiyoko,6,2,0,0,0,---,NO PLAY,---,4,0,0,0,---,NO PLAY,---,8,0,0,0,---,NO PLAY,---,10,1948,884,180,2,FULLCOMBO CLEAR,AAA,12,2653,1145,363,15,EX HARD CLEAR,AA,2026-06-10 16:20
RESIDENT,神のシナリオ,MELODIC DUBSTEP,AJURIKA,5,0,0,0,0,---,NO PLAY,---,6,0,0,0,---,NO PLAY,---,9,0,0,0,---,NO PLAY,---,12,2956,1347,262,10,EX HARD CLEAR,AAA,0,0,0,0,---,NO PLAY,---,2026-04-23 16:09
RESIDENT,罪過の聖堂,PIANO CONCERTO,OSTER project,9,0,0,0,0,---,NO PLAY,---,5,0,0,0,---,FULLCOMBO CLEAR,---,8,0,0,0,---,FULLCOMBO CLEAR,---,10,1714,751,212,15,EX HARD CLEAR,AA,0,0,0,0,---,NO PLAY,---,2026-07-12 12:37
RESIDENT,輪廻の鴉,SPIRITUAL CORE,BEMANI Sound Team "dj TAKA",2,0,0,0,0,---,NO PLAY,---,5,0,0,0,---,NO PLAY,---,9,0,0,0,---,NO PLAY,---,11,2606,1215,176,0,FULLCOMBO CLEAR,AAA,0,0,0,0,---,NO PLAY,---,2026-07-12 13:07
RESIDENT,雨のちパノラマセカイ,SUNNY SKY,BEMANI Sound Team "劇団レコード" feat.NU-KO,0,0,0,0,0,---,NO PLAY,---,4,0,0,0,---,NO PLAY,---,7,0,0,0,---,NO PLAY,---,9,0,0,0,---,FULLCOMBO CLEAR,---,0,0,0,0,---,NO PLAY,---,2025-09-17 20:38
RESIDENT,響花水月,HEROIC DRUM & BASS,xi feat. Risa Yuzuki,3,0,0,0,0,---,NO PLAY,---,6,0,0,0,---,NO PLAY,---,9,0,0,0,---,NO PLAY,---,11,2730,1264,202,1,FULLCOMBO CLEAR,AAA,0,0,0,0,---,NO PLAY,---,2026-03-09 15:23
EPOLIS,20XX,CYBER BREAKCORE,COR!S,1,0,0,0,0,---,NO PLAY,---,6,0,0,0,---,NO PLAY,---,9,0,0,0,---,NO PLAY,---,11,2448,1098,252,3,FULLCOMBO CLEAR,AAA,0,0,0,0,---,NO PLAY,---,2026-05-09 12:58
EPOLIS,ACT0,NEOTRANCE CORE,モリモリあつし,4,0,0,0,0,---,NO PLAY,---,6,0,0,0,---,NO PLAY,---,10,0,0,0,---,FULLCOMBO CLEAR,---,12,2772,1291,190,11,EX HARD CLEAR,AAA,0,0,0,0,---,NO PLAY,---,2026-01-15 17:27
EPOLIS,Aeterna,UNSUNG FANTASIA,satella feat. Risa Yuzuki,1,0,0,0,0,---,NO PLAY,---,4,0,0,0,---,NO PLAY,---,8,0,0,0,---,NO PLAY,---,10,2441,1169,103,0,FULLCOMBO CLEAR,AAA,0,0,0,0,---,NO PLAY,---,2026-07-05 15:32
EPOLIS,Akatsuki,LOUD TRAP,PRIDASK,1,0,0,0,0,---,NO PLAY,---,5,0,0,0,---,NO PLAY,---,7,0,0,0,---,NO PLAY,---,10,2220,1088,44,2,FULLCOMBO CLEAR,AAA,0,0,0,0,---,NO PLAY,---,2026-01-19 13:59
EPOLIS,Ambivalent Vermilia,HARD RENAISSANCE,BEMANI Sound Team "二代目朱雀 feat.朱雀",20,0,0,0,0,---,NO PLAY,---,7,0,0,0,---,NO PLAY,---,10,2308,1073,162,0,FULLCOMBO CLEAR,AAA,12,3446,1501,444,47,HARD CLEAR,AA,0,0,0,0,---,NO PLAY,---,2026-08-16 16:45
EPOLIS,Amethyst,TRANCE,BlackY,1,0,0,0,0,---,NO PLAY,---,6,0,0,0,---,NO PLAY,---,9,0,0,0,---,NO PLAY,---,11,2384,1082,220,1,FULLCOMBO CLEAR,AAA,0,0,0,0,---,NO PLAY,---,2025-09-21 13:58
EPOLIS,Bitter & Lucky,NU SYNTH BASS,DE DE MOUSE,3,0,0,0,0,---,NO PLAY,---,4,0,0,0,---,NO PLAY,---,7,0,0,0,---,NO PLAY,---,10,2321,1068,185,1,FULLCOMBO CLEAR,AAA,0,0,0,0,---,NO PLAY,---,2026-01-16 13:27
EPOLIS,BLAZING_LAZER,BURNING RAVE,brz1128,4,0,0,0,0,---,NO PLAY,---,6,0,0,0,---,NO PLAY,---,10,0,0,0,---,FULLCOMBO CLEAR,---,12,3050,1361,328,15,EX HARD CLEAR,AA,0,0,0,0,---,NO PLAY,---,2026-05-08 13:10
EPOLIS,CADENZA,PSYCHEDELIC TRANCE,lapix ∞ BEMANI Sound Team "L.E.D.",13,0,0,0,0,---,NO PLAY,---,7,0,0,0,---,NO PLAY,---,10,0,0,0,---,FULLCOMBO CLEAR,---,12,3909,1701,507,27,EX HARD CLEAR,AA,0,0,0,0,---,NO PLAY,---,2026-08-07 22:25
EPOLIS,Chemical Colours,COLOUR TECHCORE,Blacklolita x BEMANI Sound Team "Expander",2,0,0,0,0,---,NO PLAY,---,5,0,0,0,---,NO PLAY,---,9,0,0,0,---,NO PLAY,---,11,2594,1195,204,6,EX HARD CLEAR,AAA,0,0,0,0,---,NO PLAY,---,2026-07-12 13:44
EPOLIS,CODE:2,HARD TECHNO,HEXA,1,0,0,0,0,---,NO PLAY,---,5,0,0,0,---,NO PLAY,---,9,0,0,0,---,NO PLAY,---,11,2692,1223,246,5,EX HARD CLEAR,AAA,0,0,0,0,---,NO PLAY,---,2026-02-26 12:55
EPOLIS,COUNTING SHEEP ft. Kanae Asaba,SYMPHONIC DRUM'N'BASS,Xceon,1,0,0,0,0,---,NO PLAY,---,4,0,0,0,---,NO PLAY,---,7,0,0,0,---,NO PLAY,---,10,2112,1002,108,0,FULLCOMBO CLEAR,AAA,0,0,0,0,---,NO PLAY,---,2026-03-17 14:41
EPOLIS,Cult Invitation,00's TECHNO,BEMANI Sound Team "謎の勢力",19,0,0,0,0,---,NO PLAY,---,6,0,0,0,---,NO PLAY,---,10,0,0,0,---,FULLCOMBO CLEAR,---,12,2986,1263,460,16,EX HARD CLEAR,AA,0,0,0,0,---,NO PLAY,---,2026-07-16 20:48
EPOLIS,Dahlia,HARD RENAISSANCE,BlackY,8,0,0,0,0,---,NO PLAY,---,6,0,0,0,---,NO PLAY,---,10,0,0,0,---,FULLCOMBO CLEAR,---,12,2858,1281,296,8,EX HARD CLEAR,AA,0,0,0,0,---,NO PLAY,---,2026-06-11 16:03
EPOLIS,DAZZLE ATTACK,HAPPY HARDCORE TAKEOVER,Yuta Imai,2,3,0,0,0,---,NO PLAY,---,5,0,0,0,---,NO PLAY,---,8,0,0,0,---,NO PLAY,---,11,2692,1262,168,1,FULLCOMBO CLEAR,AAA,0,0,0,0,---,NO PLAY,---,2026-08-01 13:28
EPOLIS,Deep Sea Mystery,NEO 90's AMBIENT JUNGLE,Dirty Androids,1,0,0,0,0,---,NO PLAY,---,6,0,0,0,---,NO PLAY,---,8,0,0,0,---,NO PLAY,---,10,1862,874,114,0,FULLCOMBO CLEAR,AAA,0,0,0,0,---,NO PLAY,---,2025-10-06 13:27
EPOLIS,Demon March,CINEMATIC BREAKCORE,Nhato,3,0,0,0,0,---,NO PLAY,---,6,0,0,0,---,NO PLAY,---,10,0,0,0,---,FULLCOMBO CLEAR,---,12,3284,1473,338,12,EX HARD CLEAR,AA,0,0,0,0,---,NO PLAY,---,2026-01-16 15:37
EPOLIS,Echoes of Sunfall,ETHNIC HARDSOUND,nora2r,2,0,0,0,0,---,NO PLAY,---,5,0,0,0,---,NO PLAY,---,8,0,0,0,---,NO PLAY,---,11,2706,1218,270,2,EX HARD CLEAR,AAA,0,0,0,0,---,NO PLAY,---,2026-02-13 14:27
EPOLIS,frequent,MUSIC GAME TRADITIONAL,BEMANI Sound Team "dj TAKA",2,0,0,0,0,---,NO PLAY,---,5,0,0,0,---,NO PLAY,---,10,0,0,0,---,FULLCOMBO CLEAR,---,12,3406,1567,272,6,EX HARD CLEAR,AAA,0,0,0,0,---,NO PLAY,---,2026-02-24 14:10
EPOLIS,GAME ON,MIXTURE,DJ Mass MAD Izm* feat.H14 of LEONAIR,2,0,0,0,0,---,NO PLAY,---,7,0,0,0,---,NO PLAY,---,10,0,0,0,---,FULLCOMBO CLEAR,---,12,2499,1143,213,17,EX HARD CLEAR,AAA,0,0,0,0,---,NO PLAY,---,2026-04-18 15:13
EPOLIS,Get Higher,ADVENTURE TRIP,BEMANI Sound Team "劇団レコード",1,0,0,0,0,---,NO PLAY,---,6,0,0,0,---,NO PLAY,---,9,0,0,0,---,NO PLAY,---,11,2135,978,179,0,FULLCOMBO CLEAR,AAA,0,0,0,0,---,NO PLAY,---,2026-05-03 15:53
EPOLIS,Get Wicked,BIG BEAT,Maozon,0,0,0,0,0,---,NO PLAY,---,5,0,0,0,---,NO PLAY,---,8,0,0,0,---,NO PLAY,---,10,0,0,0,---,FULLCOMBO CLEAR,---,0,0,0,0,---,NO PLAY,---,2025-09-17 20:38
EPOLIS,Ghost Pulse,NEOTRANCE,crayvxn,7,0,0,0,0,---,NO PLAY,---,6,0,0,0,---,NO PLAY,---,9,1611,763,85,0,FULLCOMBO CLEAR,AAA,12,2523,1144,235,4,FULLCOMBO CLEAR,AAA,0,0,0,0,---,NO PLAY,---,2026-01-15 16:45
EPOLIS,Glitch N Ride,COLOUR BASS,Eagle,16,0,0,0,0,---,NO PLAY,---,7,0,0,0,---,NO PLAY,---,10,1523,708,107,5,FULLCOMBO CLEAR,AAA,12,2320,1009,302,9,EX HARD CLEAR,AA,0,0,0,0,---,NO PLAY,---,2026-07-12 12:45
EPOLIS,GloriosA,XYMPHONIC TECHCORE,KARUT,1,0,0,0,0,---,NO PLAY,---,6,0,0,0,---,NO PLAY,---,9,0,0,0,---,NO PLAY,---,11,2649,1227,195,6,EX HARD CLEAR,AAA,0,0,0,0,---,NO PLAY,---,2026-02-26 13:00
EPOLIS,GLORIOUS HAMMER,DUBSTEP,AJURIKA,2,0,0,0,0,---,NO PLAY,---,6,0,0,0,---,NO PLAY,---,9,0,0,0,---,NO PLAY,---,11,2890,1325,240,2,EX HARD CLEAR,AAA,0,0,0,0,---,NO PLAY,---,2026-06-03 13:46
EPOLIS,Hard Breaker,HARD TRANCE,Nhato,0,0,0,0,0,---,NO PLAY,---,4,0,0,0,---,NO PLAY,---,8,0,0,0,---,NO PLAY,---,10,0,0,0,---,FULLCOMBO CLEAR,---,0,0,0,0,---,NO PLAY,---,2025-09-17 20:38
EPOLIS,Hat Surprise (Season 3),UK HARDCORE,Hommarju,2,0,0,0,0,---,NO PLAY,---,6,0,0,0,---,NO PLAY,---,10,0,0,0,---,FULLCOMBO CLEAR,---,11,2565,1194,177,2,FULLCOMBO CLEAR,AAA,0,0,0,0,---,NO PLAY,---,2026-04-17 13:25
EPOLIS,i-ii,HITECH NHI FULLON,かめりあ,2,0,0,0,0,---,NO PLAY,---,6,0,0,0,---,NO PLAY,---,9,0,0,0,---,NO PLAY,---,11,2591,1139,313,4,EX HARD CLEAR,AA,0,0,0,0,---,NO PLAY,---,2026-06-09 13:00
EPOLIS,INHERITANCE,TRANCE CORE,Zekk,6,0,0,0,0,---,NO PLAY,---,6,0,0,0,---,NO PLAY,---,9,0,0,0,---,NO PLAY,---,11,2639,1224,191,3,EX HARD CLEAR,AAA,12,3198,1417,364,9,EX HARD CLEAR,AA,2026-08-02 13:35
EPOLIS,Iris,EMOTIONAL J-POP,BEMANI Sound Team "HuΣeR" feat.紫村 花澄,2,2,0,0,0,---,NO PLAY,---,4,0,0,0,---,NO PLAY,---,7,0,0,0,---,NO PLAY,---,10,2105,1003,99,0,FULLCOMBO CLEAR,AAA,0,0,0,0,---,NO PLAY,---,2026-05-14 11:52
EPOLIS,Jumper,DRUM'N'BASS,Masayoshi Iimori,2,0,0,0,0,---,NO PLAY,---,4,0,0,0,---,NO PLAY,---,7,0,0,0,---,NO PLAY,---,10,2258,1057,144,1,FULLCOMBO CLEAR,AAA,0,0,0,0,---,NO PLAY,---,2025-12-20 14:04
EPOLIS,Just Gimme,CYBER DRUMSTEP,Maozon,1,0,0,0,0,---,NO PLAY,---,5,0,0,0,---,NO PLAY,---,8,0,0,0,---,NO PLAY,---,11,2558,1183,192,1,FULLCOMBO CLEAR,AAA,0,0,0,0,---,NO PLAY,---,2026-02-28 15:41
EPOLIS,JUSTICE/GUILTY feat. Nana Takahashi & 709sec.,ROCKIN' DRUM & BASS,BEMANI Sound Team "L.E.D.",4,0,0,0,0,---,NO PLAY,---,7,0,0,0,---,NO PLAY,---,10,0,0,0,---,FULLCOMBO CLEAR,---,12,3640,1720,200,7,EX HARD CLEAR,AAA,0,0,0,0,---,NO PLAY,---,2026-04-07 14:43
EPOLIS,Level 5,Drumstep / Bass House / Dnb,Yamato,14,0,0,0,0,---,NO PLAY,---,6,0,0,0,---,NO PLAY,---,10,0,0,0,---,FULLCOMBO CLEAR,---,12,2985,1219,547,70,HARD CLEAR,A,0,0,0,0,---,NO PLAY,---,2026-07-03 22:28
EPOLIS,MAXIMUM CHEAT GIRL,MAXIMUM GAME-BREAKING HARDCORE,かめりあ feat. ななひら,2,0,0,0,0,---,NO PLAY,---,6,0,0,0,---,NO PLAY,---,10,0,0,0,---,FULLCOMBO CLEAR,---,12,3243,1472,299,16,EX HARD CLEAR,AA,0,0,0,0,---,NO PLAY,---,2026-02-21 14:30
EPOLIS,Million Dollar,PARTICULAR NIGHTSCAPE,Dirty Androids,1,0,0,0,0,---,NO PLAY,---,6,0,0,0,---,NO PLAY,---,10,0,0,0,---,FULLCOMBO CLEAR,---,12,3144,1427,290,15,EX HARD CLEAR,AAA,0,0,0,0,---,NO PLAY,---,2025-12-28 16:14
EPOLIS,Monkey Business,HARD DANCE,kors k,11,0,0,0,0,---,NO PLAY,---,5,0,0,0,---,NO PLAY,---,8,0,0,0,---,NO PLAY,---,11,2363,1084,195,11,EX HARD CLEAR,AAA,0,0,0,0,---,NO PLAY,---,2026-06-03 16:01
EPOLIS,Mukade,SCHRANZ,kors k,2,0,0,0,0,---,NO PLAY,---,6,0,0,0,---,NO PLAY,---,9,0,0,0,---,NO PLAY,---,11,2946,1325,296,2,FULLCOMBO CLEAR,AAA,0,0,0,0,---,NO PLAY,---,2026-02-26 14:37
EPOLIS,My Sweet Bird?,J-POP,アオワイファイ feat.秋山雫,0,0,0,0,0,---,NO PLAY,---,4,0,0,0,---,NO PLAY,---,7,0,0,0,---,NO PLAY,---,9,0,0,0,---,FULLCOMBO CLEAR,---,0,0,0,0,---,NO PLAY,---,2025-09-17 20:38
EPOLIS,NEEDLESS MY LOVE FOR YOU,ROCK,Pizuya's Cell,2,0,0,0,0,---,NO PLAY,---,5,0,0,0,---,NO PLAY,---,8,0,0,0,---,NO PLAY,---,10,2394,1172,50,0,FULLCOMBO CLEAR,AAA,0,0,0,0,---,NO PLAY,---,2026-07-11 12:21
EPOLIS,Out of Control,FREEFORM ARTCORE,CANVAS feat. Quimar,1,0,0,0,0,---,NO PLAY,---,6,0,0,0,---,NO PLAY,---,10,0,0,0,---,FULLCOMBO CLEAR,---,12,2787,1244,299,20,EX HARD CLEAR,AA,0,0,0,0,---,NO PLAY,---,2025-12-25 15:10
EPOLIS,out of disk space,CHARGE CORE,TORIENA,1,0,0,0,0,---,NO PLAY,---,6,0,0,0,---,NO PLAY,---,9,0,0,0,---,NO PLAY,---,11,2368,1095,178,4,EX HARD CLEAR,AAA,0,0,0,0,---,NO PLAY,---,2025-09-21 14:55
EPOLIS,PILGRIM,TRAP,crayvxn,3,0,0,0,0,---,NO PLAY,---,5,0,0,0,---,NO PLAY,---,9,0,0,0,---,NO PLAY,---,11,2517,1159,199,2,FULLCOMBO CLEAR,AAA,0,0,0,0,---,NO PLAY,---,2026-05-14 13:10
EPOLIS,Psychedelic Intelligence,PSYCHEDELIC,BEMANI Sound Team "Sota Fujimori",1,0,0,0,0,---,NO PLAY,---,6,0,0,0,---,NO PLAY,---,9,0,0,0,---,NO PLAY,---,11,2681,1241,199,4,FULLCOMBO CLEAR,AAA,0,0,0,0,---,NO PLAY,---,2025-10-03 12:29
EPOLIS,Red Determination,HARDCORE,RoughSketch,1,0,0,0,0,---,NO PLAY,---,5,0,0,0,---,NO PLAY,---,8,0,0,0,---,NO PLAY,---,11,2443,1102,239,4,EX HARD CLEAR,AAA,0,0,0,0,---,NO PLAY,---,2026-01-03 13:48
EPOLIS,Resonant,DRUM'N'BASS,BEMANI Sound Team "猫叉Master" & かめりあ,2,0,0,0,0,---,NO PLAY,---,5,0,0,0,---,NO PLAY,---,10,0,0,0,---,FULLCOMBO CLEAR,---,12,3242,1462,318,30,EX HARD CLEAR,AA,0,0,0,0,---,NO PLAY,---,2025-12-24 16:14
EPOLIS,Riff//rain,THEME SONG,Rainy。,1,1,0,0,0,---,NO PLAY,---,4,0,0,0,---,NO PLAY,---,7,0,0,0,---,NO PLAY,---,9,1754,849,56,2,FULLCOMBO CLEAR,AAA,0,0,0,0,---,NO PLAY,---,2025-11-29 12:29
EPOLIS,See You Again,HARDCORE,kors k & Numb'n'dub,1,0,0,0,0,---,NO PLAY,---,5,0,0,0,---,NO PLAY,---,9,0,0,0,---,NO PLAY,---,11,2943,1369,205,2,FULLCOMBO CLEAR,AAA,0,0,0,0,---,NO PLAY,---,2026-04-11 14:25
EPOLIS,Seven Times Four,UK HARDCORE,Hommarju,3,0,0,0,0,---,NO PLAY,---,5,0,0,0,---,NO PLAY,---,9,0,0,0,---,NO PLAY,---,12,3110,1404,302,12,EX HARD CLEAR,AA,0,0,0,0,---,NO PLAY,---,2025-12-24 16:12
EPOLIS,Shapeshifter,TECHNICAL ELECTRO,Avans,0,0,0,0,0,---,NO PLAY,---,6,0,0,0,---,NO PLAY,---,9,0,0,0,---,NO PLAY,---,10,0,0,0,---,FULLCOMBO CLEAR,---,0,0,0,0,---,NO PLAY,---,2025-09-17 20:38
EPOLIS,Sirius,COLOUR BASS,MK,2,0,0,0,0,---,NO PLAY,---,5,0,0,0,---,NO PLAY,---,9,0,0,0,---,NO PLAY,---,12,2987,1383,221,7,EX HARD CLEAR,AAA,0,0,0,0,---,NO PLAY,---,2026-05-01 13:38
EPOLIS,So What,BASS HOUSE,PRIDASK,0,0,0,0,0,---,NO PLAY,---,3,0,0,0,---,NO PLAY,---,6,0,0,0,---,NO PLAY,---,9,0,0,0,---,FULLCOMBO CLEAR,---,0,0,0,0,---,NO PLAY,---,2025-09-17 20:38
EPOLIS,SOLAR ECLIPSE,CROSSOVER,Yuta Imai Vs. BEMANI Sound Team "Yvya",17,0,0,0,0,---,NO PLAY,---,7,0,0,0,---,NO PLAY,---,10,0,0,0,---,FULLCOMBO CLEAR,---,12,3108,1350,408,38,HARD CLEAR,AA,0,0,0,0,---,NO PLAY,---,2026-08-15 13:57
EPOLIS,Speculation,HARDCORE TECHNO,BEMANI Sound Team "ZAQUVA",2,0,0,0,0,---,NO PLAY,---,5,0,0,0,---,NO PLAY,---,9,0,0,0,---,NO PLAY,---,11,2720,1231,258,19,EX HARD CLEAR,AAA,0,0,0,0,---,NO PLAY,---,2025-11-22 14:00
EPOLIS,squall,DRUM'N'BASS,猫叉Master+,1,0,0,0,0,---,NO PLAY,---,6,0,0,0,---,NO PLAY,---,9,0,0,0,---,NO PLAY,---,11,2494,1137,220,1,EX HARD CLEAR,AAA,0,0,0,0,---,NO PLAY,---,2026-01-17 13:49
EPOLIS,Stereo Beasts,HARD TECHNO/DOWNTEMPO,MK & RoughSketch,1,0,0,0,0,---,NO PLAY,---,6,0,0,0,---,NO PLAY,---,10,0,0,0,---,FULLCOMBO CLEAR,---,12,3372,1524,324,6,EX HARD CLEAR,AAA,0,0,0,0,---,NO PLAY,---,2025-12-13 15:03
EPOLIS,Submerge Serenade,HARDTECHNO,lapix,7,0,0,0,0,---,NO PLAY,---,5,0,0,0,---,NO PLAY,---,9,0,0,0,---,NO PLAY,---,11,2679,1214,251,4,FULLCOMBO CLEAR,AAA,12,3577,1565,447,22,EX HARD CLEAR,AA,2026-07-05 16:24
EPOLIS,Sword of Vengeance,HI-SPEED TECHCORE,sky_delta,8,0,0,0,0,---,NO PLAY,---,7,0,0,0,---,NO PLAY,---,10,0,0,0,---,FULLCOMBO CLEAR,---,12,3003,1385,233,4,EX HARD CLEAR,AAA,0,0,0,0,---,NO PLAY,---,2026-04-23 14:15
EPOLIS,T.R.O.L.L.,RAWSTYLE,Yuta Imai,4,0,0,0,0,---,NO PLAY,---,6,0,0,0,---,NO PLAY,---,9,0,0,0,---,NO PLAY,---,11,2271,995,281,17,EX HARD CLEAR,AA,0,0,0,0,---,NO PLAY,---,2026-06-11 15:23
EPOLIS,The Last Apocalypse,NEO-CLASSICAL CORE,BEMANI Sound Team "Sota F. feat. Yvya",2,0,0,0,0,---,NO PLAY,---,6,0,0,0,---,NO PLAY,---,10,0,0,0,---,FULLCOMBO CLEAR,---,12,3299,1476,347,19,EX HARD CLEAR,AA,0,0,0,0,---,NO PLAY,---,2026-01-01 17:21
EPOLIS,The Onlyonez,FRENCHCORE,RoughSketch,12,0,0,0,0,---,NO PLAY,---,5,0,0,0,---,NO PLAY,---,9,0,0,0,---,NO PLAY,---,12,2980,1408,164,2,FULLCOMBO CLEAR,AAA,0,0,0,0,---,NO PLAY,---,2026-07-12 13:42
EPOLIS,This Is Club Musik feat. 大久保紅葉,HARD HOUSE,REMO-CON,2,0,0,0,0,---,NO PLAY,---,6,0,0,0,---,NO PLAY,---,9,0,0,0,---,NO PLAY,---,11,2403,1073,257,1,FULLCOMBO CLEAR,AAA,0,0,0,0,---,NO PLAY,---,2026-05-31 16:59
EPOLIS,Time Distortion pt.2(IIDX Edit),PSYCHEDELIC TECHNO,kors k vs BEMANI Sound Team "setup",1,0,0,0,0,---,NO PLAY,---,6,0,0,0,---,NO PLAY,---,9,0,0,0,---,NO PLAY,---,11,2743,1266,211,2,FULLCOMBO CLEAR,AAA,0,0,0,0,---,NO PLAY,---,2025-09-21 13:55
EPOLIS,TITANIUM RIDERS,HARDCORE RAVE,DJ Shimamura,2,0,0,0,0,---,NO PLAY,---,5,0,0,0,---,NO PLAY,---,8,0,0,0,---,NO PLAY,---,10,1989,924,141,0,FULLCOMBO CLEAR,AAA,0,0,0,0,---,NO PLAY,---,2026-04-03 13:05
EPOLIS,Too Late Snow,J-DANCE POP,movies (moimoi × Xceon × Dai.),0,0,0,0,0,---,NO PLAY,---,4,0,0,0,---,NO PLAY,---,7,0,0,0,---,NO PLAY,---,9,0,0,0,---,FULLCOMBO CLEAR,---,0,0,0,0,---,NO PLAY,---,2025-09-17 20:38
EPOLIS,TRIP THE DEEP,MELODIC TECHNO,Qlarabelle,2,0,0,0,0,---,NO PLAY,---,5,0,0,0,---,NO PLAY,---,8,0,0,0,---,NO PLAY,---,11,2254,993,268,5,EX HARD CLEAR,AA,0,0,0,0,---,NO PLAY,---,2026-06-11 15:17
EPOLIS,Tripping Jumping,FUNKY BREAKS,Aikapin Prod. by uno & NiActivity,10,0,0,0,0,---,NO PLAY,---,4,0,0,0,---,NO PLAY,---,8,0,0,0,---,NO PLAY,---,10,2080,923,234,3,EX HARD CLEAR,AAA,0,0,0,0,---,NO PLAY,---,2026-08-15 10:42
EPOLIS,Vermilion Carol,GOTHIC PIANO TRANCE,OSTER project,3,0,0,0,0,---,NO PLAY,---,7,0,0,0,---,NO PLAY,---,10,0,0,0,---,FULLCOMBO CLEAR,---,12,3266,1480,306,8,EX HARD CLEAR,AAA,0,0,0,0,---,NO PLAY,---,2026-08-07 22:07
EPOLIS,Vulnerability,VARIABLE CORE,BEMANI Sound Team "ZAQUVA",27,0,0,0,0,---,NO PLAY,---,7,0,0,0,---,NO PLAY,---,10,0,0,0,---,FULLCOMBO CLEAR,---,12,3206,1411,384,25,EX HARD CLEAR,AA,0,0,0,0,---,NO PLAY,---,2026-06-18 21:29
EPOLIS,WaterCube Pf.(RX-Ver.S.P.L.),ETHNO POP,高田雅史,1,0,0,0,0,---,NO PLAY,---,3,0,0,0,---,NO PLAY,---,7,0,0,0,---,NO PLAY,---,10,1981,889,203,2,FULLCOMBO CLEAR,AA,0,0,0,0,---,NO PLAY,---,2025-12-13 14:10
EPOLIS,winkle 2 winkle,EURODANCE SPEED,Ryu☆ ft.NU-KO,4,0,0,0,0,---,NO PLAY,---,6,0,0,0,---,NO PLAY,---,9,0,0,0,---,NO PLAY,---,11,2601,1205,191,2,FULLCOMBO CLEAR,AAA,0,0,0,0,---,NO PLAY,---,2026-08-01 12:48
EPOLIS,Xb10r,VOLTENIZED CORE,隣の庭は青い(庭師+Aoi),7,0,0,0,0,---,NO PLAY,---,6,0,0,0,---,NO PLAY,---,10,2206,1009,188,0,FULLCOMBO CLEAR,AAA,12,3199,1432,335,10,EX HARD CLEAR,AA,0,0,0,0,---,NO PLAY,---,2026-06-05 13:59
EPOLIS,ZEROIN ON THE LIGHT,COLD BEAT,SOUND HOLIC Vs. ZYTOKINE feat. Nana Takahashi,2,0,0,0,0,---,NO PLAY,---,5,0,0,0,---,NO PLAY,---,8,0,0,0,---,NO PLAY,---,10,2517,1180,157,1,FULLCOMBO CLEAR,AAA,0,0,0,0,---,NO PLAY,---,2026-07-24 20:36
EPOLIS,《PL|RAYER》,ASCENDING TOGETHER,Blacklolita,1,0,0,0,0,---,NO PLAY,---,5,0,0,0,---,NO PLAY,---,9,0,0,0,---,NO PLAY,---,12,2566,1188,190,3,FULLCOMBO CLEAR,AAA,0,0,0,0,---,NO PLAY,---,2025-10-12 17:41
EPOLIS,ちゅ、多様性。,J-POP,ano,1,1,0,0,0,---,NO PLAY,---,3,0,0,0,---,NO PLAY,---,6,0,0,0,---,NO PLAY,---,9,0,0,0,---,FULLCOMBO CLEAR,---,10,2178,1045,88,0,FULLCOMBO CLEAR,AAA,2026-07-17 13:00
EPOLIS,ないないルーティン,SPEED HOUSE,Len,0,0,0,0,0,---,NO PLAY,---,3,0,0,0,---,NO PLAY,---,7,0,0,0,---,NO PLAY,---,10,0,0,0,---,FULLCOMBO CLEAR,---,0,0,0,0,---,NO PLAY,---,2025-09-17 20:38
EPOLIS,めうめうぺったんたん！！ (ZAQUVA Remix),HYPERACTIVE HELLCORE,Remixed by BEMANI Sound Team "ZAQUVA",1,0,0,0,0,---,NO PLAY,---,4,0,0,0,---,NO PLAY,---,9,0,0,0,---,NO PLAY,---,11,2617,1216,185,11,EX HARD CLEAR,AAA,0,0,0,0,---,NO PLAY,---,2025-12-06 15:47
EPOLIS,れとりば！,KAWAII DOGGO POPS,OSTER project feat. 月ノ輪乃愛,2,0,0,0,0,---,NO PLAY,---,4,0,0,0,---,NO PLAY,---,7,0,0,0,---,NO PLAY,---,9,2023,991,41,1,FULLCOMBO CLEAR,AAA,0,0,0,0,---,NO PLAY,---,2026-08-09 15:00
EPOLIS,アイドル,IIDX EDITION,Covered by BEMANI Sound Team "HuΣeR × wac" feat. 佐伯伊織,2,1,0,0,0,---,NO PLAY,---,4,0,0,0,---,NO PLAY,---,7,0,0,0,---,NO PLAY,---,10,2444,1152,140,3,FULLCOMBO CLEAR,AAA,11,2963,1378,207,3,FULLCOMBO CLEAR,AAA,2026-08-01 12:42
EPOLIS,アタシ完全絶対正義ちゃん！,ROCK,Pizuya's Cell,0,0,0,0,0,---,NO PLAY,---,5,0,0,0,---,NO PLAY,---,8,0,0,0,---,NO PLAY,---,10,0,0,0,---,FULLCOMBO CLEAR,---,0,0,0,0,---,NO PLAY,---,2025-09-17 20:38
EPOLIS,シンデレラ,DRUM & BASS,Maozon feat. Nadia,1,3,0,0,0,---,NO PLAY,---,5,0,0,0,---,NO PLAY,---,8,0,0,0,---,NO PLAY,---,10,2087,973,141,2,FULLCOMBO CLEAR,AAA,0,0,0,0,---,NO PLAY,---,2025-11-23 13:28
EPOLIS,センチメンタル・サマー,CITY DANCE POP,Nhato feat. Kanae Asaba & はるまき (from ボタニカルな暮らし。),0,0,0,0,0,---,NO PLAY,---,3,0,0,0,---,NO PLAY,---,6,0,0,0,---,NO PLAY,---,9,0,0,0,---,FULLCOMBO CLEAR,---,0,0,0,0,---,NO PLAY,---,2025-09-17 20:38
EPOLIS,デビルじゃないもん,IIDX EDITION,Remixed by BlackY feat. Risa Yuzuki,0,2,0,0,0,---,NO PLAY,---,5,0,0,0,---,NO PLAY,---,8,0,0,0,---,NO PLAY,---,10,0,0,0,---,FULLCOMBO CLEAR,---,0,0,0,0,---,NO PLAY,---,2025-09-17 20:38
EPOLIS,フォニイ,IIDX EDITION,Remixed by Pizuya's Cell,13,3,0,0,0,---,NO PLAY,---,6,0,0,0,---,NO PLAY,---,9,0,0,0,---,NO PLAY,---,11,2743,1302,139,2,FULLCOMBO CLEAR,AAA,12,3597,1650,297,0,FULLCOMBO CLEAR,AAA,2026-06-18 22:04
EPOLIS,ポラリスノウタ,FUTUREBASS,ここなつ2.0,1,1,0,0,0,---,NO PLAY,---,4,0,0,0,---,NO PLAY,---,8,0,0,0,---,NO PLAY,---,10,2136,1002,132,1,FULLCOMBO CLEAR,AAA,0,0,0,0,---,NO PLAY,---,2026-07-04 14:23
EPOLIS,マーシャル・マキシマイザー,IIDX EDITION,Remixed by uno(IOSYS) feat. Chiyoko,2,3,0,0,0,---,NO PLAY,---,5,0,0,0,---,NO PLAY,---,9,0,0,0,---,NO PLAY,---,11,2068,990,88,0,FULLCOMBO CLEAR,AAA,0,0,0,0,---,NO PLAY,---,2026-06-04 16:03
EPOLIS,ラビットホール,J-POP,DECO*27,1,3,0,0,0,---,NO PLAY,---,6,0,0,0,---,NO PLAY,---,9,0,0,0,---,NO PLAY,---,11,2801,1332,137,0,FULLCOMBO CLEAR,AAA,0,0,0,0,---,NO PLAY,---,2025-12-06 15:20
EPOLIS,リメンバーリメンバー,RAINY WALTZ,rino & m@sumi from plastic penguin,0,0,0,0,0,---,NO PLAY,---,3,0,0,0,---,NO PLAY,---,6,0,0,0,---,NO PLAY,---,9,0,0,0,---,FULLCOMBO CLEAR,---,0,0,0,0,---,NO PLAY,---,2025-09-17 20:38
EPOLIS,今宵、ロマンス横丁。,和風歌謡硬核音楽,まろん feat. Rikotan,2,0,0,0,0,---,NO PLAY,---,6,0,0,0,---,NO PLAY,---,10,0,0,0,---,FULLCOMBO CLEAR,---,12,2941,1302,337,17,EX HARD CLEAR,AA,0,0,0,0,---,NO PLAY,---,2026-04-07 14:55
EPOLIS,勇者,IIDX EDITION,Remixed by OSTER project feat. そらこ,1,2,0,0,0,---,NO PLAY,---,5,0,0,0,---,NO PLAY,---,8,0,0,0,---,NO PLAY,---,11,2360,1122,116,1,FULLCOMBO CLEAR,AAA,0,0,0,0,---,NO PLAY,---,2026-01-17 15:10
EPOLIS,可愛くてごめん,IIDX EDITION,Remixed by MK feat. 紫咲ほたる,6,1,0,0,0,---,NO PLAY,---,3,0,0,0,---,NO PLAY,---,7,0,0,0,---,NO PLAY,---,9,2152,1026,100,0,FULLCOMBO CLEAR,AAA,10,2711,1308,95,1,FULLCOMBO CLEAR,AAA,2026-04-06 14:09
EPOLIS,唱,J-POP,Ado,1,1,0,0,0,---,NO PLAY,---,3,0,0,0,---,NO PLAY,---,7,0,0,0,---,NO PLAY,---,9,1636,752,132,0,FULLCOMBO CLEAR,AAA,0,0,0,0,---,NO PLAY,---,2025-11-30 13:22
EPOLIS,夏風邪デスコ,SUMMER POP,TORIENA,1,1,0,0,0,---,NO PLAY,---,4,0,0,0,---,NO PLAY,---,8,0,0,0,---,NO PLAY,---,10,2511,1178,155,2,FULLCOMBO CLEAR,AAA,0,0,0,0,---,NO PLAY,---,2026-02-05 14:48
EPOLIS,夢縁,JUVENILE PIANO ROCK,xi feat. Risa Yuzuki,1,0,0,0,0,---,NO PLAY,---,6,0,0,0,---,NO PLAY,---,10,0,0,0,---,FULLCOMBO CLEAR,---,11,2780,1282,216,0,FULLCOMBO CLEAR,AAA,0,0,0,0,---,NO PLAY,---,2025-12-24 14:28
EPOLIS,寝起きヤシの木,IIDX EDITION,Remixed by uno(IOSYS) feat. Chiyoko,8,2,0,0,0,---,NO PLAY,---,5,0,0,0,---,NO PLAY,---,9,0,0,0,---,NO PLAY,---,11,2620,1229,162,3,FULLCOMBO CLEAR,AAA,12,3088,1345,398,20,EX HARD CLEAR,AA,2026-08-07 21:50
EPOLIS,惑星鉄道,PROLOGUE,Snail's House,42,0,0,0,0,---,NO PLAY,---,7,0,0,0,---,NO PLAY,---,11,1909,836,237,2,FULLCOMBO CLEAR,AA,12,2411,982,447,40,HARD CLEAR,A,0,0,0,0,---,NO PLAY,---,2026-05-28 16:08
EPOLIS,愛包ダンスホール,J-POP,HIMEHINA,0,1,0,0,0,---,NO PLAY,---,4,0,0,0,---,NO PLAY,---,7,0,0,0,---,NO PLAY,---,10,0,0,0,---,FULLCOMBO CLEAR,---,0,0,0,0,---,NO PLAY,---,2025-09-17 20:38
EPOLIS,摩天楼,VALHALLASTEP,Julianne,2,0,0,0,0,---,NO PLAY,---,4,0,0,0,---,NO PLAY,---,8,1416,657,102,0,FULLCOMBO CLEAR,AAA,12,2356,1077,202,7,EX HARD CLEAR,AAA,0,0,0,0,---,NO PLAY,---,2025-10-25 16:29
EPOLIS,未完成ノ蒸氣驅動乙女,ORBITAL STEAMPUNK,U1 overground,3,0,0,0,0,---,NO PLAY,---,5,0,0,0,---,NO PLAY,---,10,0,0,0,---,FULLCOMBO CLEAR,---,12,2656,1183,290,14,EX HARD CLEAR,AA,0,0,0,0,---,NO PLAY,---,2025-12-25 17:33
EPOLIS,果たせぬ約束 ft. 小林マナ,CHINA SQUARE DANCEPOP,Xceon,1,0,0,0,0,---,NO PLAY,---,6,0,0,0,---,NO PLAY,---,9,0,0,0,---,NO PLAY,---,11,2732,1233,266,0,FULLCOMBO CLEAR,AAA,0,0,0,0,---,NO PLAY,---,2026-04-06 14:30
EPOLIS,残像ニ繋ガレタ追憶ノHIDEAWAY,HYPER DIG!ROCK,SOUND HOLIC Vs. BEMANI Sound Team "KE!JU" feat. Nana Takahashi,3,0,0,0,0,---,NO PLAY,---,5,0,0,0,---,NO PLAY,---,10,0,0,0,---,FULLCOMBO CLEAR,---,12,3319,1550,219,1,FULLCOMBO CLEAR,AAA,0,0,0,0,---,NO PLAY,---,2026-07-25 17:57
EPOLIS,流桜ノ門,SCI-FI CHRONICLE,tokiwa,1,0,0,0,0,---,NO PLAY,---,5,0,0,0,---,NO PLAY,---,8,0,0,0,---,NO PLAY,---,10,2032,965,102,1,FULLCOMBO CLEAR,AAA,0,0,0,0,---,NO PLAY,---,2026-07-03 20:09
EPOLIS,灼熱Beach Side Bunny (かめりあ's "Summertime D'n'B" Remix),BROKEN SAMBA DRUM'N'BASS,Remixed by かめりあ,12,0,0,0,0,---,NO PLAY,---,5,0,0,0,---,NO PLAY,---,9,0,0,0,---,NO PLAY,---,12,2668,1120,428,22,EX HARD CLEAR,AA,0,0,0,0,---,NO PLAY,---,2026-04-09 15:01
EPOLIS,神様、つれない。,ALTERNATIVE,中山真斗 feat. CHAN,0,0,0,0,0,---,NO PLAY,---,4,0,0,0,---,NO PLAY,---,7,0,0,0,---,NO PLAY,---,10,0,0,0,---,FULLCOMBO CLEAR,---,0,0,0,0,---,NO PLAY,---,2025-09-17 20:38
EPOLIS,終焔のClaudia,HARD RENAISSANCE,二代目朱雀,2,0,0,0,0,---,NO PLAY,---,8,0,0,0,---,NO PLAY,---,10,0,0,0,---,FULLCOMBO CLEAR,---,12,2527,1168,191,6,EX HARD CLEAR,AAA,0,0,0,0,---,NO PLAY,---,2026-01-15 17:01
EPOLIS,酔いどれ知らず,IIDX EDITION,Remixed by SOUND HOLIC feat. Nana Takahashi,3,1,0,0,0,---,NO PLAY,---,4,0,0,0,---,NO PLAY,---,7,0,0,0,---,NO PLAY,---,10,2044,934,176,0,FULLCOMBO CLEAR,AAA,0,0,0,0,---,NO PLAY,---,2026-07-24 20:26
EPOLIS,閉塞的フレーション,ROCK,Pizuya's Cell VS BEMANI Sound Team "dj TAKA",0,0,0,0,0,---,NO PLAY,---,5,0,0,0,---,NO PLAY,---,8,0,0,0,---,NO PLAY,---,10,0,0,0,---,FULLCOMBO CLEAR,---,0,0,0,0,---,NO PLAY,---,2025-09-17 20:38
EPOLIS,雫,LAMENTO,あさき,1,0,0,0,0,---,NO PLAY,---,5,0,0,0,---,NO PLAY,---,9,0,0,0,---,NO PLAY,---,11,2568,1231,106,7,EX HARD CLEAR,AAA,0,0,0,0,---,NO PLAY,---,2025-10-19 15:56
EPOLIS,電光,BUCHIAGE TRANCE,Yuta Imai,9,0,0,0,0,---,NO PLAY,---,6,0,0,0,---,NO PLAY,---,10,1723,763,197,3,FULLCOMBO CLEAR,AA,12,2754,1234,286,8,EX HARD CLEAR,AA,0,0,0,0,---,NO PLAY,---,2026-01-16 15:08
EPOLIS,電子になりたい,HYBRID DANCE MUSIC,BEMANI Sound Team "HuΣeR",0,0,0,0,0,---,NO PLAY,---,5,0,0,0,---,NO PLAY,---,8,0,0,0,---,NO PLAY,---,10,0,0,0,---,FULLCOMBO CLEAR,---,0,0,0,0,---,NO PLAY,---,2025-09-17 20:38
EPOLIS,電腦都市,BREAKCORE,Blacklolita,2,0,0,0,0,---,NO PLAY,---,7,0,0,0,---,NO PLAY,---,10,0,0,0,---,FULLCOMBO CLEAR,---,12,3069,1403,263,22,EX HARD CLEAR,AA,0,0,0,0,---,NO PLAY,---,2026-01-07 15:00
Pinky Crush,1116,BREAKBEATS,BEMANI Sound Team "Dustup",2,0,0,0,0,---,NO PLAY,---,6,0,0,0,---,NO PLAY,---,10,0,0,0,---,FULLCOMBO CLEAR,---,12,2686,1213,260,32,EX HARD CLEAR,AA,0,0,0,0,---,NO PLAY,---,2026-01-04 17:05
Pinky Crush,ADAMANT,HARDCORE,BEMANI Sound Team "L.E.D.-G",1,0,0,0,0,---,NO PLAY,---,6,0,0,0,---,NO PLAY,---,9,0,0,0,---,NO PLAY,---,11,2834,1317,200,6,EX HARD CLEAR,AAA,0,0,0,0,---,NO PLAY,---,2025-10-25 14:02
Pinky Crush,Aqvion,AQUATIC TECHCORE,lapix,1,0,0,0,0,---,NO PLAY,---,6,0,0,0,---,NO PLAY,---,9,0,0,0,---,NO PLAY,---,12,3215,1469,277,5,FULLCOMBO CLEAR,AAA,0,0,0,0,---,NO PLAY,---,2025-11-22 14:55
Pinky Crush,Arcanos,NOSTALGIC ARTCORE,DJ Totoriott,0,0,0,0,0,---,NO PLAY,---,4,0,0,0,---,NO PLAY,---,7,0,0,0,---,NO PLAY,---,10,0,0,0,---,FULLCOMBO CLEAR,---,0,0,0,0,---,NO PLAY,---,2025-09-17 20:38
Pinky Crush,Bang-Boo Bumble,BANGIN' TECHNO,二代目白虎,1,0,0,0,0,---,NO PLAY,---,5,0,0,0,---,NO PLAY,---,9,0,0,0,---,NO PLAY,---,11,2734,1274,186,2,FULLCOMBO CLEAR,AAA,0,0,0,0,---,NO PLAY,---,2026-01-16 14:26
Pinky Crush,Bling-Bang-Bang-Born,IIDX EDITION,Covered by uno(IOSYS) feat. Fra,10,2,0,0,0,---,NO PLAY,---,4,0,0,0,---,NO PLAY,---,7,0,0,0,---,NO PLAY,---,10,0,0,0,---,FULLCOMBO CLEAR,---,11,1868,805,258,11,EX HARD CLEAR,AA,2026-06-09 13:14
Pinky Crush,Bring The Fire,SPEED RAVE,kors k,5,0,0,0,0,---,NO PLAY,---,6,0,0,0,---,NO PLAY,---,9,1821,839,143,0,FULLCOMBO CLEAR,AAA,12,3080,1384,312,4,EX HARD CLEAR,AA,0,0,0,0,---,NO PLAY,---,2026-05-01 13:42
Pinky Crush,Butterfly Twist,SPEED HOUSE,Yooh,5,0,0,0,0,---,NO PLAY,---,5,0,0,0,---,NO PLAY,---,8,0,0,0,---,NO PLAY,---,11,2549,1193,163,0,FULLCOMBO CLEAR,AAA,0,0,0,0,---,NO PLAY,---,2026-07-25 17:04
Pinky Crush,CHAOTIC SUNBIRD,ULTRA SAM-BASS,Tanchiky,1,0,0,0,0,---,NO PLAY,---,6,0,0,0,---,NO PLAY,---,9,0,0,0,---,NO PLAY,---,11,2993,1364,265,6,EX HARD CLEAR,AAA,0,0,0,0,---,NO PLAY,---,2026-03-10 15:30
Pinky Crush,Chasing After YOU ～夢の欠片～ ft. 小林マナ,Y2K 2000 J-POP DANCE,Xceon,1,0,0,0,0,---,NO PLAY,---,5,0,0,0,---,NO PLAY,---,7,0,0,0,---,NO PLAY,---,10,1933,912,109,0,FULLCOMBO CLEAR,AAA,0,0,0,0,---,NO PLAY,---,2026-04-23 15:02
Pinky Crush,Constellation,UPLIFTING TRANCE,Maozon,2,0,0,0,0,---,NO PLAY,---,5,0,0,0,---,NO PLAY,---,9,0,0,0,---,NO PLAY,---,11,2571,1172,227,3,FULLCOMBO CLEAR,AAA,0,0,0,0,---,NO PLAY,---,2026-03-14 15:57
Pinky Crush,COSMIC V3LOCITY,UCHIAGE CORE,BEMANI Sound Team "Coyaan & KE!JU & ZAQUVA",0,0,0,0,0,---,NO PLAY,---,6,0,0,0,---,NO PLAY,---,10,0,0,0,---,NO PLAY,---,12,0,0,0,---,NO PLAY,---,0,0,0,0,---,NO PLAY,---,2025-09-17 20:38
Pinky Crush,Cross Fire,CROSSOVER,Hommarju vs RoughSketch,12,0,0,0,0,---,NO PLAY,---,6,0,0,0,---,NO PLAY,---,10,0,0,0,---,FULLCOMBO CLEAR,---,12,2885,1247,391,16,EX HARD CLEAR,AA,0,0,0,0,---,NO PLAY,---,2026-08-07 22:33
Pinky Crush,destination,TRANCECORE,One Round Rabbits,3,0,0,0,0,---,NO PLAY,---,5,0,0,0,---,NO PLAY,---,10,0,0,0,---,FULLCOMBO CLEAR,---,12,3023,1367,289,5,FULLCOMBO CLEAR,AAA,0,0,0,0,---,NO PLAY,---,2025-12-13 15:27
Pinky Crush,Digital Radiance,COLOUR TECH,BEMANI Sound Team "Sota Fujimori" feat. S.B.Z.,0,0,0,0,0,---,NO PLAY,---,5,0,0,0,---,NO PLAY,---,7,0,0,0,---,NO PLAY,---,9,0,0,0,---,FULLCOMBO CLEAR,---,0,0,0,0,---,NO PLAY,---,2025-09-17 20:38
Pinky Crush,DIVINE JUDGEMENT,SYMPHONIC BREAK BEATS,OSTER project,2,0,0,0,0,---,NO PLAY,---,6,0,0,0,---,NO PLAY,---,10,0,0,0,---,FULLCOMBO CLEAR,---,12,2518,1143,232,9,EX HARD CLEAR,AAA,0,0,0,0,---,NO PLAY,---,2026-01-07 15:46
Pinky Crush,Dreamship,ELECTRO POP,Nhato feat. Kanae Asaba,0,0,0,0,0,---,NO PLAY,---,4,0,0,0,---,NO PLAY,---,7,0,0,0,---,NO PLAY,---,9,0,0,0,---,FULLCOMBO CLEAR,---,0,0,0,0,---,NO PLAY,---,2025-09-17 20:38
Pinky Crush,Drop Syndicate,MOOMBAHCORE / DRUM'N BASS,Seventhrun × nora2r,8,0,0,0,0,---,NO PLAY,---,6,0,0,0,---,NO PLAY,---,9,1874,880,114,0,FULLCOMBO CLEAR,AAA,12,3255,1468,319,26,EX HARD CLEAR,AA,0,0,0,0,---,NO PLAY,---,2026-07-05 16:05
Pinky Crush,Eleanor,UNNAMED FIESTA,satella feat. nayuta,1,0,0,0,0,---,NO PLAY,---,4,0,0,0,---,NO PLAY,---,7,0,0,0,---,NO PLAY,---,10,2256,1045,166,1,FULLCOMBO CLEAR,AAA,0,0,0,0,---,NO PLAY,---,2026-07-05 15:34
Pinky Crush,ELYSIUM,RANDOM ACCESS MEMORIES,Snail's House,1,0,0,0,0,---,NO PLAY,---,5,0,0,0,---,NO PLAY,---,8,0,0,0,---,NO PLAY,---,11,2532,1173,186,15,EX HARD CLEAR,AAA,0,0,0,0,---,NO PLAY,---,2026-04-03 13:48
Pinky Crush,everlastingeuphoria:,HYPERTRANCE,crayvxn,1,0,0,0,0,---,NO PLAY,---,5,0,0,0,---,NO PLAY,---,9,0,0,0,---,NO PLAY,---,11,2283,1048,187,1,FULLCOMBO CLEAR,AAA,0,0,0,0,---,NO PLAY,---,2025-12-13 14:50
Pinky Crush,EX-MASSIVE FIGHTER,HYBRID HARDSTYLE,BEMANI Sound Team "L.E.D.-G",1,0,0,0,0,---,NO PLAY,---,6,0,0,0,---,NO PLAY,---,10,0,0,0,---,FULLCOMBO CLEAR,---,12,3095,1423,249,17,EX HARD CLEAR,AAA,0,0,0,0,---,NO PLAY,---,2025-10-03 13:17
Pinky Crush,EYE OF THE HEAVEN,ORBITALIC ELECTRONIC METAL,BEMANI Sound Team "U1-ASAMi",4,0,0,0,0,---,NO PLAY,---,6,0,0,0,---,NO PLAY,---,10,0,0,0,---,FULLCOMBO CLEAR,---,12,3230,1442,346,7,EX HARD CLEAR,AA,0,0,0,0,---,NO PLAY,---,2026-04-07 14:23
Pinky Crush,FERMI PARADOX,COSMIC HAPPY TUNE,BlackY feat. Risa Yuzuki,1,0,0,0,0,---,NO PLAY,---,5,0,0,0,---,NO PLAY,---,8,0,0,0,---,NO PLAY,---,10,2420,1157,106,2,FULLCOMBO CLEAR,AAA,0,0,0,0,---,NO PLAY,---,2025-12-01 12:28
Pinky Crush,Fiery Stallion,80'S SYNTHWAVE ROCK,Dirty Androids,2,0,0,0,0,---,NO PLAY,---,4,0,0,0,---,NO PLAY,---,9,0,0,0,---,NO PLAY,---,11,2268,1063,142,1,EX HARD CLEAR,AAA,0,0,0,0,---,NO PLAY,---,2026-07-26 14:07
Pinky Crush,Flamingo,PASSIONATE RAVE,CANVAS feat. Quimar,3,0,0,0,0,---,NO PLAY,---,5,0,0,0,---,NO PLAY,---,10,0,0,0,---,FULLCOMBO CLEAR,---,12,3011,1323,365,30,EX HARD CLEAR,AA,0,0,0,0,---,NO PLAY,---,2026-01-07 15:43
Pinky Crush,FlyAway,HARD DANCE,Blacklolita,2,0,0,0,0,---,NO PLAY,---,6,0,0,0,---,NO PLAY,---,10,0,0,0,---,FULLCOMBO CLEAR,---,12,2865,1270,325,16,EX HARD CLEAR,AA,0,0,0,0,---,NO PLAY,---,2026-04-07 14:29
Pinky Crush,Galaxy Collapse,MULTIGENRE,BEMANI Sound Team "めめめ",1,0,0,0,0,---,NO PLAY,---,5,0,0,0,---,NO PLAY,---,7,0,0,0,---,NO PLAY,---,10,1765,814,137,2,FULLCOMBO CLEAR,AAA,0,0,0,0,---,NO PLAY,---,2026-03-21 12:57
Pinky Crush,get set mind,TORIENA LAND,TORIENA,0,0,0,0,0,---,NO PLAY,---,5,0,0,0,---,NO PLAY,---,8,0,0,0,---,NO PLAY,---,10,0,0,0,---,FULLCOMBO CLEAR,---,0,0,0,0,---,NO PLAY,---,2025-09-17 20:38
Pinky Crush,God Mind,NEO HARD RENAISSANCE,Tatsunoshin,27,0,0,0,0,---,NO PLAY,---,7,0,0,0,---,NO PLAY,---,10,0,0,0,---,FULLCOMBO CLEAR,---,12,3486,1507,472,40,HARD CLEAR,AA,0,0,0,0,---,NO PLAY,---,2026-08-17 17:10
Pinky Crush,Good Looking,RAVE BREAKS,JAKAZiD,0,0,0,0,0,---,NO PLAY,---,4,0,0,0,---,NO PLAY,---,8,0,0,0,---,NO PLAY,---,10,0,0,0,---,FULLCOMBO CLEAR,---,0,0,0,0,---,NO PLAY,---,2025-09-17 20:38
Pinky Crush,Here We Go Now,HARD PSY,Whac-A-Me,2,0,0,0,0,---,NO PLAY,---,6,0,0,0,---,NO PLAY,---,10,0,0,0,---,FULLCOMBO CLEAR,---,12,3043,1380,283,4,FULLCOMBO CLEAR,AAA,0,0,0,0,---,NO PLAY,---,2026-01-03 14:40
Pinky Crush,hora de verdad,CYBER FLAMENCO,Vandalusia改,4,0,0,0,0,---,NO PLAY,---,6,0,0,0,---,NO PLAY,---,10,0,0,0,---,FULLCOMBO CLEAR,---,12,2643,1147,349,17,EX HARD CLEAR,AA,0,0,0,0,---,NO PLAY,---,2025-12-28 15:30
Pinky Crush,IN BETWEEN,HARDSTYLE,BEMANI Sound Team "L.E.D.-G" feat. Mayumi Morinaga,2,0,0,0,0,---,NO PLAY,---,5,0,0,0,---,NO PLAY,---,9,0,0,0,---,NO PLAY,---,11,2233,1045,143,2,FULLCOMBO CLEAR,AAA,0,0,0,0,---,NO PLAY,---,2026-03-17 15:05
Pinky Crush,KOTONOHA ft. Kotoha,EMOISM FUTURE POP,EmoCosine × BEMANI Sound Team "HuΣeR",3,0,0,0,0,---,NO PLAY,---,5,0,0,0,---,NO PLAY,---,8,0,0,0,---,NO PLAY,---,10,1898,908,82,0,FULLCOMBO CLEAR,AAA,0,0,0,0,---,NO PLAY,---,2026-03-21 12:54
Pinky Crush,lowercase lifetime,HYPERFLIP,BEMANI Sound Team "ZAQUVA",1,0,0,0,0,---,NO PLAY,---,5,0,0,0,---,NO PLAY,---,9,0,0,0,---,NO PLAY,---,11,2573,1187,199,2,EX HARD CLEAR,AAA,0,0,0,0,---,NO PLAY,---,2026-05-09 13:08
Pinky Crush,Lycoris,HYPER JAPANESQUE,BEMANI Sound Team "HuΣeR" feat.Fernweh,1,0,0,0,0,---,NO PLAY,---,4,0,0,0,---,NO PLAY,---,7,0,0,0,---,NO PLAY,---,10,1899,883,133,0,FULLCOMBO CLEAR,AAA,0,0,0,0,---,NO PLAY,---,2026-08-02 13:06
Pinky Crush,MARLIN,DRUM'N'BASS,Zekk,4,0,0,0,0,---,NO PLAY,---,6,0,0,0,---,NO PLAY,---,10,0,0,0,---,FULLCOMBO CLEAR,---,12,3215,1449,317,11,EX HARD CLEAR,AAA,0,0,0,0,---,NO PLAY,---,2026-02-26 15:30
Pinky Crush,Mid-Corner (Magic Maker),HARD DANCE,REMO-CON,1,0,0,0,0,---,NO PLAY,---,6,0,0,0,---,NO PLAY,---,10,0,0,0,---,FULLCOMBO CLEAR,---,12,2820,1254,312,14,EX HARD CLEAR,AA,0,0,0,0,---,NO PLAY,---,2025-12-13 15:49
Pinky Crush,Mighty Cutie,HAPPY HARDCORE,KARUT,2,0,0,0,0,---,NO PLAY,---,5,0,0,0,---,NO PLAY,---,8,0,0,0,---,NO PLAY,---,10,2628,1245,138,1,FULLCOMBO CLEAR,AAA,0,0,0,0,---,NO PLAY,---,2026-03-12 14:33
Pinky Crush,MVP,HARD TRAP,PRIDASK,1,0,0,0,0,---,NO PLAY,---,5,0,0,0,---,NO PLAY,---,8,0,0,0,---,NO PLAY,---,11,2521,1214,93,6,FULLCOMBO CLEAR,AAA,0,0,0,0,---,NO PLAY,---,2025-11-29 13:04
Pinky Crush,NOIXIA,STYLISH ELECTRO,BEMANI Sound Team "HuΣeR",3,0,0,0,0,---,NO PLAY,---,7,0,0,0,---,NO PLAY,---,10,0,0,0,---,FULLCOMBO CLEAR,---,12,3558,1602,354,19,EX HARD CLEAR,AA,0,0,0,0,---,NO PLAY,---,2026-02-13 15:01
Pinky Crush,PERFECT HUMAN,IIDX EDITION,Remixed by Ryu☆ feat. BEMANI Sound Team "PON",1,3,0,0,0,---,NO PLAY,---,5,0,0,0,---,NO PLAY,---,7,0,0,0,---,NO PLAY,---,10,2063,955,153,2,FULLCOMBO CLEAR,AAA,0,0,0,0,---,NO PLAY,---,2026-08-02 13:55
Pinky Crush,Pinky Happy Crazy,HAPPY,BEMANI Sound Team "Risk Junk",6,0,0,0,0,---,NO PLAY,---,6,0,0,0,---,NO PLAY,---,10,0,0,0,---,FULLCOMBO CLEAR,---,12,3253,1480,293,4,EX HARD CLEAR,AA,0,0,0,0,---,NO PLAY,---,2026-04-14 14:34
Pinky Crush,PIT A PAT,NEO CANDY RAVE,Zekk,4,0,0,0,0,---,NO PLAY,---,5,0,0,0,---,NO PLAY,---,8,0,0,0,---,NO PLAY,---,10,2395,1111,173,1,FULLCOMBO CLEAR,AAA,0,0,0,0,---,NO PLAY,---,2025-12-21 14:07
Pinky Crush,Plazma,J-POP,米津玄師,6,2,0,0,0,---,NO PLAY,---,5,0,0,0,---,NO PLAY,---,8,0,0,0,---,NO PLAY,---,10,1824,815,194,1,FULLCOMBO CLEAR,AAA,12,2580,1185,210,1,FULLCOMBO CLEAR,AAA,2026-08-07 21:00
Pinky Crush,Plea Per Phase,MELODIC CONTEMPORARIDDIM,Feryquitous,1,0,0,0,0,---,NO PLAY,---,5,0,0,0,---,NO PLAY,---,9,0,0,0,---,NO PLAY,---,11,2575,1192,191,1,FULLCOMBO CLEAR,AAA,0,0,0,0,---,NO PLAY,---,2026-02-05 15:29
Pinky Crush,PopなEDEN,J-POP,YASUHIRO(康寛) feat.橘田ほのか,2,0,0,0,0,---,NO PLAY,---,5,0,0,0,---,NO PLAY,---,9,0,0,0,---,NO PLAY,---,11,2291,1063,165,1,FULLCOMBO CLEAR,AAA,0,0,0,0,---,NO PLAY,---,2026-03-19 15:00
Pinky Crush,Raspberry Potion (feat.あれたん & ぎゃるのしん☆),LOVE CORE,Tatsunoshin & 藍良あれれ,3,0,0,0,0,---,NO PLAY,---,5,0,0,0,---,NO PLAY,---,9,0,0,0,---,NO PLAY,---,11,2376,1114,148,2,FULLCOMBO CLEAR,AAA,0,0,0,0,---,NO PLAY,---,2026-03-30 18:39
Pinky Crush,RAVE SYNDROME,REVERSE BASS,Yuta Imai,2,0,0,0,0,---,NO PLAY,---,6,0,0,0,---,NO PLAY,---,9,0,0,0,---,NO PLAY,---,11,2613,1224,165,0,FULLCOMBO CLEAR,AAA,0,0,0,0,---,NO PLAY,---,2026-05-04 13:26
Pinky Crush,Roar of Chronos,DIAMOND CORE,BEMANI Sound Team "KE!JU",11,0,0,0,0,---,NO PLAY,---,6,0,0,0,---,NO PLAY,---,10,0,0,0,---,FULLCOMBO CLEAR,---,12,3573,1627,319,6,EX HARD CLEAR,AAA,0,0,0,0,---,NO PLAY,---,2026-08-07 21:33
Pinky Crush,Satellite Burst,HARD SYMPHONIC,xi,2,0,0,0,0,---,NO PLAY,---,6,0,0,0,---,NO PLAY,---,10,0,0,0,---,FULLCOMBO CLEAR,---,12,3406,1530,346,31,EX HARD CLEAR,AA,0,0,0,0,---,NO PLAY,---,2026-01-28 17:37
Pinky Crush,Secret Rouge,DIGITAL J-POP,ハレトキドキ,4,0,0,0,0,---,NO PLAY,---,5,0,0,0,---,NO PLAY,---,8,0,0,0,---,NO PLAY,---,10,2167,1014,139,1,FULLCOMBO CLEAR,AAA,0,0,0,0,---,NO PLAY,---,2026-05-14 12:24
Pinky Crush,Shirdal,CHAOTIC METAL BREAKCORE,Dirty Androids,0,0,0,0,0,---,NO PLAY,---,5,0,0,0,---,NO PLAY,---,8,0,0,0,---,NO PLAY,---,10,0,0,0,---,FULLCOMBO CLEAR,---,0,0,0,0,---,NO PLAY,---,2025-09-17 20:38
Pinky Crush,Show Me All Your Love,NEORAVE,Hommarju,6,0,0,0,0,---,NO PLAY,---,5,0,0,0,---,NO PLAY,---,9,0,0,0,---,NO PLAY,---,11,2750,1281,188,0,FULLCOMBO CLEAR,AAA,0,0,0,0,---,NO PLAY,---,2026-07-04 15:05
Pinky Crush,SISYPHUS,ABSURD STYLE,BEMANI Sound Team "Paoon",3,0,0,0,0,---,NO PLAY,---,6,0,0,0,---,NO PLAY,---,10,0,0,0,---,FULLCOMBO CLEAR,---,12,2377,1041,295,23,EX HARD CLEAR,AA,0,0,0,0,---,NO PLAY,---,2026-05-16 14:49
Pinky Crush,Skratch Education Lv-1,DJ BATTLE,DJ Mass MAD Izm*,22,0,0,0,0,---,NO PLAY,---,7,0,0,0,---,NO PLAY,---,10,1577,651,275,9,EX HARD CLEAR,AA,12,2507,1045,417,56,HARD CLEAR,AA,0,0,0,0,---,NO PLAY,---,2026-07-11 16:50
Pinky Crush,Slumber☆Party,MULTIGENRE,BEMANI Sound Team "めめめ",1,0,0,0,0,---,NO PLAY,---,5,0,0,0,---,NO PLAY,---,8,0,0,0,---,NO PLAY,---,10,2099,963,173,5,FULLCOMBO CLEAR,AAA,0,0,0,0,---,NO PLAY,---,2026-03-03 12:26
Pinky Crush,Space In Time,FUTURE‘N’BASS,Masayoshi Iimori,3,0,0,0,0,---,NO PLAY,---,6,0,0,0,---,NO PLAY,---,9,0,0,0,---,FULLCOMBO CLEAR,---,11,1908,873,162,1,FULLCOMBO CLEAR,AAA,0,0,0,0,---,NO PLAY,---,2026-04-03 13:37
Pinky Crush,Stargazing Trip ～星 探す旅～ ft. 小林マナ,ANIME-STYLE DRUM AND BASS,Xceon,12,0,0,0,0,---,NO PLAY,---,5,0,0,0,---,NO PLAY,---,9,0,0,0,---,NO PLAY,---,11,2611,1267,77,0,FULLCOMBO CLEAR,AAA,0,0,0,0,---,NO PLAY,---,2026-07-25 17:54
Pinky Crush,SUPER HEROINE!!,GENSOU FULLON,Amateras Records vs BEMANI Sound Team "TATSUYA" feat. miko,1,0,0,0,0,---,NO PLAY,---,5,0,0,0,---,NO PLAY,---,9,0,0,0,---,NO PLAY,---,11,2113,954,205,4,EX HARD CLEAR,AAA,0,0,0,0,---,NO PLAY,---,2026-04-28 16:05
Pinky Crush,SμG@R RU$#,H4P9Y H@RI>C0RE,Yuta Imai,57,0,0,0,0,---,NO PLAY,---,7,0,0,0,---,NO PLAY,---,10,0,0,0,---,FULLCOMBO CLEAR,---,12,2849,1137,575,67,HARD CLEAR,A,0,0,0,0,---,NO PLAY,---,2026-06-28 15:33
Pinky Crush,TECHNO RUMBLE,SPED UP SCHRANZ,Qlarabelle,2,0,0,0,0,---,NO PLAY,---,6,0,0,0,---,NO PLAY,---,9,0,0,0,---,NO PLAY,---,11,2667,1226,215,7,EX HARD CLEAR,AAA,0,0,0,0,---,NO PLAY,---,2025-12-26 14:36
Pinky Crush,u gotta beat,TECHCORE,KARUT,3,0,0,0,0,---,NO PLAY,---,6,0,0,0,---,NO PLAY,---,10,0,0,0,---,FULLCOMBO CLEAR,---,12,3185,1427,331,12,EX HARD CLEAR,AA,0,0,0,0,---,NO PLAY,---,2026-07-03 21:06
Pinky Crush,Uaigh Gealai,NEURO FUNK / CEILTEACH DORCHA,かめりあ,7,0,0,0,0,---,NO PLAY,---,6,0,0,0,---,NO PLAY,---,10,0,0,0,---,FULLCOMBO CLEAR,---,12,3373,1491,391,17,EX HARD CLEAR,AA,0,0,0,0,---,NO PLAY,---,2026-06-05 15:33
Pinky Crush,uen,RINASCITA,少年ラジオ,2,0,0,0,0,---,NO PLAY,---,7,0,0,0,---,NO PLAY,---,10,0,0,0,---,FULLCOMBO CLEAR,---,12,2757,1260,237,10,EX HARD CLEAR,AAA,0,0,0,0,---,NO PLAY,---,2026-01-16 15:10
Pinky Crush,Vibing! Shake it!,SOCA/HARD DANCE,らっぷびと Prod. by RoughSketch & NUE,8,0,0,0,0,---,NO PLAY,---,5,0,0,0,---,NO PLAY,---,8,0,0,0,---,NO PLAY,---,10,2276,1031,214,0,FULLCOMBO CLEAR,AAA,0,0,0,0,---,NO PLAY,---,2026-05-07 16:35
Pinky Crush,Without Heaven,VARIABLE ORIENTAL CORE,BEMANI Sound Team "ZAQUVA",1,0,0,0,0,---,NO PLAY,---,7,0,0,0,---,NO PLAY,---,10,0,0,0,---,FULLCOMBO CLEAR,---,12,3240,1420,400,20,EX HARD CLEAR,AA,0,0,0,0,---,NO PLAY,---,2025-12-13 15:22
Pinky Crush,XHRONOXAPSULΞ,CHRONO-SYMPHONIC SPEEDCORE,Silentroom,16,0,0,0,0,---,NO PLAY,---,7,0,0,0,---,NO PLAY,---,10,0,0,0,---,FULLCOMBO CLEAR,---,12,3202,1366,470,57,HARD CLEAR,A,0,0,0,0,---,NO PLAY,---,2026-08-01 15:42
Pinky Crush,えだまめカレークッキング,ZUNTSUMU TEETEE,OSTER project feat. ずんだもん ＆ 春日部つむぎ,1,2,0,0,0,---,NO PLAY,---,5,0,0,0,---,NO PLAY,---,8,0,0,0,---,NO PLAY,---,11,2022,924,174,1,FULLCOMBO CLEAR,AAA,0,0,0,0,---,NO PLAY,---,2026-03-21 14:04
Pinky Crush,きみのせかい,8-BIT MIXTURE,Nhato,1,0,0,0,0,---,NO PLAY,---,5,0,0,0,---,NO PLAY,---,8,0,0,0,---,NO PLAY,---,11,2667,1238,191,2,FULLCOMBO CLEAR,AAA,0,0,0,0,---,NO PLAY,---,2026-05-04 13:32
Pinky Crush,きゅうくらりん,VOCALOID,いよわ,0,2,0,0,0,---,NO PLAY,---,5,0,0,0,---,NO PLAY,---,8,0,0,0,---,NO PLAY,---,10,0,0,0,---,FULLCOMBO CLEAR,---,0,0,0,0,---,NO PLAY,---,2025-09-17 20:38
Pinky Crush,アラビアン ハイパー ナイト,ARABIC TRAP CORE,BEMANI Sound Team "マックス ステロイ度！",1,0,0,0,0,---,NO PLAY,---,6,0,0,0,---,NO PLAY,---,10,0,0,0,---,FULLCOMBO CLEAR,---,12,2875,1271,333,26,EX HARD CLEAR,AA,0,0,0,0,---,NO PLAY,---,2025-12-25 15:18
Pinky Crush,イガク,ボーカロイド・J-POP・ダンス,原口沙輔 feat.重音テト,9,1,0,0,0,---,NO PLAY,---,4,0,0,0,---,NO PLAY,---,7,0,0,0,---,NO PLAY,---,9,1950,934,82,1,FULLCOMBO CLEAR,AAA,11,2833,1331,171,13,EX HARD CLEAR,AAA,2026-07-16 20:10
Pinky Crush,エクスプロウル,VOCALOID,晴いちばん,1,0,0,0,0,---,NO PLAY,---,5,0,0,0,---,NO PLAY,---,8,0,0,0,---,NO PLAY,---,10,2320,1114,92,0,FULLCOMBO CLEAR,AAA,0,0,0,0,---,NO PLAY,---,2026-07-12 11:34
Pinky Crush,オッドラヴィ,LOVELY TECHCORE,lapix feat. PANXI,1,2,0,0,0,---,NO PLAY,---,5,0,0,0,---,NO PLAY,---,8,0,0,0,---,NO PLAY,---,10,2365,1095,175,0,FULLCOMBO CLEAR,AAA,0,0,0,0,---,NO PLAY,---,2026-07-16 19:07
Pinky Crush,オブソミート,ボカロ,サツキ feat.初音ミク、重音テト,0,1,0,0,0,---,NO PLAY,---,4,0,0,0,---,NO PLAY,---,7,0,0,0,---,NO PLAY,---,10,0,0,0,---,FULLCOMBO CLEAR,---,0,0,0,0,---,NO PLAY,---,2025-09-17 20:38
Pinky Crush,キスキツネ,J-POP,HIMEHINA,0,1,0,0,0,---,NO PLAY,---,4,0,0,0,---,NO PLAY,---,7,0,0,0,---,NO PLAY,---,10,0,0,0,---,FULLCOMBO CLEAR,---,0,0,0,0,---,NO PLAY,---,2025-09-17 20:38
Pinky Crush,ギャ・ギャ・ギャ・ギャラクシー！,VOCALOID,つきみぐー、,0,0,0,0,0,---,NO PLAY,---,4,0,0,0,---,NO PLAY,---,8,0,0,0,---,NO PLAY,---,10,0,0,0,---,FULLCOMBO CLEAR,---,0,0,0,0,---,NO PLAY,---,2025-09-17 20:38
Pinky Crush,ゲシュタルト,J-POP,花譜,1,2,0,0,0,---,NO PLAY,---,5,0,0,0,---,NO PLAY,---,7,0,0,0,---,NO PLAY,---,10,0,0,0,---,FULLCOMBO CLEAR,---,11,3101,1440,221,1,FULLCOMBO CLEAR,AAA,2025-12-18 15:11
Pinky Crush,スキッテイエェエエェ!!!!,Hi-ラブコメPOP,cosMo＠暴走P & BEMANI Sound Team "L.E.D.-G",9,0,0,0,0,---,NO PLAY,---,8,0,0,0,---,NO PLAY,---,10,0,0,0,---,FULLCOMBO CLEAR,---,12,3608,1580,448,43,HARD CLEAR,AA,0,0,0,0,---,NO PLAY,---,2026-03-19 14:13
Pinky Crush,スパークリング☆彡ハイパーチューン！！,EUROBEAT,Machico,3,0,0,0,0,---,NO PLAY,---,6,0,0,0,---,NO PLAY,---,9,0,0,0,---,FULLCOMBO CLEAR,---,12,3378,1563,252,1,FULLCOMBO CLEAR,AAA,0,0,0,0,---,NO PLAY,---,2026-04-28 16:17
Pinky Crush,ドリムチウ,HARDCORE TECHNO,TORIENA,0,0,0,0,0,---,NO PLAY,---,4,0,0,0,---,NO PLAY,---,7,0,0,0,---,NO PLAY,---,10,0,0,0,---,FULLCOMBO CLEAR,---,0,0,0,0,---,NO PLAY,---,2025-09-17 20:38
Pinky Crush,ドーナツホール 2024,J-POP,ハチ,1,2,0,0,0,---,NO PLAY,---,5,0,0,0,---,NO PLAY,---,8,0,0,0,---,NO PLAY,---,10,2254,1067,120,1,FULLCOMBO CLEAR,AAA,0,0,0,0,---,NO PLAY,---,2026-07-11 15:37
Pinky Crush,ハオ,J-POP・VOCALOID,DECO*27,1,1,0,0,0,---,NO PLAY,---,4,0,0,0,---,NO PLAY,---,8,0,0,0,---,NO PLAY,---,11,2719,1275,169,2,FULLCOMBO CLEAR,AAA,0,0,0,0,---,NO PLAY,---,2025-12-24 14:34
Pinky Crush,ハルイロメロディー,AOHARU MELODY,月乃 ＆ BEMANI Sound Team "劇団レコード",4,0,0,0,0,---,NO PLAY,---,4,0,0,0,---,NO PLAY,---,7,0,0,0,---,NO PLAY,---,10,2182,1074,34,1,FULLCOMBO CLEAR,AAA,0,0,0,0,---,NO PLAY,---,2026-05-18 14:24
Pinky Crush,ビビデバ,J-POP,星街すいせい,1,1,0,0,0,---,NO PLAY,---,4,0,0,0,---,NO PLAY,---,7,0,0,0,---,NO PLAY,---,10,1941,910,121,1,FULLCOMBO CLEAR,AAA,0,0,0,0,---,NO PLAY,---,2025-12-25 17:51
Pinky Crush,ファイナルレター,MELODIOUS WATER PIANO,かねこちはる,0,0,0,0,0,---,NO PLAY,---,5,0,0,0,---,NO PLAY,---,9,0,0,0,---,NO PLAY,---,11,0,0,0,---,NO PLAY,---,0,0,0,0,---,NO PLAY,---,2025-09-17 20:38
Pinky Crush,メズマライザー,HAPPY HARDCORE,サツキ feat.初音ミク・重音テトSV,3,3,0,0,0,---,NO PLAY,---,6,0,0,0,---,NO PLAY,---,9,0,0,0,---,NO PLAY,---,11,2588,1232,124,2,FULLCOMBO CLEAR,AAA,0,0,0,0,---,NO PLAY,---,2026-03-19 14:12
Pinky Crush,ロマンシングエスケープ,SYNTHWAVE POP,ここなつ2.0,3,0,0,0,0,---,NO PLAY,---,3,0,0,0,---,NO PLAY,---,7,0,0,0,---,NO PLAY,---,9,1729,812,105,0,FULLCOMBO CLEAR,AAA,0,0,0,0,---,NO PLAY,---,2026-08-07 20:00
Pinky Crush,天使のカンタータ -Cantata of Angels-,ANTHEM,BEMANI Sound Team "Cuvelia",9,0,0,0,0,---,NO PLAY,---,6,0,0,0,---,NO PLAY,---,10,0,0,0,---,FULLCOMBO CLEAR,---,12,3443,1471,501,39,HARD CLEAR,AA,0,0,0,0,---,NO PLAY,---,2026-05-04 14:49
Pinky Crush,弾幕信仰,HARD ORIENTAL,豚乙女×BEMANI Sound Team "PON",0,0,0,0,0,---,NO PLAY,---,5,0,0,0,---,NO PLAY,---,8,0,0,0,---,NO PLAY,---,10,0,0,0,---,FULLCOMBO CLEAR,---,0,0,0,0,---,NO PLAY,---,2025-09-17 20:38
Pinky Crush,我ら完全無敵のアイドル!!,J-POP,B小町,1,1,0,0,0,---,NO PLAY,---,5,0,0,0,---,NO PLAY,---,8,0,0,0,---,NO PLAY,---,10,2418,1148,122,2,FULLCOMBO CLEAR,AAA,0,0,0,0,---,NO PLAY,---,2026-08-09 14:53
Pinky Crush,断罪の一花,J-POP,Len feat.mochari,3,0,0,0,0,---,NO PLAY,---,4,0,0,0,---,NO PLAY,---,8,0,0,0,---,NO PLAY,---,11,2431,1146,139,1,FULLCOMBO CLEAR,AAA,0,0,0,0,---,NO PLAY,---,2026-07-11 12:33
Pinky Crush,最強頂戴girl,TWINKLE POP,BEMANI Sound Team "TATSUYA" feat. ななひら,0,0,0,0,0,---,NO PLAY,---,4,0,0,0,---,NO PLAY,---,8,0,0,0,---,NO PLAY,---,10,0,0,0,---,FULLCOMBO CLEAR,---,0,0,0,0,---,NO PLAY,---,2025-09-17 20:38
Pinky Crush,朱と碧のランページ,ANIMA SONG,NU-KO,2,0,0,0,0,---,NO PLAY,---,5,0,0,0,---,NO PLAY,---,8,0,0,0,---,NO PLAY,---,10,2393,1130,133,0,FULLCOMBO CLEAR,AAA,0,0,0,0,---,NO PLAY,---,2026-04-06 14:06
Pinky Crush,消極的セツナイズム,ROCK,Pizuya's Cell,0,0,0,0,0,---,NO PLAY,---,5,0,0,0,---,NO PLAY,---,8,0,0,0,---,NO PLAY,---,10,0,0,0,---,FULLCOMBO CLEAR,---,0,0,0,0,---,NO PLAY,---,2025-09-17 20:38
Pinky Crush,灼熱 Lost Summer Dayz,DRUM'N'BASS,DJ Mass MAD Izm* feat.すみはね,4,0,0,0,0,---,NO PLAY,---,6,0,0,0,---,NO PLAY,---,10,0,0,0,---,FULLCOMBO CLEAR,---,12,2522,1108,306,18,EX HARD CLEAR,AA,0,0,0,0,---,NO PLAY,---,2026-04-23 15:15
Pinky Crush,無双,SENGOKU LEGENDS,SOUND HOLIC Vs. VENUS feat. Nana Takahashi,4,0,0,0,0,---,NO PLAY,---,5,0,0,0,---,NO PLAY,---,8,0,0,0,---,NO PLAY,---,11,3178,1514,150,2,FULLCOMBO CLEAR,AAA,0,0,0,0,---,NO PLAY,---,2026-07-24 20:39
Pinky Crush,爆ぜりゃんせ,繚乱呂句,敦姫,1,0,0,0,0,---,NO PLAY,---,5,0,0,0,---,NO PLAY,---,9,0,0,0,---,NO PLAY,---,11,2722,1238,246,2,EX HARD CLEAR,AAA,0,0,0,0,---,NO PLAY,---,2026-02-16 14:50
Pinky Crush,覚悟せよ！エンタンメ～ン ～より身の切り売り自暴自棄版～,ビックリポップ,マキシウキョウ,3,0,0,0,0,---,NO PLAY,---,5,0,0,0,---,NO PLAY,---,9,0,0,0,---,NO PLAY,---,11,2696,1241,214,1,FULLCOMBO CLEAR,AAA,0,0,0,0,---,NO PLAY,---,2026-04-23 12:55
Pinky Crush,進捗ダメダメです,J-POP,GYARI feat.宮舞モカ、弦巻マキ,1,1,0,0,0,---,NO PLAY,---,4,0,0,0,---,NO PLAY,---,8,0,0,0,---,NO PLAY,---,10,2111,996,119,2,FULLCOMBO CLEAR,AAA,0,0,0,0,---,NO PLAY,---,2025-12-25 18:04
Pinky Crush,飴玉,J-POP,CYNHN,0,0,0,0,0,---,NO PLAY,---,4,0,0,0,---,NO PLAY,---,7,0,0,0,---,NO PLAY,---,9,0,0,0,---,FULLCOMBO CLEAR,---,0,0,0,0,---,NO PLAY,---,2025-09-17 20:38
Pinky Crush,ＰＡＳＴＥＬＩＳＭ,KAWAII FUTURE BASS,Snail's House,0,0,0,0,0,---,NO PLAY,---,5,0,0,0,---,NO PLAY,---,8,0,0,0,---,NO PLAY,---,10,0,0,0,---,FULLCOMBO CLEAR,---,0,0,0,0,---,NO PLAY,---,2025-09-17 20:38
Sparkle Shower,2 Be Continued,DRAMATIC CHIPTUNE,打打だいず,10,0,0,0,0,---,NO PLAY,---,5,0,0,0,---,NO PLAY,---,9,1859,862,135,0,FULLCOMBO CLEAR,AAA,12,3323,1506,311,6,EX HARD CLEAR,AA,0,0,0,0,---,NO PLAY,---,2026-03-15 17:10
Sparkle Shower,[E],NU SKOOL BREAKS,dj MAX STEROID,4,0,0,0,0,---,NO PLAY,---,6,0,0,0,---,NO PLAY,---,9,0,0,0,---,NO PLAY,---,11,3273,1545,183,1,FULLCOMBO CLEAR,AAA,0,0,0,0,---,NO PLAY,---,2026-06-28 14:16
Sparkle Shower,A Certified Rave Moment,MULTIGENRE,BEMANI Sound Team "めめめ",1,0,0,0,0,---,NO PLAY,---,5,0,0,0,---,NO PLAY,---,9,0,0,0,---,NO PLAY,---,11,2510,1126,258,8,EX HARD CLEAR,AAA,0,0,0,0,---,NO PLAY,---,2025-09-20 14:10
Sparkle Shower,ACID VISION,DRUM & BASS,L.E.D.,3,0,0,0,0,---,NO PLAY,---,6,0,0,0,---,NO PLAY,---,9,0,0,0,---,NO PLAY,---,10,1728,807,114,0,FULLCOMBO CLEAR,AAA,0,0,0,0,---,NO PLAY,---,2026-04-23 16:33
Sparkle Shower,AGETEKE ONDO,JAPANESE OMATSURI ROCK,暁Records,5,0,0,0,0,---,NO PLAY,---,5,0,0,0,---,NO PLAY,---,7,0,0,0,---,NO PLAY,---,10,2513,1217,79,0,FULLCOMBO CLEAR,AAA,0,0,0,0,---,NO PLAY,---,2026-06-28 13:30
Sparkle Shower,Amor∞Fati,PIANO DANCE APPASSIONATO,BlackY,34,0,0,0,0,---,NO PLAY,---,6,0,0,0,---,NO PLAY,---,10,2384,1088,208,0,FULLCOMBO CLEAR,AAA,12,3481,1482,517,25,EX HARD CLEAR,AA,0,0,0,0,---,NO PLAY,---,2026-05-04 16:25
Sparkle Shower,Any％,DTM SPEEDRUN,めめめ,7,0,0,0,0,---,NO PLAY,---,6,0,0,0,---,NO PLAY,---,10,2037,931,175,0,FULLCOMBO CLEAR,AAA,12,3287,1496,295,8,EX HARD CLEAR,AAA,0,0,0,0,---,NO PLAY,---,2026-06-27 14:00
Sparkle Shower,Astra Blaze,DRUMSTEP,MK,3,0,0,0,0,---,NO PLAY,---,6,0,0,0,---,NO PLAY,---,10,2167,1015,137,1,FULLCOMBO CLEAR,AAA,12,3080,1387,306,20,EX HARD CLEAR,AAA,0,0,0,0,---,NO PLAY,---,2025-12-30 15:22
Sparkle Shower,Bang Bang Dance,HARD DANCE,Nhato,6,0,0,0,0,---,NO PLAY,---,5,0,0,0,---,NO PLAY,---,9,0,0,0,---,NO PLAY,---,11,2587,1184,219,0,FULLCOMBO CLEAR,AAA,0,0,0,0,---,NO PLAY,---,2026-02-16 15:25
Sparkle Shower,BattleRoyal,DUBSTEP,Blacklolita,3,0,0,0,0,---,NO PLAY,---,6,0,0,0,---,NO PLAY,---,9,0,0,0,---,NO PLAY,---,11,2407,1096,215,7,EX HARD CLEAR,AAA,0,0,0,0,---,NO PLAY,---,2026-03-21 13:11
Sparkle Shower,Begin,PSY-TRANCE,Whac-A-Me,17,0,0,0,0,---,NO PLAY,---,6,0,0,0,---,NO PLAY,---,10,1886,867,152,1,FULLCOMBO CLEAR,AAA,12,2925,1325,275,5,EX HARD CLEAR,AAA,0,0,0,0,---,NO PLAY,---,2026-07-05 16:32
Sparkle Shower,BitRacer,FM JAZZY TECH,red glasses vs Ujico*,20,0,0,0,0,---,NO PLAY,---,6,0,0,0,---,NO PLAY,---,10,1935,873,189,0,FULLCOMBO CLEAR,AAA,12,3003,1286,431,22,EX HARD CLEAR,AA,0,0,0,0,---,NO PLAY,---,2026-07-17 14:33
Sparkle Shower,Bloom,POP,Plantica,2,0,0,0,0,---,NO PLAY,---,5,0,0,0,---,NO PLAY,---,8,0,0,0,---,NO PLAY,---,10,1713,793,127,0,FULLCOMBO CLEAR,AAA,0,0,0,0,---,NO PLAY,---,2026-05-14 12:47
Sparkle Shower,blue anthem,TRIUMPHAL ANTHEM,OSTER project feat. 花たん,3,0,0,0,0,---,NO PLAY,---,6,0,0,0,---,NO PLAY,---,9,0,0,0,---,NO PLAY,---,11,2681,1216,249,8,EX HARD CLEAR,AAA,0,0,0,0,---,NO PLAY,---,2026-05-28 13:23
Sparkle Shower,Caramel Pain,J-POP,星街すいせい,5,1,0,0,0,---,NO PLAY,---,3,0,0,0,---,NO PLAY,---,6,0,0,0,---,NO PLAY,---,8,1608,776,56,0,FULLCOMBO CLEAR,AAA,0,0,0,0,---,NO PLAY,---,2025-12-25 15:46
Sparkle Shower,Catch ya Getcha!,PSY-KECAK STYLE,Tanchiky,4,0,0,0,0,---,NO PLAY,---,5,0,0,0,---,NO PLAY,---,9,0,0,0,---,NO PLAY,---,11,2641,1200,241,9,EX HARD CLEAR,AAA,0,0,0,0,---,NO PLAY,---,2026-03-05 13:11
Sparkle Shower,chaplet -IIDX re:build-,FUTURISTIC 12 BEAT,BEMANI Sound Team "DJ TOTTO",23,0,0,0,0,---,NO PLAY,---,6,999,486,27,0,FULLCOMBO CLEAR,AAA,10,1839,848,143,0,FULLCOMBO CLEAR,AAA,12,2629,1177,275,6,EX HARD CLEAR,AA,0,0,0,0,---,NO PLAY,---,2026-07-03 21:52
Sparkle Shower,COLOR BURST,COLOR DANCE POP,Rainy。,4,1,0,0,0,---,NO PLAY,---,4,0,0,0,---,NO PLAY,---,7,0,0,0,---,NO PLAY,---,10,2080,990,100,0,FULLCOMBO CLEAR,AAA,0,0,0,0,---,NO PLAY,---,2026-01-19 14:19
Sparkle Shower,Countdown to Heaven or Hell,TECH TRANCE,BEMANI Sound Team "dj TAKA",4,0,0,0,0,---,NO PLAY,---,6,0,0,0,---,NO PLAY,---,9,0,0,0,---,NO PLAY,---,11,2833,1296,241,4,EX HARD CLEAR,AAA,0,0,0,0,---,NO PLAY,---,2026-07-11 15:59
Sparkle Shower,D.K.N. ON,HARDCORE,RoughSketch,4,0,0,0,0,---,NO PLAY,---,5,0,0,0,---,NO PLAY,---,9,0,0,0,---,NO PLAY,---,11,2449,1102,245,2,FULLCOMBO CLEAR,AAA,0,0,0,0,---,NO PLAY,---,2026-07-04 16:40
Sparkle Shower,Digitized Ocean,SPED UP TECHNO,KARUT,17,0,0,0,0,---,NO PLAY,---,6,0,0,0,---,NO PLAY,---,10,1908,892,124,0,FULLCOMBO CLEAR,AAA,12,3062,1349,364,13,EX HARD CLEAR,AA,0,0,0,0,---,NO PLAY,---,2026-08-08 12:16
Sparkle Shower,Disco Killer Music Lover,HARDCORE RAVE,Zekk,3,0,0,0,0,---,NO PLAY,---,6,0,0,0,---,NO PLAY,---,9,1756,832,92,0,FULLCOMBO CLEAR,AAA,12,2816,1294,228,8,EX HARD CLEAR,AAA,0,0,0,0,---,NO PLAY,---,2026-01-28 15:23
Sparkle Shower,Dolphin Kick,AQUA FRONTIER,lapix,7,0,0,0,0,---,NO PLAY,---,7,0,0,0,---,NO PLAY,---,10,2130,1009,112,0,FULLCOMBO CLEAR,AAA,12,3161,1370,421,7,EX HARD CLEAR,AA,0,0,0,0,---,NO PLAY,---,2026-08-08 13:54
Sparkle Shower,Dusk Endir,CELTIC CORE,Nhato,4,0,0,0,0,---,NO PLAY,---,5,0,0,0,---,NO PLAY,---,10,2185,1018,149,1,FULLCOMBO CLEAR,AAA,12,3019,1364,291,10,EX HARD CLEAR,AA,0,0,0,0,---,NO PLAY,---,2026-05-28 13:41
Sparkle Shower,ESPRIT ONE,CYBER ROCK,SOUND HOLIC feat. STEVIE(44MAGNUM),1,0,0,0,0,---,NO PLAY,---,6,0,0,0,---,NO PLAY,---,8,0,0,0,---,NO PLAY,---,11,2752,1288,176,0,FULLCOMBO CLEAR,AAA,0,0,0,0,---,NO PLAY,---,2026-05-28 12:58
Sparkle Shower,Ex-Otogibanashi,アニメ,ryo (supercell) / かぐや(cv.夏吉ゆうこ) & 月見ヤチヨ(cv.早見沙織) from 超かぐや姫！,4,1,0,0,0,---,NO PLAY,---,3,0,0,0,---,NO PLAY,---,6,0,0,0,---,NO PLAY,---,10,1516,717,82,0,FULLCOMBO CLEAR,AAA,0,0,0,0,---,NO PLAY,---,2026-08-02 13:19
Sparkle Shower,Fashion Fruit,STAR☆FRUIT,Tatsunoshin x Aira Arere,2,0,0,0,0,---,NO PLAY,---,5,0,0,0,---,NO PLAY,---,9,0,0,0,---,NO PLAY,---,11,2789,1277,235,5,EX HARD CLEAR,AAA,0,0,0,0,---,NO PLAY,---,2026-07-12 13:33
Sparkle Shower,fixer,DOUBLE DRIVE,PHQUASE vs. dj TAKA,41,0,0,0,0,---,NO PLAY,---,6,0,0,0,---,NO PLAY,---,10,1706,777,152,0,FULLCOMBO CLEAR,AAA,12,3029,1311,407,32,HARD CLEAR,AA,0,0,0,0,---,NO PLAY,---,2026-07-05 17:02
Sparkle Shower,FIZZY FIZZY POP,HAPPY HARDCORE,TORIENA,1,0,0,0,0,---,NO PLAY,---,4,0,0,0,---,NO PLAY,---,8,0,0,0,---,NO PLAY,---,10,2153,1019,115,0,FULLCOMBO CLEAR,AAA,0,0,0,0,---,NO PLAY,---,2026-07-03 21:47
Sparkle Shower,FiZZλ_POT!0N,超炭酸すぱしゃわコア,めめめ,32,0,0,0,0,---,NO PLAY,---,7,0,0,0,---,NO PLAY,---,10,2053,990,73,0,FULLCOMBO CLEAR,AAA,12,3031,1351,329,34,HARD CLEAR,AA,0,0,0,0,---,NO PLAY,---,2026-07-05 17:14
Sparkle Shower,From Human Blood,ORBITALIC METAL STEP,BEMANI Sound Team "U1-ASAMi",5,0,0,0,0,---,NO PLAY,---,6,0,0,0,---,NO PLAY,---,10,1984,927,130,0,FULLCOMBO CLEAR,AAA,12,3220,1430,360,10,EX HARD CLEAR,AA,0,0,0,0,---,NO PLAY,---,2026-01-22 14:39
Sparkle Shower,Funky Quirky,UPTEMPO ELECTRO FUNK,Dirty Androids,1,0,0,0,0,---,NO PLAY,---,5,0,0,0,---,NO PLAY,---,9,0,0,0,---,NO PLAY,---,11,2441,1133,175,1,FULLCOMBO CLEAR,AAA,0,0,0,0,---,NO PLAY,---,2026-05-18 14:10
Sparkle Shower,Get Into The Groove feat.WaMi,Nu-NRG / FUTUREDISCO,DE DE MOUSE,1,0,0,0,0,---,NO PLAY,---,5,0,0,0,---,NO PLAY,---,7,0,0,0,---,NO PLAY,---,10,2143,997,149,0,FULLCOMBO CLEAR,AAA,0,0,0,0,---,NO PLAY,---,2026-05-28 12:52
Sparkle Shower,Gimme a Big Beat(青龍 Remix),HYPER DANCE SPEED,kors k Remixed by 青龍,3,0,0,0,0,---,NO PLAY,---,6,0,0,0,---,NO PLAY,---,10,2229,1028,173,0,FULLCOMBO CLEAR,AAA,12,2771,1207,357,19,EX HARD CLEAR,AA,0,0,0,0,---,NO PLAY,---,2026-06-05 13:23
Sparkle Shower,GO!,GLHF,Juggernaut.,4,0,0,0,0,---,NO PLAY,---,6,0,0,0,---,NO PLAY,---,9,0,0,0,---,NO PLAY,---,11,2760,1197,366,4,EX HARD CLEAR,AA,0,0,0,0,---,NO PLAY,---,2026-07-11 16:10
Sparkle Shower,GOLD RUSH 2025,RECKLESS RAVE,Remixed by BEMANI Sound Team "めめめ" feat. beatnation Records,1,0,0,0,0,---,NO PLAY,---,5,0,0,0,---,NO PLAY,---,9,0,0,0,---,NO PLAY,---,11,2538,1145,248,0,FULLCOMBO CLEAR,AAA,0,0,0,0,---,NO PLAY,---,2025-10-18 16:35
Sparkle Shower,Hallucination,PSYCHEDELIC TRANCE,KO3 & Relect,4,0,0,0,0,---,NO PLAY,---,5,0,0,0,---,NO PLAY,---,9,0,0,0,---,NO PLAY,---,11,2534,1159,216,1,FULLCOMBO CLEAR,AAA,0,0,0,0,---,NO PLAY,---,2026-02-02 15:22
Sparkle Shower,HEROES,HARD MIXTURE,ビートまりお Prod. by Yuta Imai & L.E.D.-G,21,0,0,0,0,---,NO PLAY,---,6,0,0,0,---,NO PLAY,---,10,2101,945,211,1,FULLCOMBO CLEAR,AAA,12,2969,1275,419,37,HARD CLEAR,AA,0,0,0,0,---,NO PLAY,---,2026-08-16 16:42
Sparkle Shower,HORIZON BEATZ,FUTURE VIBES,SOUND HOLIC feat. Nana Takahashi,1,0,0,0,0,---,NO PLAY,---,4,0,0,0,---,NO PLAY,---,8,0,0,0,---,NO PLAY,---,10,2371,1092,187,0,FULLCOMBO CLEAR,AAA,0,0,0,0,---,NO PLAY,---,2026-03-17 15:20
Sparkle Shower,HyperTwist,YALDICORE,TANUKI,27,0,0,0,0,---,NO PLAY,---,7,0,0,0,---,NO PLAY,---,10,2076,957,162,0,FULLCOMBO CLEAR,AAA,12,2981,1355,271,6,EX HARD CLEAR,AA,0,0,0,0,---,NO PLAY,---,2026-07-26 14:57
Sparkle Shower,Ignited Night,HEAT UP,HHH,1,0,0,0,0,---,NO PLAY,---,6,0,0,0,---,NO PLAY,---,9,0,0,0,---,NO PLAY,---,11,2194,999,196,2,FULLCOMBO CLEAR,AAA,0,0,0,0,---,NO PLAY,---,2026-07-05 16:17
Sparkle Shower,Iridescent Memories,SPARKLE SHOWER,Sparkle Sound Systems,11,0,0,0,0,---,NO PLAY,---,7,0,0,0,---,NO PLAY,---,10,2101,999,103,0,FULLCOMBO CLEAR,AAA,12,3349,1457,435,30,HARD CLEAR,AA,0,0,0,0,---,NO PLAY,---,2026-08-17 16:33
Sparkle Shower,JUST SYNC ft.Kanae Asaba,80s SYNTH POWER POP,Xceon,3,0,0,0,0,---,NO PLAY,---,4,0,0,0,---,NO PLAY,---,7,0,0,0,---,NO PLAY,---,9,1944,934,76,0,FULLCOMBO CLEAR,AAA,0,0,0,0,---,NO PLAY,---,2026-02-26 14:07
Sparkle Shower,Kick The Rainbow,HYPER CANDY RAVE,The 4th feat.TORIENA,5,0,0,0,0,---,NO PLAY,---,5,0,0,0,---,NO PLAY,---,9,0,0,0,---,NO PLAY,---,11,2792,1308,176,1,FULLCOMBO CLEAR,AAA,0,0,0,0,---,NO PLAY,---,2026-07-24 20:42
Sparkle Shower,King of Tribe,ブレイクコア,Numb'n'dub,8,0,0,0,0,---,NO PLAY,---,6,0,0,0,---,NO PLAY,---,10,1994,954,86,1,FULLCOMBO CLEAR,AAA,12,2930,1371,188,10,EX HARD CLEAR,AAA,0,0,0,0,---,NO PLAY,---,2026-07-12 13:22
Sparkle Shower,kors k's Let's make an Image Song!,CHANNEL K,kors k,5,0,0,0,0,---,NO PLAY,---,5,0,0,0,---,NO PLAY,---,8,0,0,0,---,NO PLAY,---,11,2568,1190,188,3,EX HARD CLEAR,AAA,0,0,0,0,---,NO PLAY,---,2026-08-02 13:24
Sparkle Shower,Last Card,BEBOP CORE,kors k,3,0,0,0,0,---,NO PLAY,---,6,0,0,0,---,NO PLAY,---,9,0,0,0,---,NO PLAY,---,11,2824,1298,228,5,EX HARD CLEAR,AAA,0,0,0,0,---,NO PLAY,---,2026-07-08 20:02
Sparkle Shower,LEMON MELON COOKIE,ボカロ,TAK feat.初音ミク,7,2,0,0,0,---,NO PLAY,---,4,0,0,0,---,NO PLAY,---,7,0,0,0,---,NO PLAY,---,9,2207,1082,43,0,FULLCOMBO CLEAR,AAA,0,0,0,0,---,NO PLAY,---,2026-03-21 14:09
Sparkle Shower,Limelight,CYBER LIQUIDFUNK,Maozon,8,0,0,0,0,---,NO PLAY,---,6,0,0,0,---,NO PLAY,---,10,1855,861,133,0,FULLCOMBO CLEAR,AAA,12,2808,1306,196,11,EX HARD CLEAR,AAA,0,0,0,0,---,NO PLAY,---,2026-08-07 21:24
Sparkle Shower,Lisa-RICCIA,HARD RENAISSANCE,DJ YOSHITAKA,20,2,0,0,0,---,NO PLAY,---,6,0,0,0,---,NO PLAY,---,10,2058,945,168,4,FULLCOMBO CLEAR,AAA,12,3190,1515,160,2,FULLCOMBO CLEAR,AAA,12,4066,1840,386,62,HARD CLEAR,AA,2026-08-01 15:51
Sparkle Shower,Makin' It,JUNGLE， DRUM N BASS,DJ RENA ,58,0,0,0,0,---,NO PLAY,---,6,0,0,0,---,NO PLAY,---,10,1384,573,238,4,EX HARD CLEAR,AA,12,2362,974,414,30,HARD CLEAR,AA,0,0,0,0,---,NO PLAY,---,2026-08-09 17:48
Sparkle Shower,Memoria Obscura,UNNAMED PROGRESSIVE,satella,8,0,0,0,0,---,NO PLAY,---,6,0,0,0,---,NO PLAY,---,10,2043,942,159,0,FULLCOMBO CLEAR,AAA,12,3608,1600,408,15,EX HARD CLEAR,AA,0,0,0,0,---,NO PLAY,---,2026-07-08 20:49
Sparkle Shower,Meteor☆Shower,STAR☆CORE,Tatsunoshin,3,0,0,0,0,---,NO PLAY,---,5,0,0,0,---,NO PLAY,---,9,0,0,0,---,NO PLAY,---,11,2772,1293,186,6,EX HARD CLEAR,AAA,0,0,0,0,---,NO PLAY,---,2026-03-17 15:23
Sparkle Shower,Mighty Beat Monsterz,HYBRID METALCORE,nora2r feat. Liqo & DD"ナカタ"Metal,8,0,0,0,0,---,NO PLAY,---,6,0,0,0,---,NO PLAY,---,10,1809,823,163,0,FULLCOMBO CLEAR,AAA,12,2918,1336,246,7,EX HARD CLEAR,AAA,0,0,0,0,---,NO PLAY,---,2026-06-11 15:46
Sparkle Shower,MOCHIMOCHI DREAMIN!!,オモチコア,nora2r × まろん feat. 和鳴るせ,2,0,0,0,0,---,NO PLAY,---,5,0,0,0,---,NO PLAY,---,8,0,0,0,---,NO PLAY,---,11,2839,1320,199,6,EX HARD CLEAR,AAA,0,0,0,0,---,NO PLAY,---,2026-01-16 14:06
Sparkle Shower,Nemophila,EMOTIONAL FUTURE RIDDIM,TAN1CHU,6,0,0,0,0,---,NO PLAY,---,5,1021,495,31,1,NO PLAY,AAA,9,0,0,0,---,NO PLAY,---,11,2555,1183,189,4,FULLCOMBO CLEAR,AAA,0,0,0,0,---,NO PLAY,---,2026-07-03 20:35
Sparkle Shower,Nyan Nyan University ,MAJOR IN MEWOLOGY,Aice room,3,0,0,0,0,---,NO PLAY,---,5,0,0,0,---,NO PLAY,---,8,0,0,0,---,NO PLAY,---,10,2383,1097,189,0,FULLCOMBO CLEAR,AAA,0,0,0,0,---,NO PLAY,---,2026-02-19 13:39
Sparkle Shower,OMEGA,SYMPHONIC HARD TECHNO,Qlarabelle,11,0,0,0,0,---,NO PLAY,---,5,0,0,0,---,NO PLAY,---,10,2032,931,170,1,FULLCOMBO CLEAR,AAA,12,2912,1272,368,22,EX HARD CLEAR,AA,0,0,0,0,---,NO PLAY,---,2026-08-08 13:52
Sparkle Shower,PALETTE,BLUE CORE,lapix feat. 奈良ひより,2,2,0,0,0,---,NO PLAY,---,5,0,0,0,---,NO PLAY,---,8,0,0,0,---,NO PLAY,---,10,1997,968,61,0,FULLCOMBO CLEAR,AAA,0,0,0,0,---,NO PLAY,---,2026-01-28 14:21
Sparkle Shower,PERFECT GREAT!!,SUPER ULTRA MIRACLE HAPPY HARDCORE,Zekk,33,0,0,0,0,---,NO PLAY,---,6,0,0,0,---,NO PLAY,---,10,2314,1084,146,1,FULLCOMBO CLEAR,AAA,12,3313,1452,409,13,EX HARD CLEAR,AA,0,0,0,0,---,NO PLAY,---,2026-08-02 13:27
Sparkle Shower,pique,MELODIOUS TECH,星野音楽工房,5,0,0,0,0,---,NO PLAY,---,5,0,0,0,---,NO PLAY,---,9,0,0,0,---,NO PLAY,---,11,2782,1266,250,1,FULLCOMBO CLEAR,AAA,0,0,0,0,---,NO PLAY,---,2026-07-12 13:28
Sparkle Shower,RALLY '25,RALLY HARD TECHNO,Masayoshi Iimori,8,0,0,0,0,---,NO PLAY,---,6,0,0,0,---,NO PLAY,---,10,2030,942,146,1,FULLCOMBO CLEAR,AAA,12,2965,1343,279,8,EX HARD CLEAR,AA,0,0,0,0,---,NO PLAY,---,2026-06-18 21:41
Sparkle Shower,REcorrection,フルフィーポップ,猫叉Master feat.常盤ゆう,2,0,0,0,0,---,NO PLAY,---,3,0,0,0,---,NO PLAY,---,6,0,0,0,---,NO PLAY,---,9,1514,699,116,1,FULLCOMBO CLEAR,AAA,0,0,0,0,---,NO PLAY,---,2026-07-08 19:54
Sparkle Shower,Regina vespaE,CYBER RENAISSANCE,KARUT,9,0,0,0,0,---,NO PLAY,---,6,0,0,0,---,NO PLAY,---,10,2149,1008,133,0,FULLCOMBO CLEAR,AAA,12,3260,1496,268,7,EX HARD CLEAR,AA,0,0,0,0,---,NO PLAY,---,2026-02-28 14:01
Sparkle Shower,RIZING-GAMERS.,GOLDEN FORCE,BlackY,2,0,0,0,0,---,NO PLAY,---,5,0,0,0,---,NO PLAY,---,10,2177,1014,149,1,FULLCOMBO CLEAR,AAA,12,3014,1339,336,16,EX HARD CLEAR,AA,0,0,0,0,---,NO PLAY,---,2026-01-12 17:28
Sparkle Shower,RUINA,HARD PSY/SPEEDCORE,Dustup VS MAX MAXIMIZER,13,0,0,0,0,---,NO PLAY,---,6,0,0,0,---,NO PLAY,---,10,1693,768,157,1,FULLCOMBO CLEAR,AAA,12,2457,1062,333,36,HARD CLEAR,AA,0,0,0,0,---,NO PLAY,---,2026-07-11 16:04
Sparkle Shower,Second Heaven(Mamonis Remix),HYPER BUCHIAGE TRANCE,Ryu☆ Remixed by Mamonis,6,0,0,0,0,---,NO PLAY,---,5,0,0,0,---,NO PLAY,---,8,0,0,0,---,NO PLAY,---,11,2345,1077,191,4,EX HARD CLEAR,AAA,0,0,0,0,---,NO PLAY,---,2026-08-07 20:25
Sparkle Shower,SHINING☆DANCE,J ~RAVE,ハレトキドキ,1,0,0,0,0,---,NO PLAY,---,4,0,0,0,---,NO PLAY,---,7,0,0,0,---,NO PLAY,---,10,2379,1140,99,0,FULLCOMBO CLEAR,AAA,0,0,0,0,---,NO PLAY,---,2025-10-04 12:39
Sparkle Shower,Shooting Star,DANCE POP,ReGLOSS,7,1,0,0,0,---,NO PLAY,---,4,0,0,0,---,NO PLAY,---,7,0,0,0,---,NO PLAY,---,10,2372,1148,76,0,FULLCOMBO CLEAR,AAA,0,0,0,0,---,NO PLAY,---,2026-07-24 20:56
Sparkle Shower,Show Time,HYBRID JERSY CLUB,MK&Kanae Asaba,9,0,0,0,0,---,NO PLAY,---,5,0,0,0,---,NO PLAY,---,7,0,0,0,---,NO PLAY,---,10,1938,909,120,0,FULLCOMBO CLEAR,AAA,0,0,0,0,---,NO PLAY,---,2026-07-12 14:15
Sparkle Shower,Signs and Wonders,PROJECT ZIRCON,ネオン(CV:藤川茜)、芽兎めう(CV:五十嵐裕美),1,0,0,0,0,---,NO PLAY,---,4,0,0,0,---,NO PLAY,---,7,0,0,0,---,NO PLAY,---,9,1533,732,69,0,FULLCOMBO CLEAR,AAA,0,0,0,0,---,NO PLAY,---,2026-02-26 12:31
Sparkle Shower,SILKY BRAVE,HARDCORE RAVE,DJ Shimamura,2,0,0,0,0,---,NO PLAY,---,5,0,0,0,---,NO PLAY,---,9,0,0,0,---,NO PLAY,---,10,2314,1117,80,0,FULLCOMBO CLEAR,AAA,0,0,0,0,---,NO PLAY,---,2026-02-26 12:48
Sparkle Shower,Skywalking,TRANCECORE,Nhato,3,0,0,0,0,---,NO PLAY,---,5,0,0,0,---,NO PLAY,---,8,0,0,0,---,NO PLAY,---,10,2265,1094,77,0,FULLCOMBO CLEAR,AAA,0,0,0,0,---,NO PLAY,---,2026-04-17 13:07
Sparkle Shower,Smintheus,HAM PARADOX,TAN1CHU,11,0,0,0,0,---,NO PLAY,---,7,0,0,0,---,NO PLAY,---,10,2216,996,224,1,FULLCOMBO CLEAR,AAA,12,3171,1382,407,17,EX HARD CLEAR,AA,0,0,0,0,---,NO PLAY,---,2026-08-15 12:08
Sparkle Shower,SnapSkipSpark,HAPPY BREAKCORE,Feryquitous,4,0,0,0,0,---,NO PLAY,---,5,0,0,0,---,NO PLAY,---,9,0,0,0,---,NO PLAY,---,11,2732,1278,176,2,FULLCOMBO CLEAR,AAA,0,0,0,0,---,NO PLAY,---,2026-06-28 14:02
Sparkle Shower,Space Battleship S4TO,BIGCORE,BEMANI Sound Team "Captain Sonic",5,0,0,0,0,---,NO PLAY,---,7,0,0,0,---,NO PLAY,---,10,2113,986,141,0,FULLCOMBO CLEAR,AAA,12,3560,1687,186,12,EX HARD CLEAR,AAA,0,0,0,0,---,NO PLAY,---,2026-08-01 14:29
Sparkle Shower,SPLASH!!!!!!!!!,DRUM'N'BASS / HAPPY HARDCORE,Yuta Imai,2,0,0,0,0,---,NO PLAY,---,5,0,0,0,---,NO PLAY,---,8,0,0,0,---,NO PLAY,---,10,2149,1008,133,0,FULLCOMBO CLEAR,AAA,0,0,0,0,---,NO PLAY,---,2026-03-23 11:40
Sparkle Shower,Substance,PSYTECH FULL ON,BEMANI Sound Team "めめめ",5,0,0,0,0,---,NO PLAY,---,5,0,0,0,---,NO PLAY,---,8,0,0,0,---,NO PLAY,---,11,2875,1319,237,2,FULLCOMBO CLEAR,AAA,0,0,0,0,---,NO PLAY,---,2026-03-03 13:10
Sparkle Shower,super double play sessions,TECH SPEED,D.J.Amuro,20,0,0,0,0,---,NO PLAY,---,7,0,0,0,---,NO PLAY,---,10,2281,1063,155,0,FULLCOMBO CLEAR,AAA,12,3483,1484,515,62,HARD CLEAR,AA,0,0,0,0,---,NO PLAY,---,2026-08-08 14:27
Sparkle Shower,THUNDERSTRIKE,LIGHTNING Hi-TECH,BlackY feat. Risa Yuzuki,4,0,0,0,0,---,NO PLAY,---,6,0,0,0,---,NO PLAY,---,10,1943,870,203,0,FULLCOMBO CLEAR,AAA,12,3072,1354,364,12,EX HARD CLEAR,AA,0,0,0,0,---,NO PLAY,---,2026-07-17 13:14
Sparkle Shower,TOKAKU=ALMiRAJ,ORIENTAL MIRAGE,MYUKKE.,2,0,0,0,0,---,NO PLAY,---,5,0,0,0,---,NO PLAY,---,9,0,0,0,---,NO PLAY,---,11,2645,1197,251,6,EX HARD CLEAR,AAA,0,0,0,0,---,NO PLAY,---,2026-02-02 15:17
Sparkle Shower,UNDO THE NIGHT,EUROBEAT,葛城ユイ feat. Command (Eurobeat Union),10,0,0,0,0,---,NO PLAY,---,5,0,0,0,---,NO PLAY,---,9,0,0,0,---,NO PLAY,---,12,3028,1314,400,19,EX HARD CLEAR,AA,0,0,0,0,---,NO PLAY,---,2026-03-09 16:24
Sparkle Shower,Vitamin,SPEED HOUSE,BlackY,1,0,0,0,0,---,NO PLAY,---,6,0,0,0,---,NO PLAY,---,9,0,0,0,---,NO PLAY,---,11,2449,1119,211,1,FULLCOMBO CLEAR,AAA,0,0,0,0,---,NO PLAY,---,2025-09-20 14:59
Sparkle Shower,voice of echo.,HYPERTRANCE,crayvxn,8,0,0,0,0,---,NO PLAY,---,5,0,0,0,---,NO PLAY,---,9,0,0,0,---,NO PLAY,---,11,2568,1192,184,0,FULLCOMBO CLEAR,AAA,0,0,0,0,---,NO PLAY,---,2026-07-26 14:19
Sparkle Shower,Watermelon Explosion,EXPLO POP,YUC'e,1,0,0,0,0,---,NO PLAY,---,4,0,0,0,---,NO PLAY,---,8,0,0,0,---,NO PLAY,---,10,1905,889,127,0,FULLCOMBO CLEAR,AAA,0,0,0,0,---,NO PLAY,---,2026-01-19 12:50
Sparkle Shower,Wizards!,JAPANESE ALTERNATIVE ROCK,暁Records,2,0,0,0,0,---,NO PLAY,---,4,0,0,0,---,NO PLAY,---,8,0,0,0,---,NO PLAY,---,10,2187,1043,101,0,FULLCOMBO CLEAR,AAA,0,0,0,0,---,NO PLAY,---,2026-07-08 20:21
Sparkle Shower,X-Plan,DIGITAL ROCK,Tom-H@ck feat.Nadia,4,0,0,0,0,---,NO PLAY,---,4,0,0,0,---,NO PLAY,---,7,0,0,0,---,NO PLAY,---,10,2102,994,114,0,FULLCOMBO CLEAR,AAA,0,0,0,0,---,NO PLAY,---,2026-07-08 20:18
Sparkle Shower,Τeλοs,幻想音樂,BEMANI Sound Team "HuΣeR" feat.ゆきまめ,2,0,0,0,0,---,NO PLAY,---,5,0,0,0,---,NO PLAY,---,9,0,0,0,---,NO PLAY,---,11,2501,1169,163,1,FULLCOMBO CLEAR,AAA,0,0,0,0,---,NO PLAY,---,2026-04-17 14:13
Sparkle Shower,ιgniЯRuina,PSALMS OF ASHES,xi feat. Risa Yuzuki,14,0,0,0,0,---,NO PLAY,---,6,0,0,0,---,NO PLAY,---,10,2079,979,121,2,FULLCOMBO CLEAR,AAA,12,3152,1403,346,21,EX HARD CLEAR,AA,0,0,0,0,---,NO PLAY,---,2026-07-12 11:57
Sparkle Shower,⁽⁽ଘ( ˙꒳˙ )ଓ⁾⁾ beyond reason,ROMANTIC SCHOOL VARIATIONS,Ice vs BEMANI Sound Team "dj TAKA",16,0,0,0,0,---,NO PLAY,---,6,0,0,0,---,NO PLAY,---,10,1987,902,183,1,FULLCOMBO CLEAR,AAA,12,3319,1444,431,24,EX HARD CLEAR,AA,0,0,0,0,---,NO PLAY,---,2026-07-12 11:54
Sparkle Shower,かわいいだけじゃだめですか？,IIDX EDITION,Remixed by BEMANI Sound Team "L.E.D.-G" feat. 佐伯伊織,2,1,0,0,0,---,NO PLAY,---,5,0,0,0,---,NO PLAY,---,8,0,0,0,---,NO PLAY,---,10,2023,957,109,2,FULLCOMBO CLEAR,AAA,12,3179,1443,293,6,EX HARD CLEAR,AAA,2026-07-16 20:08
Sparkle Shower,じぇりー じゅえる ジャングル,PARADISE POP,SOUND HOLIC feat. Nana Takahashi,1,0,0,0,0,---,NO PLAY,---,6,0,0,0,---,NO PLAY,---,9,0,0,0,---,NO PLAY,---,11,3070,1424,222,4,FULLCOMBO CLEAR,AAA,0,0,0,0,---,NO PLAY,---,2026-08-08 13:47
Sparkle Shower,それが、ボクの使命～レスキュー隊長 メンキュー～,EMERGENCY CORE,TORIENA,1,0,0,0,0,---,NO PLAY,---,4,0,0,0,---,NO PLAY,---,8,0,0,0,---,NO PLAY,---,10,2063,979,105,0,FULLCOMBO CLEAR,AAA,0,0,0,0,---,NO PLAY,---,2025-10-04 12:59
Sparkle Shower,でんぱ どりる わんにゃー☆三,HEISEI POP,キノシタ feat. 重音テト,7,1,0,0,0,---,NO PLAY,---,5,0,0,0,---,NO PLAY,---,9,0,0,0,---,NO PLAY,---,11,3199,1525,149,2,FULLCOMBO CLEAR,AAA,0,0,0,0,---,NO PLAY,---,2026-08-01 15:48
Sparkle Shower,もんめためたもん,ALIEN IDOL CORE,OSTER project feat. ずんだもん ＆ 四国めたん,4,1,0,0,0,---,NO PLAY,---,4,0,0,0,---,NO PLAY,---,8,0,0,0,---,NO PLAY,---,10,2140,1017,106,1,FULLCOMBO CLEAR,AAA,0,0,0,0,---,NO PLAY,---,2026-02-05 14:50
Sparkle Shower,オーバーライド,IIDX EDITION,Remixed by Pizuya's Cell,6,2,0,0,0,---,NO PLAY,---,5,0,0,0,---,NO PLAY,---,9,0,0,0,---,NO PLAY,---,11,3089,1497,95,0,FULLCOMBO CLEAR,AAA,0,0,0,0,---,NO PLAY,---,2026-04-23 14:41
Sparkle Shower,キミとえがくキセキ,POP ROCK,BEMANI Sound Team "akYm" feat.maimie,2,0,0,0,0,---,NO PLAY,---,5,0,0,0,---,NO PLAY,---,7,0,0,0,---,NO PLAY,---,10,2196,1072,52,0,FULLCOMBO CLEAR,AAA,0,0,0,0,---,NO PLAY,---,2026-07-03 21:49
Sparkle Shower,クレッシェンド,CLASSICAL,Virtuoso,10,0,0,0,0,---,NO PLAY,---,7,0,0,0,---,NO PLAY,---,9,0,0,0,---,NO PLAY,---,12,3025,1362,301,14,EX HARD CLEAR,AA,0,0,0,0,---,NO PLAY,---,2026-04-17 14:19
Sparkle Shower,サタデーナイト☆ギャロップ,OVERTURE,俺たち度胸兄弟,7,0,0,0,0,---,NO PLAY,---,7,0,0,0,---,NO PLAY,---,10,1841,815,211,0,FULLCOMBO CLEAR,AA,12,3436,1462,512,38,HARD CLEAR,AA,0,0,0,0,---,NO PLAY,---,2026-08-08 14:35
Sparkle Shower,タンポポ,ROCK,豚乙女,4,0,0,0,0,---,NO PLAY,---,6,0,0,0,---,NO PLAY,---,9,0,0,0,---,NO PLAY,---,11,2569,1234,101,2,FULLCOMBO CLEAR,AAA,0,0,0,0,---,NO PLAY,---,2026-03-03 13:06
Sparkle Shower,デラむぅのでらっくす☆どり～むぅ,だんすむぅ～じっく,デラむぅと BEMANI Sound Team "TATSUYA"お兄さん,1,0,0,0,0,---,NO PLAY,---,4,0,0,0,---,NO PLAY,---,7,0,0,0,---,NO PLAY,---,10,1852,861,130,2,FULLCOMBO CLEAR,AAA,0,0,0,0,---,NO PLAY,---,2025-10-04 13:04
Sparkle Shower,バブリン,J-POP,HIMEHINA,3,1,0,0,0,---,NO PLAY,---,4,0,0,0,---,NO PLAY,---,7,0,0,0,---,NO PLAY,---,10,2359,1140,79,0,FULLCOMBO CLEAR,AAA,0,0,0,0,---,NO PLAY,---,2026-01-01 14:57
Sparkle Shower,ビビッド ☆+*。キラキライム,ハピコア,Machico,6,3,0,0,0,---,NO PLAY,---,6,0,0,0,---,NO PLAY,---,9,2044,986,72,0,FULLCOMBO CLEAR,AAA,12,3403,1550,303,9,EX HARD CLEAR,AAA,0,0,0,0,---,NO PLAY,---,2026-03-26 15:01
Sparkle Shower,ベラ・ベ・カラベラ,TERRORCORE/RAP,Fra Prod. by RoughSketch,5,0,0,0,0,---,NO PLAY,---,6,0,0,0,---,NO PLAY,---,9,0,0,0,---,NO PLAY,---,11,2491,1084,323,12,EX HARD CLEAR,AA,0,0,0,0,---,NO PLAY,---,2026-06-18 21:22
Sparkle Shower,ベンガル vs. アムール Battle,BOLLYWOOD CORE,OSTER project,4,0,0,0,0,---,NO PLAY,---,6,0,0,0,---,NO PLAY,---,10,2001,944,113,1,FULLCOMBO CLEAR,AAA,12,3361,1534,293,8,EX HARD CLEAR,AAA,0,0,0,0,---,NO PLAY,---,2026-04-23 13:30
Sparkle Shower,メテオラ-meteor-,DANCE POP,森羅万象,1,0,0,0,0,---,NO PLAY,---,5,0,0,0,---,NO PLAY,---,9,0,0,0,---,NO PLAY,---,11,2307,1076,155,0,FULLCOMBO CLEAR,AAA,0,0,0,0,---,NO PLAY,---,2026-05-28 13:02
Sparkle Shower,メルト CPK! Remix (初音ミク ver.),アニメ／ボーカロイド／J-POP,ryo (supercell),6,2,0,0,0,---,NO PLAY,---,4,0,0,0,---,NO PLAY,---,8,0,0,0,---,NO PLAY,---,11,2706,1276,154,0,FULLCOMBO CLEAR,AAA,0,0,0,0,---,NO PLAY,---,2026-07-08 21:00
Sparkle Shower,ラブコメトキドキシリアス,Hi-ROM COM,cosMo＠暴走P & L.E.D.-G,24,0,0,0,0,---,NO PLAY,---,7,0,0,0,---,NO PLAY,---,10,1979,948,83,1,FULLCOMBO CLEAR,AAA,12,3352,1527,298,7,EX HARD CLEAR,AA,0,0,0,0,---,NO PLAY,---,2026-06-02 14:19
Sparkle Shower,レシピのリドル,ガールズティーパーティー,音戯探偵ひなビタ,2,0,0,0,0,---,NO PLAY,---,3,0,0,0,---,NO PLAY,---,7,0,0,0,---,NO PLAY,---,10,2164,997,170,0,FULLCOMBO CLEAR,AAA,0,0,0,0,---,NO PLAY,---,2026-07-26 14:16
Sparkle Shower,三日天下モンキー,太閤ヒップホップ,秀よし君,1,0,0,0,0,---,NO PLAY,---,4,0,0,0,---,NO PLAY,---,8,0,0,0,---,NO PLAY,---,11,1586,685,216,11,EX HARD CLEAR,AA,0,0,0,0,---,NO PLAY,---,2026-06-20 14:10
Sparkle Shower,不死身ごっこ,ボカロ,ピノキオピー,2,1,0,0,0,---,NO PLAY,---,5,0,0,0,---,NO PLAY,---,7,0,0,0,---,NO PLAY,---,10,2374,1093,188,1,FULLCOMBO CLEAR,AAA,0,0,0,0,---,NO PLAY,---,2026-07-25 17:36
Sparkle Shower,夏色のセレナーデ,OMOIDE CORE,BEMANI Sound Team "KE!JU",2,0,0,0,0,---,NO PLAY,---,5,0,0,0,---,NO PLAY,---,8,0,0,0,---,NO PLAY,---,10,2167,1044,79,0,FULLCOMBO CLEAR,AAA,0,0,0,0,---,NO PLAY,---,2025-10-04 13:13
Sparkle Shower,好吃来世deエレクトリック,ALTERNATIVE,中山真斗 feat. CHAN,4,0,0,0,0,---,NO PLAY,---,4,0,0,0,---,NO PLAY,---,7,0,0,0,---,NO PLAY,---,10,1788,834,120,0,FULLCOMBO CLEAR,AAA,0,0,0,0,---,NO PLAY,---,2025-11-23 14:21
Sparkle Shower,恋愛観測,HAPPY LOVEGAZER,NU-KO,3,0,0,0,0,---,NO PLAY,---,4,0,0,0,---,NO PLAY,---,8,0,0,0,---,NO PLAY,---,10,2392,1146,100,0,FULLCOMBO CLEAR,AAA,0,0,0,0,---,NO PLAY,---,2026-08-02 14:15
Sparkle Shower,断罪のミメシス,JUDGEMENT SYMPHONIC SPEEDCORE,KE!JU,11,0,0,0,0,---,NO PLAY,---,7,0,0,0,---,NO PLAY,---,10,2002,896,210,1,FULLCOMBO CLEAR,AAA,12,2910,1281,348,18,EX HARD CLEAR,AA,0,0,0,0,---,NO PLAY,---,2026-07-11 16:13
Sparkle Shower,月下繚乱,CYBER YAMATO,Julianne,2,0,0,0,0,---,NO PLAY,---,5,0,0,0,---,NO PLAY,---,9,0,0,0,---,NO PLAY,---,11,2613,1207,199,2,EX HARD CLEAR,AAA,0,0,0,0,---,NO PLAY,---,2026-07-11 12:38
Sparkle Shower,煉獄コンフィチュール,ROCK,Pizuya's Cell,3,0,0,0,0,---,NO PLAY,---,5,0,0,0,---,NO PLAY,---,9,0,0,0,---,NO PLAY,---,11,2484,1138,208,1,FULLCOMBO CLEAR,AAA,0,0,0,0,---,NO PLAY,---,2026-04-23 16:14
Sparkle Shower,百恋ラブラスター,KAWAII POP,irucaice feat. ななひら,2,0,0,0,0,---,NO PLAY,---,4,0,0,0,---,NO PLAY,---,8,0,0,0,---,NO PLAY,---,10,2500,1183,134,0,FULLCOMBO CLEAR,AAA,0,0,0,0,---,NO PLAY,---,2025-12-26 15:43
Sparkle Shower,色を喪った街,GREY DISTRICT,かめりあ feat. かめりあ,19,0,0,0,0,---,NO PLAY,---,5,0,0,0,---,NO PLAY,---,10,2275,1035,205,0,FULLCOMBO CLEAR,AAA,12,3247,1388,471,40,HARD CLEAR,AA,0,0,0,0,---,NO PLAY,---,2026-08-08 16:01
Sparkle Shower,華麗なる！音戯探偵ひなビタ,オトギタンテイ,音戯探偵ひなビタ,9,0,0,0,0,---,NO PLAY,---,4,0,0,0,---,NO PLAY,---,8,0,0,0,---,NO PLAY,---,11,2079,930,219,7,EX HARD CLEAR,AA,0,0,0,0,---,NO PLAY,---,2026-07-03 20:53
Sparkle Shower,鏡像都市,CYBER METROPOLIS,BEMANI Sound Team "劇団レコード" feat.T4K,1,0,0,0,0,---,NO PLAY,---,4,0,0,0,---,NO PLAY,---,7,0,0,0,---,NO PLAY,---,9,1878,899,80,0,FULLCOMBO CLEAR,AAA,0,0,0,0,---,NO PLAY,---,2025-09-27 13:08
Sparkle Shower,閃と雷管とロープ,PIANO ROCK,めと（Metomate）,2,0,0,0,0,---,NO PLAY,---,5,0,0,0,---,NO PLAY,---,8,0,0,0,---,NO PLAY,---,11,2422,1135,152,2,FULLCOMBO CLEAR,AAA,0,0,0,0,---,NO PLAY,---,2026-04-17 13:36
